"name","long_tender_text"
"W111-1.de","Nichttragende innere Trennwand DIN 4103-1 als Montagewand,
Einbaubereich 1.</br>Wandhöhe: … m
(max. zul. Wandhöhe: 3,20 m)</br>Wanddicke: 75 mm</br>Umlaufende Anschlüsse starr,
vorhandener Befestigungsuntergrund Stahlbeton/ Mauerwerk ... / Leichtbeton *,
Ausführung mit Unterkonstruktion aus verzinkten Stahlblechprofilen DIN 18182-1,
Metallständer CW 50, Achsabstand 625 mm, Boden und Deckenanschlüsse mit Randprofilen UW 50/40,
Befestigung mit bauaufsichtlich zugelassenen Befestigungsmitteln..</br>Beplankung beidseitig aus Gipsplatten GKB DIN 18180 bzw. Typ A EN 520: Knauf Bauplatte,
einlagig, Plattendicke 12,5 mm,
Verarbeitung gemäß DIN 18181.</br>Verspachtelung der Gipsplatten gemäß Merkblatt Nr. 2 des Bundesverbandes der Gipsindustrie e.V. Qualitätsstufe Q2 Standardverspachtelung,
Verarbeitung gemäß DIN 18181.</br>Ausführung gemäß Knauf Detailblatt W11.de.
System: Knauf Metallständerwand W111.de"
"W111-2.de","Nichttragende innere Trennwand DIN 4103-1 als Montagewand,
Einbaubereich 1.</br>Wandhöhe: … m
(max. zul. Wandhöhe: 3,20 m)</br>Wanddicke: 75 mm</br>Umlaufende Anschlüsse starr,
vorhandener Befestigungsuntergrund Stahlbeton/ Mauerwerk ... / Leichtbeton *,
Ausführung mit Unterkonstruktion aus verzinkten Stahlblechprofilen DIN 18182-1,
Metallständer CW 50, Achsabstand 625 mm, Boden und Deckenanschlüsse mit Randprofilen UW 50/40,
Befestigung mit bauaufsichtlich zugelassenen Befestigungsmitteln..</br>Beplankung beidseitig aus Gipsplatten GKBI DIN 18180 bzw. Typ H2 EN 520: Knauf Bauplatte imprägniert,
einlagig, Plattendicke 12,5 mm,
Verarbeitung gemäß DIN 18181.</br>Verspachtelung der Gipsplatten gemäß Merkblatt Nr. 2 des Bundesverbandes der Gipsindustrie e.V. Qualitätsstufe Q2 Standardverspachtelung,
Verarbeitung gemäß DIN 18181.</br>Ausführung gemäß Knauf Detailblatt W11.de.
System: Knauf Metallständerwand W111.de"
"W111-3.de","Nichttragende innere Trennwand DIN 4103-1 als Montagewand,
Einbaubereich 1.</br>Rechenwert des bewerteten Schalldämm-Maßes Rw,R = 42 dB.*</br>Bewertetes Schalldämm-Maß Rw = 44,2 dB</br>Wandhöhe: … m
(max. zul. Wandhöhe: 3,20 m)</br>Wanddicke: 75 mm</br>Umlaufende Anschlüsse starr,
vorhandener Befestigungsuntergrund Stahlbeton/ Mauerwerk ... / Leichtbeton *,
Ausführung mit Unterkonstruktion aus verzinkten Stahlblechprofilen DIN 18182-1,
Metallständer CW 50, Achsabstand 625 mm, Boden und Deckenanschlüsse mit Randprofilen UW 50/40,
Befestigung mit bauaufsichtlich zugelassenen Befestigungsmitteln..</br>Dämmschicht aus Mineralwolle nach DIN EN 13162, Dicke 40 mm,
Brandverhalten nach DIN EN 13501-1: A1,
Wärmeleitfähigkeit λ ≤ 0,040 W/(mK),*
längenbezogener Strömungswiderstand nach DIN EN 29053: r ≥ 5 kPa·s/m²,
einlagig, dicht stoßen, abrutschsicher verlegen,
Produkt: Knauf Insulation Trennwand-Dämmplatte TP 115
(Hergestellt mit Ecose® Technology, einem formaldehydfreien Bindemittel auf Basis vorwiegend natürlich-organischer Grundstoffe ohne Zusatz von künstlichen Farben oder Färbemitteln)
oder gleichwertig. *</br>Beplankung beidseitig aus Gipsplatten GKB DIN 18180 bzw. Typ A EN 520: Knauf Bauplatte,
einlagig, Plattendicke 12,5 mm,
Verarbeitung gemäß DIN 18181.</br>Verspachtelung der Gipsplatten gemäß Merkblatt Nr. 2 des Bundesverbandes der Gipsindustrie e.V. Qualitätsstufe Q2 Standardverspachtelung,
Verarbeitung gemäß DIN 18181.</br>Ausführung gemäß Knauf Detailblatt W11.de.
System: Knauf Metallständerwand W111.de"
"W111-4.de","Nichttragende innere Trennwand DIN 4103-1 als Montagewand,
Einbaubereich 1.</br>Rechenwert des bewerteten Schalldämm-Maßes Rw,R = 42 dB.*</br>Bewertetes Schalldämm-Maß Rw = 44,2 dB</br>Wandhöhe: … m
(max. zul. Wandhöhe: 3,20 m)</br>Wanddicke: 75 mm</br>Umlaufende Anschlüsse starr,
vorhandener Befestigungsuntergrund Stahlbeton/ Mauerwerk ... / Leichtbeton *,
Ausführung mit Unterkonstruktion aus verzinkten Stahlblechprofilen DIN 18182-1,
Metallständer CW 50, Achsabstand 625 mm, Boden und Deckenanschlüsse mit Randprofilen UW 50/40,
Befestigung mit bauaufsichtlich zugelassenen Befestigungsmitteln..</br>Dämmschicht aus Mineralwolle nach DIN EN 13162, Dicke 40 mm,
Brandverhalten nach DIN EN 13501-1: A1,
Wärmeleitfähigkeit λ ≤ 0,040 W/(mK),*
längenbezogener Strömungswiderstand nach DIN EN 29053: r ≥ 5 kPa·s/m²,
einlagig, dicht stoßen, abrutschsicher verlegen,
Produkt: Knauf Insulation Trennwand-Dämmplatte TP 115
(Hergestellt mit Ecose® Technology, einem formaldehydfreien Bindemittel auf Basis vorwiegend natürlich-organischer Grundstoffe ohne Zusatz von künstlichen Farben oder Färbemitteln)
oder gleichwertig. *</br>Beplankung beidseitig aus Gipsplatten GKBI DIN 18180 bzw. Typ H2 EN 520: Knauf Bauplatte imprägniert,
einlagig, Plattendicke 12,5 mm,
Verarbeitung gemäß DIN 18181.</br>Verspachtelung der Gipsplatten gemäß Merkblatt Nr. 2 des Bundesverbandes der Gipsindustrie e.V. Qualitätsstufe Q2 Standardverspachtelung,
Verarbeitung gemäß DIN 18181.</br>Ausführung gemäß Knauf Detailblatt W11.de.
System: Knauf Metallständerwand W111.de"
"W111-5.de","Nichttragende innere Trennwand DIN 4103-1 als Montagewand,</br>Wandhöhe: … m
(max. zul. Wandhöhe: 3,85 m)</br>Wanddicke: 75 mm</br>Umlaufende Anschlüsse starr,
vorhandener Befestigungsuntergrund Stahlbeton/ Mauerwerk ... / Leichtbeton *,
Ausführung mit Unterkonstruktion aus verzinkten Stahlblechprofilen DIN 18182-1,
Metallständer CW 50, Achsabstand 417 mm, Boden und Deckenanschlüsse mit Randprofilen UW 50/40.</br>Beplankung beidseitig aus Gipsplatten GKB DIN 18180 bzw. Typ A EN 520: Knauf Bauplatte,
einlagig, Plattendicke 12,5 mm,
Verarbeitung gemäß DIN 18181.</br>Verspachtelung der Gipsplatten gemäß Merkblatt Nr. 2 des Bundesverbandes der Gipsindustrie e.V. Qualitätsstufe Q2 Standardverspachtelung,
Verarbeitung gemäß DIN 18181.</br>Ausführung gemäß Knauf Detailblatt W11.de.
System: Knauf Metallständerwand W111.de"
"W111-6.de","Nichttragende innere Trennwand DIN 4103-1 als Montagewand,</br>Wandhöhe: … m
(max. zul. Wandhöhe: 3,85 m)</br>Wanddicke: 75 mm</br>Umlaufende Anschlüsse starr,
vorhandener Befestigungsuntergrund Stahlbeton/ Mauerwerk ... / Leichtbeton *,
Ausführung mit Unterkonstruktion aus verzinkten Stahlblechprofilen DIN 18182-1,
Metallständer CW 50, Achsabstand 417 mm, Boden und Deckenanschlüsse mit Randprofilen UW 50/40.</br>Beplankung beidseitig aus Gipsplatten GKBI DIN 18180 bzw. Typ H2 EN 520: Knauf Bauplatte imprägniert,
einlagig, Plattendicke 12,5 mm,
Verarbeitung gemäß DIN 18181.</br>Verspachtelung der Gipsplatten gemäß Merkblatt Nr. 2 des Bundesverbandes der Gipsindustrie e.V. Qualitätsstufe Q2 Standardverspachtelung,
Verarbeitung gemäß DIN 18181.</br>Ausführung gemäß Knauf Detailblatt W11.de.
System: Knauf Metallständerwand W111.de"
"W111-7.de","Nichttragende innere Trennwand DIN 4103-1 als Montagewand,</br>Wandhöhe: … m
(max. zul. Wandhöhe: 4,00 m)</br>Wanddicke: 75 mm</br>Umlaufende Anschlüsse starr,
vorhandener Befestigungsuntergrund Stahlbeton/ Mauerwerk ... / Leichtbeton *,
Ausführung mit Unterkonstruktion aus verzinkten Stahlblechprofilen DIN 18182-1,
Metallständer CW 50, Achsabstand 312,5 mm, Boden und Deckenanschlüsse mit Randprofilen UW 50/40.</br>Beplankung beidseitig aus Gipsplatten GKB DIN 18180 bzw. Typ A EN 520: Knauf Bauplatte,
einlagig, Plattendicke 12,5 mm,
Verarbeitung gemäß DIN 18181.</br>Verspachtelung der Gipsplatten gemäß Merkblatt Nr. 2 des Bundesverbandes der Gipsindustrie e.V. Qualitätsstufe Q2 Standardverspachtelung,
Verarbeitung gemäß DIN 18181.</br>Ausführung gemäß Knauf Detailblatt W11.de.
System: Knauf Metallständerwand W111.de"
"W111-8.de","Nichttragende innere Trennwand DIN 4103-1 als Montagewand,</br>Wandhöhe: … m
(max. zul. Wandhöhe: 4,00 m)</br>Wanddicke: 75 mm</br>Umlaufende Anschlüsse starr,
vorhandener Befestigungsuntergrund Stahlbeton/ Mauerwerk ... / Leichtbeton *,
Ausführung mit Unterkonstruktion aus verzinkten Stahlblechprofilen DIN 18182-1,
Metallständer CW 50, Achsabstand 312,5 mm, Boden und Deckenanschlüsse mit Randprofilen UW 50/40.</br>Beplankung beidseitig aus Gipsplatten GKBI DIN 18180 bzw. Typ H2 EN 520: Knauf Bauplatte imprägniert,
einlagig, Plattendicke 12,5 mm,
Verarbeitung gemäß DIN 18181.</br>Verspachtelung der Gipsplatten gemäß Merkblatt Nr. 2 des Bundesverbandes der Gipsindustrie e.V. Qualitätsstufe Q2 Standardverspachtelung,
Verarbeitung gemäß DIN 18181.</br>Ausführung gemäß Knauf Detailblatt W11.de.
System: Knauf Metallständerwand W111.de"
"W111-9.de","Nichttragende innere Trennwand DIN 4103-1 als Montagewand,</br>Wandhöhe: … m
(max. zul. Wandhöhe: 4,00 m)</br>Wanddicke: 100 mm</br>Umlaufende Anschlüsse starr,
vorhandener Befestigungsuntergrund Stahlbeton/ Mauerwerk ... / Leichtbeton *,
Ausführung mit Unterkonstruktion aus verzinkten Stahlblechprofilen DIN 18182-1,
Metallständer CW 75, Achsabstand 625 mm, Boden und Deckenanschlüsse mit Randprofilen UW 75/40,
Befestigung mit bauaufsichtlich zugelassenen Befestigungsmitteln.</br>Beplankung beidseitig aus Gipsplatten GKB DIN 18180 bzw. Typ A EN 520: Knauf Bauplatte,
einlagig, Plattendicke 12,5 mm,
Verarbeitung gemäß DIN 18181.</br>Verspachtelung der Gipsplatten gemäß Merkblatt Nr. 2 des Bundesverbandes der Gipsindustrie e.V. Qualitätsstufe Q2 Standardverspachtelung,
Verarbeitung gemäß DIN 18181.</br>Ausführung gemäß Knauf Detailblatt W11.de.
System: Knauf Metallständerwand W111.de"
"W111-10.de","Nichttragende innere Trennwand DIN 4103-1 als Montagewand,</br>Wandhöhe: … m
(max. zul. Wandhöhe: 4,00 m)</br>Wanddicke: 100 mm</br>Umlaufende Anschlüsse starr,
vorhandener Befestigungsuntergrund Stahlbeton/ Mauerwerk ... / Leichtbeton *,
Ausführung mit Unterkonstruktion aus verzinkten Stahlblechprofilen DIN 18182-1,
Metallständer CW 75, Achsabstand 625 mm, Boden und Deckenanschlüsse mit Randprofilen UW 75/40,
Befestigung mit bauaufsichtlich zugelassenen Befestigungsmitteln.</br>Beplankung beidseitig aus Gipsplatten GKBI DIN 18180 bzw. Typ H2 EN 520: Knauf Bauplatte imprägniert,
einlagig, Plattendicke 12,5 mm,
Verarbeitung gemäß DIN 18181.</br>Verspachtelung der Gipsplatten gemäß Merkblatt Nr. 2 des Bundesverbandes der Gipsindustrie e.V. Qualitätsstufe Q2 Standardverspachtelung,
Verarbeitung gemäß DIN 18181.</br>Ausführung gemäß Knauf Detailblatt W11.de.
System: Knauf Metallständerwand W111.de"
"W111-11.de","Nichttragende innere Trennwand DIN 4103-1 als Montagewand,</br>Rechenwert des bewerteten Schalldämm-Maßes Rw,R = 45 dB.</br>Bewertetes Schalldämm-Maß Rw = 47,6 dB</br>Wandhöhe: … m
(max. zul. Wandhöhe: 4,00 m)</br>Wanddicke: 100 mm</br>Umlaufende Anschlüsse starr,
vorhandener Befestigungsuntergrund Stahlbeton/ Mauerwerk ... / Leichtbeton *,
Ausführung mit Unterkonstruktion aus verzinkten Stahlblechprofilen DIN 18182-1,
Metallständer CW 75, Achsabstand 625 mm, Boden und Deckenanschlüsse mit Randprofilen UW 75/40,
Befestigung mit bauaufsichtlich zugelassenen Befestigungsmitteln.</br>Dämmschicht aus Mineralwolle nach DIN EN 13162, Dicke 60 mm,
Brandverhalten nach DIN EN 13501-1: A1,
Wärmeleitfähigkeit λ ≤ 0,040 W/(mK),*
längenbezogener Strömungswiderstand nach DIN EN 29053: r ≥ 5 kPa·s/m²,
einlagig, dicht stoßen, abrutschsicher verlegen,
Produkt: Knauf Insulation Trennwand-Dämmplatte TP 115
(Hergestellt mit Ecose® Technology, einem formaldehydfreien Bindemittel auf Basis vorwiegend natürlich-organischer Grundstoffe ohne Zusatz von künstlichen Farben oder Färbemitteln)
oder gleichwertig. *</br>Beplankung beidseitig aus Gipsplatten GKB DIN 18180 bzw. Typ A EN 520: Knauf Bauplatte,
einlagig, Plattendicke 12,5 mm,
Verarbeitung gemäß DIN 18181.</br>Verspachtelung der Gipsplatten gemäß Merkblatt Nr. 2 des Bundesverbandes der Gipsindustrie e.V. Qualitätsstufe Q2 Standardverspachtelung,
Verarbeitung gemäß DIN 18181.</br>Ausführung gemäß Knauf Detailblatt W11.de.
System: Knauf Metallständerwand W111.de"
"W111-12.de","Nichttragende innere Trennwand DIN 4103-1 als Montagewand,</br>Rechenwert des bewerteten Schalldämm-Maßes Rw,R = 45 dB.</br>Bewertetes Schalldämm-Maß Rw = 47,6 dB</br>Wandhöhe: … m
(max. zul. Wandhöhe: 4,00 m)</br>Wanddicke: 100 mm</br>Umlaufende Anschlüsse starr,
vorhandener Befestigungsuntergrund Stahlbeton/ Mauerwerk ... / Leichtbeton *,
Ausführung mit Unterkonstruktion aus verzinkten Stahlblechprofilen DIN 18182-1,
Metallständer CW 75, Achsabstand 625 mm, Boden und Deckenanschlüsse mit Randprofilen UW 75/40,
Befestigung mit bauaufsichtlich zugelassenen Befestigungsmitteln.</br>Dämmschicht aus Mineralwolle nach DIN EN 13162, Dicke 60 mm,
Brandverhalten nach DIN EN 13501-1: A1,
Wärmeleitfähigkeit λ ≤ 0,040 W/(mK),*
längenbezogener Strömungswiderstand nach DIN EN 29053: r ≥ 5 kPa·s/m²,
einlagig, dicht stoßen, abrutschsicher verlegen,
Produkt: Knauf Insulation Trennwand-Dämmplatte TP 115
(Hergestellt mit Ecose® Technology, einem formaldehydfreien Bindemittel auf Basis vorwiegend natürlich-organischer Grundstoffe ohne Zusatz von künstlichen Farben oder Färbemitteln)
oder gleichwertig. *</br>Beplankung beidseitig aus Gipsplatten GKBI DIN 18180 bzw. Typ H2 EN 520: Knauf Bauplatte imprägniert,
einlagig, Plattendicke 12,5 mm,
Verarbeitung gemäß DIN 18181.</br>Verspachtelung der Gipsplatten gemäß Merkblatt Nr. 2 des Bundesverbandes der Gipsindustrie e.V. Qualitätsstufe Q2 Standardverspachtelung,
Verarbeitung gemäß DIN 18181.</br>Ausführung gemäß Knauf Detailblatt W11.de.
System: Knauf Metallständerwand W111.de"
"W112-1.de","Nichttragende innere Trennwand DIN 4103-1 als Montagewand,</br>Brandschutztechnische Anforderungen an die Bekleidung,
Feuerwiderstandsklasse 30 Minuten nach DIN 4102-2.</br>Wandhöhe: … m
(max. zul. Wandhöhe: 4,00 m)</br>Wanddicke: 100 mm</br>Umlaufende Anschlüsse starr,
vorhandener Befestigungsuntergrund Stahlbeton/ Mauerwerk ... / Leichtbeton *,
Ausführung mit Unterkonstruktion aus verzinkten Stahlblechprofilen DIN 18182-1,
Metallständer CW 50, Achsabstand 625 mm, Boden und Deckenanschlüsse mit Randprofilen UW 50/40,
Befestigung mit bauaufsichtlich zugelassenen Befestigungsmitteln..</br>Beplankung beidseitig aus Gipsplatten GKB DIN 18180 bzw. Typ A EN 520: Knauf Bauplatten,
zweilagig, Plattendicke 2x 12,5 mm,
Verarbeitung gemäß DIN 18181.</br>Verspachtelung der Gipsplatten gemäß Merkblatt Nr. 2 des Bundesverbandes der Gipsindustrie e.V. Qualitätsstufe Q2 Standardverspachtelung,
Verarbeitung gemäß DIN 18181.</br>Ausführung gemäß Knauf Detailblatt W11.de.
System: Knauf Metallständerwand W112.de"
"W112-2.de","Nichttragende innere Trennwand DIN 4103-1 als Montagewand,</br>Brandschutztechnische Anforderungen an die Bekleidung,
Feuerwiderstandsklasse 30 Minuten nach DIN 4102-2.</br>Wandhöhe: … m
(max. zul. Wandhöhe: 4,00 m)</br>Wanddicke: 100 mm</br>Umlaufende Anschlüsse starr,
vorhandener Befestigungsuntergrund Stahlbeton/ Mauerwerk ... / Leichtbeton *,
Ausführung mit Unterkonstruktion aus verzinkten Stahlblechprofilen DIN 18182-1,
Metallständer CW 50, Achsabstand 625 mm, Boden und Deckenanschlüsse mit Randprofilen UW 50/40,
Befestigung mit bauaufsichtlich zugelassenen Befestigungsmitteln..</br>Beplankung beidseitig aus Gipsplatten GKBI DIN 18180 bzw. Typ H2 EN 520: Knauf Bauplatten imprägniert,
zweilagig, Plattendicke 2x 12,5 mm,
Verarbeitung gemäß DIN 18181.</br>Verspachtelung der Gipsplatten gemäß Merkblatt Nr. 2 des Bundesverbandes der Gipsindustrie e.V. Qualitätsstufe Q2 Standardverspachtelung,
Verarbeitung gemäß DIN 18181.</br>Ausführung gemäß Knauf Detailblatt W11.de.
System: Knauf Metallständerwand W112.de"
"W112-3.de","Nichttragende innere Trennwand DIN 4103-1 als Montagewand,</br>Brandschutztechnische Anforderungen an die Bekleidung,
Feuerwiderstandsklasse 30 Minuten nach DIN 4102-2.</br>Rechenwert des bewerteten Schalldämm-Maßes Rw,R = 52 dB.</br>Bewertetes Schalldämm-Maß Rw = 54,1 dB</br>Wandhöhe: … m
(max. zul. Wandhöhe: 4,00 m)</br>Wanddicke: 100 mm</br>Umlaufende Anschlüsse starr,
vorhandener Befestigungsuntergrund Stahlbeton/ Mauerwerk ... / Leichtbeton *,
Ausführung mit Unterkonstruktion aus verzinkten Stahlblechprofilen DIN 18182-1,
Metallständer CW 50, Achsabstand 625 mm, Boden und Deckenanschlüsse mit Randprofilen UW 50/40,
Befestigung mit bauaufsichtlich zugelassenen Befestigungsmitteln..</br>Dämmschicht aus Mineralwolle nach DIN EN 13162, Dicke 40 mm,
Brandverhalten nach DIN EN 13501-1: A1,
Wärmeleitfähigkeit λ ≤ 0,040 W/(mK),*
längenbezogener Strömungswiderstand nach DIN EN 29053: r ≥ 5 kPa·s/m²,
einlagig, dicht stoßen, abrutschsicher verlegen,
Produkt: Knauf Insulation Trennwand-Dämmplatte TP 115
(Hergestellt mit Ecose® Technology, einem formaldehydfreien Bindemittel auf Basis vorwiegend natürlich-organischer Grundstoffe ohne Zusatz von künstlichen Farben oder Färbemitteln)
oder gleichwertig. *</br>Beplankung beidseitig aus Gipsplatten GKB DIN 18180 bzw. Typ A EN 520: Knauf Bauplatten,
zweilagig, Plattendicke 2x 12,5 mm,
Verarbeitung gemäß DIN 18181.</br>Verspachtelung der Gipsplatten gemäß Merkblatt Nr. 2 des Bundesverbandes der Gipsindustrie e.V. Qualitätsstufe Q2 Standardverspachtelung,
Verarbeitung gemäß DIN 18181.</br>Ausführung gemäß Knauf Detailblatt W11.de.
System: Knauf Metallständerwand W112.de</br>Diese Ausführung ist eine Erweiterung zum Verwendbarkeitsnachweis Brandschutz.
Vorherige Abstimmung gem. Knauf Brandschutzordner, Abschnitt Nutzungshinweise empfohlen."
"W112-4.de","Nichttragende innere Trennwand DIN 4103-1 als Montagewand,</br>Brandschutztechnische Anforderungen an die Bekleidung,
Feuerwiderstandsklasse 30 Minuten nach DIN 4102-2.</br>Rechenwert des bewerteten Schalldämm-Maßes Rw,R = 52 dB.</br>Bewertetes Schalldämm-Maß Rw = 54,1 dB</br>Wandhöhe: … m
(max. zul. Wandhöhe: 4,00 m)</br>Wanddicke: 100 mm</br>Umlaufende Anschlüsse starr,
vorhandener Befestigungsuntergrund Stahlbeton/ Mauerwerk ... / Leichtbeton *,
Ausführung mit Unterkonstruktion aus verzinkten Stahlblechprofilen DIN 18182-1,
Metallständer CW 50, Achsabstand 625 mm, Boden und Deckenanschlüsse mit Randprofilen UW 50/40,
Befestigung mit bauaufsichtlich zugelassenen Befestigungsmitteln..</br>Dämmschicht aus Mineralwolle nach DIN EN 13162, Dicke 40 mm,
Brandverhalten nach DIN EN 13501-1: A1,
Wärmeleitfähigkeit λ ≤ 0,040 W/(mK),*
längenbezogener Strömungswiderstand nach DIN EN 29053: r ≥ 5 kPa·s/m²,
einlagig, dicht stoßen, abrutschsicher verlegen,
Produkt: Knauf Insulation Trennwand-Dämmplatte TP 115
(Hergestellt mit Ecose® Technology, einem formaldehydfreien Bindemittel auf Basis vorwiegend natürlich-organischer Grundstoffe ohne Zusatz von künstlichen Farben oder Färbemitteln)
oder gleichwertig. *</br>Beplankung beidseitig aus Gipsplatten GKBI DIN 18180 bzw. Typ H2 EN 520: Knauf Bauplatten imprägniert,
zweilagig, Plattendicke 2x 12,5 mm,
Verarbeitung gemäß DIN 18181.</br>Verspachtelung der Gipsplatten gemäß Merkblatt Nr. 2 des Bundesverbandes der Gipsindustrie e.V. Qualitätsstufe Q2 Standardverspachtelung,
Verarbeitung gemäß DIN 18181.</br>Ausführung gemäß Knauf Detailblatt W11.de.
System: Knauf Metallständerwand W112.de</br>Diese Ausführung ist eine Erweiterung zum Verwendbarkeitsnachweis Brandschutz.
Vorherige Abstimmung gem. Knauf Brandschutzordner, Abschnitt Nutzungshinweise empfohlen."
"W112-5.de","Nichttragende innere Trennwand DIN 4103-1 als Montagewand,</br>Brandschutztechnische Anforderungen an die Bekleidung,
Feuerwiderstandsklasse 30 Minuten nach DIN 4102-2.</br>Wandhöhe: … m
(max. zul. Wandhöhe: 4,00 m)</br>Wanddicke: 100 mm</br>Umlaufende Anschlüsse starr,
vorhandener Befestigungsuntergrund Stahlbeton/ Mauerwerk ... / Leichtbeton *,
Ausführung mit Unterkonstruktion aus verzinkten Stahlblechprofilen DIN 18182-1,
Metallständer CW 50, Achsabstand 417 mm, Boden und Deckenanschlüsse mit Randprofilen UW 50/40.</br>Beplankung beidseitig aus Gipsplatten GKB DIN 18180 bzw. Typ A EN 520: Knauf Bauplatten,
zweilagig, Plattendicke 2x 12,5 mm,
Verarbeitung gemäß DIN 18181.</br>Verspachtelung der Gipsplatten gemäß Merkblatt Nr. 2 des Bundesverbandes der Gipsindustrie e.V. Qualitätsstufe Q2 Standardverspachtelung,
Verarbeitung gemäß DIN 18181.</br>Ausführung gemäß Knauf Detailblatt W11.de.
System: Knauf Metallständerwand W112.de"
"W112-6.de","Nichttragende innere Trennwand DIN 4103-1 als Montagewand,</br>Brandschutztechnische Anforderungen an die Bekleidung,
Feuerwiderstandsklasse 30 Minuten nach DIN 4102-2.</br>Wandhöhe: … m
(max. zul. Wandhöhe: 4,00 m)</br>Wanddicke: 100 mm</br>Umlaufende Anschlüsse starr,
vorhandener Befestigungsuntergrund Stahlbeton/ Mauerwerk ... / Leichtbeton *,
Ausführung mit Unterkonstruktion aus verzinkten Stahlblechprofilen DIN 18182-1,
Metallständer CW 50, Achsabstand 417 mm, Boden und Deckenanschlüsse mit Randprofilen UW 50/40.</br>Beplankung beidseitig aus Gipsplatten GKBI DIN 18180 bzw. Typ H2 EN 520: Knauf Bauplatten imprägniert,
zweilagig, Plattendicke 2x 12,5 mm,
Verarbeitung gemäß DIN 18181.</br>Verspachtelung der Gipsplatten gemäß Merkblatt Nr. 2 des Bundesverbandes der Gipsindustrie e.V. Qualitätsstufe Q2 Standardverspachtelung,
Verarbeitung gemäß DIN 18181.</br>Ausführung gemäß Knauf Detailblatt W11.de.
System: Knauf Metallständerwand W112.de"
"W112-7.de","Nichttragende innere Trennwand DIN 4103-1 als Montagewand,</br>Brandschutztechnische Anforderungen an die Bekleidung,
Feuerwiderstandsklasse 30 Minuten nach DIN 4102-2.</br>Wandhöhe: … m
(max. zul. Wandhöhe: 4,35 m)</br>Wanddicke: 100 mm</br>Umlaufende Anschlüsse starr,
vorhandener Befestigungsuntergrund Stahlbeton/ Mauerwerk ... / Leichtbeton *,
Ausführung mit Unterkonstruktion aus verzinkten Stahlblechprofilen DIN 18182-1,
Metallständer CW 50, Achsabstand 312,5 mm, Boden und Deckenanschlüsse mit Randprofilen UW 50/40.</br>Beplankung beidseitig aus Gipsplatten GKB DIN 18180 bzw. Typ A EN 520: Knauf Bauplatten,
zweilagig, Plattendicke 2x 12,5 mm,
Verarbeitung gemäß DIN 18181.</br>Verspachtelung der Gipsplatten gemäß Merkblatt Nr. 2 des Bundesverbandes der Gipsindustrie e.V. Qualitätsstufe Q2 Standardverspachtelung,
Verarbeitung gemäß DIN 18181.</br>Ausführung gemäß Knauf Detailblatt W11.de.
System: Knauf Metallständerwand W112.de"
"W112-8.de","Nichttragende innere Trennwand DIN 4103-1 als Montagewand,</br>Brandschutztechnische Anforderungen an die Bekleidung,
Feuerwiderstandsklasse 30 Minuten nach DIN 4102-2.</br>Wandhöhe: … m
(max. zul. Wandhöhe: 4,35 m)</br>Wanddicke: 100 mm</br>Umlaufende Anschlüsse starr,
vorhandener Befestigungsuntergrund Stahlbeton/ Mauerwerk ... / Leichtbeton *,
Ausführung mit Unterkonstruktion aus verzinkten Stahlblechprofilen DIN 18182-1,
Metallständer CW 50, Achsabstand 312,5 mm, Boden und Deckenanschlüsse mit Randprofilen UW 50/40.</br>Beplankung beidseitig aus Gipsplatten GKBI DIN 18180 bzw. Typ H2 EN 520: Knauf Bauplatten imprägniert,
zweilagig, Plattendicke 2x 12,5 mm,
Verarbeitung gemäß DIN 18181.</br>Verspachtelung der Gipsplatten gemäß Merkblatt Nr. 2 des Bundesverbandes der Gipsindustrie e.V. Qualitätsstufe Q2 Standardverspachtelung,
Verarbeitung gemäß DIN 18181.</br>Ausführung gemäß Knauf Detailblatt W11.de.
System: Knauf Metallständerwand W112.de"
"W112-9.de","Nichttragende innere Trennwand DIN 4103-1 als Montagewand,</br>Brandschutztechnische Anforderungen an die Bekleidung,
Feuerwiderstandsklasse 30 Minuten nach DIN 4102-2.</br>Wandhöhe: … m
(max. zul. Wandhöhe: 5,00 m)</br>Wanddicke: 125 mm</br>Umlaufende Anschlüsse starr,
vorhandener Befestigungsuntergrund Stahlbeton/ Mauerwerk ... / Leichtbeton *,
Ausführung mit Unterkonstruktion aus verzinkten Stahlblechprofilen DIN 18182-1,
Metallständer CW 75, Achsabstand 625 mm, Boden und Deckenanschlüsse mit Randprofilen UW 75/40,
Befestigung mit bauaufsichtlich zugelassenen Befestigungsmitteln.</br>Beplankung beidseitig aus Gipsplatten GKB DIN 18180 bzw. Typ A EN 520: Knauf Bauplatten,
zweilagig, Plattendicke 2x 12,5 mm,
Verarbeitung gemäß DIN 18181.</br>Verspachtelung der Gipsplatten gemäß Merkblatt Nr. 2 des Bundesverbandes der Gipsindustrie e.V. Qualitätsstufe Q2 Standardverspachtelung,
Verarbeitung gemäß DIN 18181.</br>Ausführung gemäß Knauf Detailblatt W11.de.
System: Knauf Metallständerwand W112.de"
"W112-10.de","Nichttragende innere Trennwand DIN 4103-1 als Montagewand,</br>Brandschutztechnische Anforderungen an die Bekleidung,
Feuerwiderstandsklasse 30 Minuten nach DIN 4102-2.</br>Wandhöhe: … m
(max. zul. Wandhöhe: 5,00 m)</br>Wanddicke: 125 mm</br>Umlaufende Anschlüsse starr,
vorhandener Befestigungsuntergrund Stahlbeton/ Mauerwerk ... / Leichtbeton *,
Ausführung mit Unterkonstruktion aus verzinkten Stahlblechprofilen DIN 18182-1,
Metallständer CW 75, Achsabstand 625 mm, Boden und Deckenanschlüsse mit Randprofilen UW 75/40,
Befestigung mit bauaufsichtlich zugelassenen Befestigungsmitteln.</br>Beplankung beidseitig aus Gipsplatten GKBI DIN 18180 bzw. Typ H2 EN 520: Knauf Bauplatten imprägniert,
zweilagig, Plattendicke 2x 12,5 mm,
Verarbeitung gemäß DIN 18181.</br>Verspachtelung der Gipsplatten gemäß Merkblatt Nr. 2 des Bundesverbandes der Gipsindustrie e.V. Qualitätsstufe Q2 Standardverspachtelung,
Verarbeitung gemäß DIN 18181.</br>Ausführung gemäß Knauf Detailblatt W11.de.
System: Knauf Metallständerwand W112.de"
"W112-11.de","Nichttragende innere Trennwand DIN 4103-1 als Montagewand,</br>Brandschutztechnische Anforderungen an die Bekleidung,
Feuerwiderstandsklasse 30 Minuten nach DIN 4102-2.</br>Rechenwert des bewerteten Schalldämm-Maßes Rw,R = 53 dB.</br>Bewertetes Schalldämm-Maß Rw = 55,9 dB</br>Wandhöhe: … m
(max. zul. Wandhöhe: 5,00 m)</br>Wanddicke: 125 mm</br>Umlaufende Anschlüsse starr,
vorhandener Befestigungsuntergrund Stahlbeton/ Mauerwerk ... / Leichtbeton *,
Ausführung mit Unterkonstruktion aus verzinkten Stahlblechprofilen DIN 18182-1,
Metallständer CW 75, Achsabstand 625 mm, Boden und Deckenanschlüsse mit Randprofilen UW 75/40,
Befestigung mit bauaufsichtlich zugelassenen Befestigungsmitteln.</br>Dämmschicht aus Mineralwolle nach DIN EN 13162, Dicke 60 mm,
Brandverhalten nach DIN EN 13501-1: A1,
Wärmeleitfähigkeit λ ≤ 0,040 W/(mK),*
längenbezogener Strömungswiderstand nach DIN EN 29053: r ≥ 5 kPa·s/m²,
einlagig, dicht stoßen, abrutschsicher verlegen,
Produkt: Knauf Insulation Trennwand-Dämmplatte TP 115
(Hergestellt mit Ecose® Technology, einem formaldehydfreien Bindemittel auf Basis vorwiegend natürlich-organischer Grundstoffe ohne Zusatz von künstlichen Farben oder Färbemitteln)
oder gleichwertig. *</br>Beplankung beidseitig aus Gipsplatten GKB DIN 18180 bzw. Typ A EN 520: Knauf Bauplatten,
zweilagig, Plattendicke 2x 12,5 mm,
Verarbeitung gemäß DIN 18181.</br>Verspachtelung der Gipsplatten gemäß Merkblatt Nr. 2 des Bundesverbandes der Gipsindustrie e.V. Qualitätsstufe Q2 Standardverspachtelung,
Verarbeitung gemäß DIN 18181.</br>Ausführung gemäß Knauf Detailblatt W11.de.
System: Knauf Metallständerwand W112.de</br>Diese Ausführung ist eine Erweiterung zum Verwendbarkeitsnachweis Brandschutz.
Vorherige Abstimmung gem. Knauf Brandschutzordner, Abschnitt Nutzungshinweise empfohlen."
"W112-12.de","Nichttragende innere Trennwand DIN 4103-1 als Montagewand,</br>Brandschutztechnische Anforderungen an die Bekleidung,
Feuerwiderstandsklasse 30 Minuten nach DIN 4102-2.</br>Rechenwert des bewerteten Schalldämm-Maßes Rw,R = 53 dB.</br>Bewertetes Schalldämm-Maß Rw = 55,9 dB</br>Wandhöhe: … m
(max. zul. Wandhöhe: 5,00 m)</br>Wanddicke: 125 mm</br>Umlaufende Anschlüsse starr,
vorhandener Befestigungsuntergrund Stahlbeton/ Mauerwerk ... / Leichtbeton *,
Ausführung mit Unterkonstruktion aus verzinkten Stahlblechprofilen DIN 18182-1,
Metallständer CW 75, Achsabstand 625 mm, Boden und Deckenanschlüsse mit Randprofilen UW 75/40,
Befestigung mit bauaufsichtlich zugelassenen Befestigungsmitteln.</br>Dämmschicht aus Mineralwolle nach DIN EN 13162, Dicke 60 mm,
Brandverhalten nach DIN EN 13501-1: A1,
Wärmeleitfähigkeit λ ≤ 0,040 W/(mK),*
längenbezogener Strömungswiderstand nach DIN EN 29053: r ≥ 5 kPa·s/m²,
einlagig, dicht stoßen, abrutschsicher verlegen,
Produkt: Knauf Insulation Trennwand-Dämmplatte TP 115
(Hergestellt mit Ecose® Technology, einem formaldehydfreien Bindemittel auf Basis vorwiegend natürlich-organischer Grundstoffe ohne Zusatz von künstlichen Farben oder Färbemitteln)
oder gleichwertig. *</br>Beplankung beidseitig aus Gipsplatten GKBI DIN 18180 bzw. Typ H2 EN 520: Knauf Bauplatten imprägniert,
zweilagig, Plattendicke 2x 12,5 mm,
Verarbeitung gemäß DIN 18181.</br>Verspachtelung der Gipsplatten gemäß Merkblatt Nr. 2 des Bundesverbandes der Gipsindustrie e.V. Qualitätsstufe Q2 Standardverspachtelung,
Verarbeitung gemäß DIN 18181.</br>Ausführung gemäß Knauf Detailblatt W11.de.
System: Knauf Metallständerwand W112.de</br>Diese Ausführung ist eine Erweiterung zum Verwendbarkeitsnachweis Brandschutz.
Vorherige Abstimmung gem. Knauf Brandschutzordner, Abschnitt Nutzungshinweise empfohlen."
"W112-13.de","Nichttragende innere Trennwand DIN 4103-1 als Montagewand,</br>Brandschutztechnische Anforderungen an die Bekleidung,
Feuerwiderstandsklasse 30 Minuten nach DIN 4102-2.</br>Wandhöhe: … m
(max. zul. Wandhöhe: 5,00 m)</br>Wanddicke: 125 mm</br>Umlaufende Anschlüsse starr,
vorhandener Befestigungsuntergrund Stahlbeton/ Mauerwerk ... / Leichtbeton *,
Ausführung mit Unterkonstruktion aus verzinkten Stahlblechprofilen DIN 18182-1,
Metallständer CW 75, Achsabstand 417 mm, Boden und Deckenanschlüsse mit Randprofilen UW 75/40.</br>Beplankung beidseitig aus Gipsplatten GKB DIN 18180 bzw. Typ A EN 520: Knauf Bauplatten,
zweilagig, Plattendicke 2x 12,5 mm,
Verarbeitung gemäß DIN 18181.</br>Verspachtelung der Gipsplatten gemäß Merkblatt Nr. 2 des Bundesverbandes der Gipsindustrie e.V. Qualitätsstufe Q2 Standardverspachtelung,
Verarbeitung gemäß DIN 18181.</br>Ausführung gemäß Knauf Detailblatt W11.de.
System: Knauf Metallständerwand W112.de"
"W112-14.de","Nichttragende innere Trennwand DIN 4103-1 als Montagewand,</br>Brandschutztechnische Anforderungen an die Bekleidung,
Feuerwiderstandsklasse 30 Minuten nach DIN 4102-2.</br>Wandhöhe: … m
(max. zul. Wandhöhe: 5,00 m)</br>Wanddicke: 125 mm</br>Umlaufende Anschlüsse starr,
vorhandener Befestigungsuntergrund Stahlbeton/ Mauerwerk ... / Leichtbeton *,
Ausführung mit Unterkonstruktion aus verzinkten Stahlblechprofilen DIN 18182-1,
Metallständer CW 75, Achsabstand 417 mm, Boden und Deckenanschlüsse mit Randprofilen UW 75/40.</br>Beplankung beidseitig aus Gipsplatten GKBI DIN 18180 bzw. Typ H2 EN 520: Knauf Bauplatten imprägniert,
zweilagig, Plattendicke 2x 12,5 mm,
Verarbeitung gemäß DIN 18181.</br>Verspachtelung der Gipsplatten gemäß Merkblatt Nr. 2 des Bundesverbandes der Gipsindustrie e.V. Qualitätsstufe Q2 Standardverspachtelung,
Verarbeitung gemäß DIN 18181.</br>Ausführung gemäß Knauf Detailblatt W11.de.
System: Knauf Metallständerwand W112.de"
"W112-15.de","Nichttragende innere Trennwand DIN 4103-1 als Montagewand,</br>Brandschutztechnische Anforderungen an die Bekleidung,
Feuerwiderstandsklasse 30 Minuten nach DIN 4102-2.</br>Wandhöhe: … m
(max. zul. Wandhöhe: 5,00 m)</br>Wanddicke: 125 mm</br>Umlaufende Anschlüsse starr,
vorhandener Befestigungsuntergrund Stahlbeton/ Mauerwerk ... / Leichtbeton *,
Ausführung mit Unterkonstruktion aus verzinkten Stahlblechprofilen DIN 18182-1,
Metallständer CW 75, Achsabstand 312,5 mm, Boden und Deckenanschlüsse mit Randprofilen UW 75/40.</br>Beplankung beidseitig aus Gipsplatten GKB DIN 18180 bzw. Typ A EN 520: Knauf Bauplatten,
zweilagig, Plattendicke 2x 12,5 mm,
Verarbeitung gemäß DIN 18181.</br>Verspachtelung der Gipsplatten gemäß Merkblatt Nr. 2 des Bundesverbandes der Gipsindustrie e.V. Qualitätsstufe Q2 Standardverspachtelung,
Verarbeitung gemäß DIN 18181.</br>Ausführung gemäß Knauf Detailblatt W11.de.
System: Knauf Metallständerwand W112.de"
"W112-16.de","Nichttragende innere Trennwand DIN 4103-1 als Montagewand,</br>Brandschutztechnische Anforderungen an die Bekleidung,
Feuerwiderstandsklasse 30 Minuten nach DIN 4102-2.</br>Wandhöhe: … m
(max. zul. Wandhöhe: 5,00 m)</br>Wanddicke: 125 mm</br>Umlaufende Anschlüsse starr,
vorhandener Befestigungsuntergrund Stahlbeton/ Mauerwerk ... / Leichtbeton *,
Ausführung mit Unterkonstruktion aus verzinkten Stahlblechprofilen DIN 18182-1,
Metallständer CW 75, Achsabstand 312,5 mm, Boden und Deckenanschlüsse mit Randprofilen UW 75/40.</br>Beplankung beidseitig aus Gipsplatten GKBI DIN 18180 bzw. Typ H2 EN 520: Knauf Bauplatten imprägniert,
zweilagig, Plattendicke 2x 12,5 mm,
Verarbeitung gemäß DIN 18181.</br>Verspachtelung der Gipsplatten gemäß Merkblatt Nr. 2 des Bundesverbandes der Gipsindustrie e.V. Qualitätsstufe Q2 Standardverspachtelung,
Verarbeitung gemäß DIN 18181.</br>Ausführung gemäß Knauf Detailblatt W11.de.
System: Knauf Metallständerwand W112.de"
"W112-17.de","Nichttragende innere Trennwand DIN 4103-1 als Montagewand,</br>Brandschutztechnische Anforderungen an die Bekleidung,
Feuerwiderstandsklasse 30 Minuten nach DIN 4102-2.</br>Wandhöhe: … m
(max. zul. Wandhöhe: 5,00 m)</br>Wanddicke: 150 mm</br>Umlaufende Anschlüsse starr,
vorhandener Befestigungsuntergrund Stahlbeton/ Mauerwerk ... / Leichtbeton *,
Ausführung mit Unterkonstruktion aus verzinkten Stahlblechprofilen DIN 18182-1,
Metallständer CW 100, Achsabstand 625 mm, Boden und Deckenanschlüsse mit Randprofilen UW 100/40,
Befestigung mit bauaufsichtlich zugelassenen Befestigungsmitteln.</br>Beplankung beidseitig aus Gipsplatten GKB DIN 18180 bzw. Typ A EN 520: Knauf Bauplatten,
zweilagig, Plattendicke 2x 12,5 mm,
Verarbeitung gemäß DIN 18181.</br>Verspachtelung der Gipsplatten gemäß Merkblatt Nr. 2 des Bundesverbandes der Gipsindustrie e.V. Qualitätsstufe Q2 Standardverspachtelung,
Verarbeitung gemäß DIN 18181.</br>Ausführung gemäß Knauf Detailblatt W11.de.
System: Knauf Metallständerwand W112.de"
"W112-18.de","Nichttragende innere Trennwand DIN 4103-1 als Montagewand,</br>Brandschutztechnische Anforderungen an die Bekleidung,
Feuerwiderstandsklasse 30 Minuten nach DIN 4102-2.</br>Wandhöhe: … m
(max. zul. Wandhöhe: 5,00 m)</br>Wanddicke: 150 mm</br>Umlaufende Anschlüsse starr,
vorhandener Befestigungsuntergrund Stahlbeton/ Mauerwerk ... / Leichtbeton *,
Ausführung mit Unterkonstruktion aus verzinkten Stahlblechprofilen DIN 18182-1,
Metallständer CW 100, Achsabstand 625 mm, Boden und Deckenanschlüsse mit Randprofilen UW 100/40,
Befestigung mit bauaufsichtlich zugelassenen Befestigungsmitteln.</br>Beplankung beidseitig aus Gipsplatten GKBI DIN 18180 bzw. Typ H2 EN 520: Knauf Bauplatten imprägniert,
zweilagig, Plattendicke 2x 12,5 mm,
Verarbeitung gemäß DIN 18181.</br>Verspachtelung der Gipsplatten gemäß Merkblatt Nr. 2 des Bundesverbandes der Gipsindustrie e.V. Qualitätsstufe Q2 Standardverspachtelung,
Verarbeitung gemäß DIN 18181.</br>Ausführung gemäß Knauf Detailblatt W11.de.
System: Knauf Metallständerwand W112.de"
"W112-19.de","Nichttragende innere Trennwand DIN 4103-1 als Montagewand,</br>Brandschutztechnische Anforderungen an die Bekleidung,
Feuerwiderstandsklasse 30 Minuten nach DIN 4102-2.</br>Rechenwert des bewerteten Schalldämm-Maßes Rw,R = 56 dB.</br>Bewertetes Schalldämm-Maß Rw = 58,4 dB</br>Wandhöhe: … m
(max. zul. Wandhöhe: 5,00 m)</br>Wanddicke: 150 mm</br>Umlaufende Anschlüsse starr,
vorhandener Befestigungsuntergrund Stahlbeton/ Mauerwerk ... / Leichtbeton *,
Ausführung mit Unterkonstruktion aus verzinkten Stahlblechprofilen DIN 18182-1,
Metallständer CW 100, Achsabstand 625 mm, Boden und Deckenanschlüsse mit Randprofilen UW 100/40,
Befestigung mit bauaufsichtlich zugelassenen Befestigungsmitteln.</br>Dämmschicht aus Mineralwolle nach DIN EN 13162, Dicke 80 mm,
Brandverhalten nach DIN EN 13501-1: A1,
Wärmeleitfähigkeit λ ≤ 0,040 W/(mK),*
längenbezogener Strömungswiderstand nach DIN EN 29053: r ≥ 5 kPa·s/m²,
einlagig, dicht stoßen, abrutschsicher verlegen,
Produkte: Knauf Insulation Trennwand-Dämmplatte TP 115
(Hergestellt mit Ecose® Technology, einem formaldehydfreien Bindemittel auf Basis vorwiegend natürlich-organischer Grundstoffe ohne Zusatz von künstlichen Farben oder Färbemitteln)
oder gleichwertig. *</br>Beplankung beidseitig aus Gipsplatten GKB DIN 18180 bzw. Typ A EN 520: Knauf Bauplatten,
zweilagig, Plattendicke 2x 12,5 mm,
Verarbeitung gemäß DIN 18181.</br>Verspachtelung der Gipsplatten gemäß Merkblatt Nr. 2 des Bundesverbandes der Gipsindustrie e.V. Qualitätsstufe Q2 Standardverspachtelung,
Verarbeitung gemäß DIN 18181.</br>Ausführung gemäß Knauf Detailblatt W11.de.
System: Knauf Metallständerwand W112.de</br>Diese Ausführung ist eine Erweiterung zum Verwendbarkeitsnachweis Brandschutz.
Vorherige Abstimmung gem. Knauf Brandschutzordner, Abschnitt Nutzungshinweise empfohlen."
"W112-20.de","Nichttragende innere Trennwand DIN 4103-1 als Montagewand,</br>Brandschutztechnische Anforderungen an die Bekleidung,
Feuerwiderstandsklasse 30 Minuten nach DIN 4102-2.</br>Rechenwert des bewerteten Schalldämm-Maßes Rw,R = 56 dB.</br>Bewertetes Schalldämm-Maß Rw = 58,4 dB</br>Wandhöhe: … m
(max. zul. Wandhöhe: 5,00 m)</br>Wanddicke: 150 mm</br>Umlaufende Anschlüsse starr,
vorhandener Befestigungsuntergrund Stahlbeton/ Mauerwerk ... / Leichtbeton *,
Ausführung mit Unterkonstruktion aus verzinkten Stahlblechprofilen DIN 18182-1,
Metallständer CW 100, Achsabstand 625 mm, Boden und Deckenanschlüsse mit Randprofilen UW 100/40,
Befestigung mit bauaufsichtlich zugelassenen Befestigungsmitteln.</br>Dämmschicht aus Mineralwolle nach DIN EN 13162, Dicke 80 mm,
Brandverhalten nach DIN EN 13501-1: A1,
Wärmeleitfähigkeit λ ≤ 0,040 W/(mK),*
längenbezogener Strömungswiderstand nach DIN EN 29053: r ≥ 5 kPa·s/m²,
einlagig, dicht stoßen, abrutschsicher verlegen,
Produkte: Knauf Insulation Trennwand-Dämmplatte TP 115
(Hergestellt mit Ecose® Technology, einem formaldehydfreien Bindemittel auf Basis vorwiegend natürlich-organischer Grundstoffe ohne Zusatz von künstlichen Farben oder Färbemitteln)
oder gleichwertig. *</br>Beplankung beidseitig aus Gipsplatten GKBI DIN 18180 bzw. Typ H2 EN 520: Knauf Bauplatten imprägniert,
zweilagig, Plattendicke 2x 12,5 mm,
Verarbeitung gemäß DIN 18181.</br>Verspachtelung der Gipsplatten gemäß Merkblatt Nr. 2 des Bundesverbandes der Gipsindustrie e.V. Qualitätsstufe Q2 Standardverspachtelung,
Verarbeitung gemäß DIN 18181.</br>Ausführung gemäß Knauf Detailblatt W11.de.
System: Knauf Metallständerwand W112.de</br>Diese Ausführung ist eine Erweiterung zum Verwendbarkeitsnachweis Brandschutz.
Vorherige Abstimmung gem. Knauf Brandschutzordner, Abschnitt Nutzungshinweise empfohlen."
"W112-21.de","Nichttragende innere Trennwand DIN 4103-1 als Montagewand,</br>Brandschutztechnische Anforderungen an die Bekleidung,
Feuerwiderstandsklasse 30 Minuten nach DIN 4102-2.</br>Wandhöhe: … m
(max. zul. Wandhöhe: 5,00 m)</br>Wanddicke: 150 mm</br>Umlaufende Anschlüsse starr,
vorhandener Befestigungsuntergrund Stahlbeton/ Mauerwerk ... / Leichtbeton *,
Ausführung mit Unterkonstruktion aus verzinkten Stahlblechprofilen DIN 18182-1,
Metallständer CW 100, Achsabstand 417 mm, Boden und Deckenanschlüsse mit Randprofilen UW 100/40.</br>Beplankung beidseitig aus Gipsplatten GKB DIN 18180 bzw. Typ A EN 520: Knauf Bauplatten,
zweilagig, Plattendicke 2x 12,5 mm,
Verarbeitung gemäß DIN 18181.</br>Verspachtelung der Gipsplatten gemäß Merkblatt Nr. 2 des Bundesverbandes der Gipsindustrie e.V. Qualitätsstufe Q2 Standardverspachtelung,
Verarbeitung gemäß DIN 18181.</br>Ausführung gemäß Knauf Detailblatt W11.de.
System: Knauf Metallständerwand W112.de"
"W112-22.de","Nichttragende innere Trennwand DIN 4103-1 als Montagewand,</br>Brandschutztechnische Anforderungen an die Bekleidung,
Feuerwiderstandsklasse 30 Minuten nach DIN 4102-2.</br>Wandhöhe: … m
(max. zul. Wandhöhe: 5,00 m)</br>Wanddicke: 150 mm</br>Umlaufende Anschlüsse starr,
vorhandener Befestigungsuntergrund Stahlbeton/ Mauerwerk ... / Leichtbeton *,
Ausführung mit Unterkonstruktion aus verzinkten Stahlblechprofilen DIN 18182-1,
Metallständer CW 100, Achsabstand 417 mm, Boden und Deckenanschlüsse mit Randprofilen UW 100/40.</br>Beplankung beidseitig aus Gipsplatten GKBI DIN 18180 bzw. Typ H2 EN 520: Knauf Bauplatten imprägniert,
zweilagig, Plattendicke 2x 12,5 mm,
Verarbeitung gemäß DIN 18181.</br>Verspachtelung der Gipsplatten gemäß Merkblatt Nr. 2 des Bundesverbandes der Gipsindustrie e.V. Qualitätsstufe Q2 Standardverspachtelung,
Verarbeitung gemäß DIN 18181.</br>Ausführung gemäß Knauf Detailblatt W11.de.
System: Knauf Metallständerwand W112.de"
"W112-23.de","Nichttragende innere Trennwand DIN 4103-1 als Montagewand,</br>Brandschutztechnische Anforderungen an die Bekleidung,
Feuerwiderstandsklasse 30 Minuten nach DIN 4102-2.</br>Wandhöhe: … m
(max. zul. Wandhöhe: 5,00 m)</br>Wanddicke: 150 mm</br>Umlaufende Anschlüsse starr,
vorhandener Befestigungsuntergrund Stahlbeton/ Mauerwerk ... / Leichtbeton *,
Ausführung mit Unterkonstruktion aus verzinkten Stahlblechprofilen DIN 18182-1,
Metallständer CW 100, Achsabstand 312,5 mm, Boden und Deckenanschlüsse mit Randprofilen UW 100/40.</br>Beplankung beidseitig aus Gipsplatten GKB DIN 18180 bzw. Typ A EN 520: Knauf Bauplatten,
zweilagig, Plattendicke 2x 12,5 mm,
Verarbeitung gemäß DIN 18181.</br>Verspachtelung der Gipsplatten gemäß Merkblatt Nr. 2 des Bundesverbandes der Gipsindustrie e.V. Qualitätsstufe Q2 Standardverspachtelung,
Verarbeitung gemäß DIN 18181.</br>Ausführung gemäß Knauf Detailblatt W11.de.
System: Knauf Metallständerwand W112.de"
"W112-24.de","Nichttragende innere Trennwand DIN 4103-1 als Montagewand,</br>Brandschutztechnische Anforderungen an die Bekleidung,
Feuerwiderstandsklasse 30 Minuten nach DIN 4102-2.</br>Wandhöhe: … m
(max. zul. Wandhöhe: 5,00 m)</br>Wanddicke: 150 mm</br>Umlaufende Anschlüsse starr,
vorhandener Befestigungsuntergrund Stahlbeton/ Mauerwerk ... / Leichtbeton *,
Ausführung mit Unterkonstruktion aus verzinkten Stahlblechprofilen DIN 18182-1,
Metallständer CW 100, Achsabstand 312,5 mm, Boden und Deckenanschlüsse mit Randprofilen UW 100/40.</br>Beplankung beidseitig aus Gipsplatten GKBI DIN 18180 bzw. Typ H2 EN 520: Knauf Bauplatten imprägniert,
zweilagig, Plattendicke 2x 12,5 mm,
Verarbeitung gemäß DIN 18181.</br>Verspachtelung der Gipsplatten gemäß Merkblatt Nr. 2 des Bundesverbandes der Gipsindustrie e.V. Qualitätsstufe Q2 Standardverspachtelung,
Verarbeitung gemäß DIN 18181.</br>Ausführung gemäß Knauf Detailblatt W11.de.
System: Knauf Metallständerwand W112.de"
"W112-25.de","Nichttragende innere Trennwand DIN 4103-1 als Montagewand,</br>Brandschutztechnische Anforderungen an die Bekleidung,
Feuerwiderstandsklasse 30 Minuten nach DIN 4102-2.</br>Wandhöhe: … m
(max. zul. Wandhöhe: 5,00 m)</br>Wanddicke: 175 mm</br>Umlaufende Anschlüsse starr,
vorhandener Befestigungsuntergrund Stahlbeton/ Mauerwerk ... / Leichtbeton *,
Ausführung mit Unterkonstruktion aus verzinkten Stahlblechprofilen DIN 18182-1,
Metallständer CW 125, Achsabstand 625 mm, Boden und Deckenanschlüsse mit Randprofilen UW 100/40,
Befestigung mit bauaufsichtlich zugelassenen Befestigungsmitteln.</br>Beplankung beidseitig aus Gipsplatten GKB DIN 18180 bzw. Typ A EN 520: Knauf Bauplatten,
zweilagig, Plattendicke 2x 12,5 mm,
Verarbeitung gemäß DIN 18181.</br>Verspachtelung der Gipsplatten gemäß Merkblatt Nr. 2 des Bundesverbandes der Gipsindustrie e.V. Qualitätsstufe Q2 Standardverspachtelung,
Verarbeitung gemäß DIN 18181.</br>Ausführung gemäß Knauf Detailblatt W11.de.
System: Knauf Metallständerwand W112.de"
"W112-26.de","Nichttragende innere Trennwand DIN 4103-1 als Montagewand,</br>Brandschutztechnische Anforderungen an die Bekleidung,
Feuerwiderstandsklasse 30 Minuten nach DIN 4102-2.</br>Wandhöhe: … m
(max. zul. Wandhöhe: 5,00 m)</br>Wanddicke: 175 mm</br>Umlaufende Anschlüsse starr,
vorhandener Befestigungsuntergrund Stahlbeton/ Mauerwerk ... / Leichtbeton *,
Ausführung mit Unterkonstruktion aus verzinkten Stahlblechprofilen DIN 18182-1,
Metallständer CW 125, Achsabstand 625 mm, Boden und Deckenanschlüsse mit Randprofilen UW 100/40,
Befestigung mit bauaufsichtlich zugelassenen Befestigungsmitteln.</br>Beplankung beidseitig aus Gipsplatten GKBI DIN 18180 bzw. Typ H2 EN 520: Knauf Bauplatten imprägniert,
zweilagig, Plattendicke 2x 12,5 mm,
Verarbeitung gemäß DIN 18181.</br>Verspachtelung der Gipsplatten gemäß Merkblatt Nr. 2 des Bundesverbandes der Gipsindustrie e.V. Qualitätsstufe Q2 Standardverspachtelung,
Verarbeitung gemäß DIN 18181.</br>Ausführung gemäß Knauf Detailblatt W11.de.
System: Knauf Metallständerwand W112.de"
"W112-27.de","Nichttragende innere Trennwand DIN 4103-1 als Montagewand,</br>Brandschutztechnische Anforderungen an die Bekleidung,
Feuerwiderstandsklasse 30 Minuten nach DIN 4102-2.</br>Wandhöhe: … m
(max. zul. Wandhöhe: 5,00 m)</br>Wanddicke: 175 mm</br>Umlaufende Anschlüsse starr,
vorhandener Befestigungsuntergrund Stahlbeton/ Mauerwerk ... / Leichtbeton *,
Ausführung mit Unterkonstruktion aus verzinkten Stahlblechprofilen DIN 18182-1,
Metallständer CW 125, Achsabstand 417 mm, Boden und Deckenanschlüsse mit Randprofilen UW 125/40.</br>Beplankung beidseitig aus Gipsplatten GKB DIN 18180 bzw. Typ A EN 520: Knauf Bauplatten,
zweilagig, Plattendicke 2x 12,5 mm,
Verarbeitung gemäß DIN 18181.</br>Verspachtelung der Gipsplatten gemäß Merkblatt Nr. 2 des Bundesverbandes der Gipsindustrie e.V. Qualitätsstufe Q2 Standardverspachtelung,
Verarbeitung gemäß DIN 18181.</br>Ausführung gemäß Knauf Detailblatt W11.de.
System: Knauf Metallständerwand W112.de"
"W112-28.de","Nichttragende innere Trennwand DIN 4103-1 als Montagewand,</br>Brandschutztechnische Anforderungen an die Bekleidung,
Feuerwiderstandsklasse 30 Minuten nach DIN 4102-2.</br>Wandhöhe: … m
(max. zul. Wandhöhe: 5,00 m)</br>Wanddicke: 175 mm</br>Umlaufende Anschlüsse starr,
vorhandener Befestigungsuntergrund Stahlbeton/ Mauerwerk ... / Leichtbeton *,
Ausführung mit Unterkonstruktion aus verzinkten Stahlblechprofilen DIN 18182-1,
Metallständer CW 125, Achsabstand 417 mm, Boden und Deckenanschlüsse mit Randprofilen UW 125/40.</br>Beplankung beidseitig aus Gipsplatten GKBI DIN 18180 bzw. Typ H2 EN 520: Knauf Bauplatten imprägniert,
zweilagig, Plattendicke 2x 12,5 mm,
Verarbeitung gemäß DIN 18181.</br>Verspachtelung der Gipsplatten gemäß Merkblatt Nr. 2 des Bundesverbandes der Gipsindustrie e.V. Qualitätsstufe Q2 Standardverspachtelung,
Verarbeitung gemäß DIN 18181.</br>Ausführung gemäß Knauf Detailblatt W11.de.
System: Knauf Metallständerwand W112.de"
"W112-29.de","Nichttragende innere Trennwand DIN 4103-1 als Montagewand,</br>Brandschutztechnische Anforderungen an die Bekleidung,
Feuerwiderstandsklasse 30 Minuten nach DIN 4102-2.</br>Wandhöhe: … m
(max. zul. Wandhöhe: 5,00 m)</br>Wanddicke: 175 mm</br>Umlaufende Anschlüsse starr,
vorhandener Befestigungsuntergrund Stahlbeton/ Mauerwerk ... / Leichtbeton *,
Ausführung mit Unterkonstruktion aus verzinkten Stahlblechprofilen DIN 18182-1,
Metallständer CW 125, Achsabstand 312,5 mm, Boden und Deckenanschlüsse mit Randprofilen UW 125/40.</br>Beplankung beidseitig aus Gipsplatten GKB DIN 18180 bzw. Typ A EN 520: Knauf Bauplatten,
zweilagig, Plattendicke 2x 12,5 mm,
Verarbeitung gemäß DIN 18181.</br>Verspachtelung der Gipsplatten gemäß Merkblatt Nr. 2 des Bundesverbandes der Gipsindustrie e.V. Qualitätsstufe Q2 Standardverspachtelung,
Verarbeitung gemäß DIN 18181.</br>Ausführung gemäß Knauf Detailblatt W11.de.
System: Knauf Metallständerwand W112.de"
"W112-30.de","Nichttragende innere Trennwand DIN 4103-1 als Montagewand,</br>Brandschutztechnische Anforderungen an die Bekleidung,
Feuerwiderstandsklasse 30 Minuten nach DIN 4102-2.</br>Wandhöhe: … m
(max. zul. Wandhöhe: 5,00 m)</br>Wanddicke: 175 mm</br>Umlaufende Anschlüsse starr,
vorhandener Befestigungsuntergrund Stahlbeton/ Mauerwerk ... / Leichtbeton *,
Ausführung mit Unterkonstruktion aus verzinkten Stahlblechprofilen DIN 18182-1,
Metallständer CW 125, Achsabstand 312,5 mm, Boden und Deckenanschlüsse mit Randprofilen UW 125/40.</br>Beplankung beidseitig aus Gipsplatten GKBI DIN 18180 bzw. Typ H2 EN 520: Knauf Bauplatten imprägniert,
zweilagig, Plattendicke 2x 12,5 mm,
Verarbeitung gemäß DIN 18181.</br>Verspachtelung der Gipsplatten gemäß Merkblatt Nr. 2 des Bundesverbandes der Gipsindustrie e.V. Qualitätsstufe Q2 Standardverspachtelung,
Verarbeitung gemäß DIN 18181.</br>Ausführung gemäß Knauf Detailblatt W11.de.
System: Knauf Metallständerwand W112.de"
"W112-31.de","Nichttragende innere Trennwand DIN 4103-1 als Montagewand,</br>Brandschutztechnische Anforderungen an die Bekleidung,
Feuerwiderstandsklasse 30 Minuten nach DIN 4102-2.</br>Wandhöhe: … m
(max. zul. Wandhöhe: 5,00 m)</br>Wanddicke: 200 mm</br>Umlaufende Anschlüsse starr,
vorhandener Befestigungsuntergrund Stahlbeton/ Mauerwerk ... / Leichtbeton *,
Ausführung mit Unterkonstruktion aus verzinkten Stahlblechprofilen DIN 18182-1,
Metallständer CW 150, Achsabstand 625 mm, Boden und Deckenanschlüsse mit Randprofilen UW 100/40.</br>Beplankung beidseitig aus Gipsplatten GKB DIN 18180 bzw. Typ A EN 520: Knauf Bauplatten,
zweilagig, Plattendicke 2x 12,5 mm,
Verarbeitung gemäß DIN 18181.</br>Verspachtelung der Gipsplatten gemäß Merkblatt Nr. 2 des Bundesverbandes der Gipsindustrie e.V. Qualitätsstufe Q2 Standardverspachtelung,
Verarbeitung gemäß DIN 18181.</br>Ausführung gemäß Knauf Detailblatt W11.de.
System: Knauf Metallständerwand W112.de"
"W112-32.de","Nichttragende innere Trennwand DIN 4103-1 als Montagewand,</br>Brandschutztechnische Anforderungen an die Bekleidung,
Feuerwiderstandsklasse 30 Minuten nach DIN 4102-2.</br>Wandhöhe: … m
(max. zul. Wandhöhe: 5,00 m)</br>Wanddicke: 200 mm</br>Umlaufende Anschlüsse starr,
vorhandener Befestigungsuntergrund Stahlbeton/ Mauerwerk ... / Leichtbeton *,
Ausführung mit Unterkonstruktion aus verzinkten Stahlblechprofilen DIN 18182-1,
Metallständer CW 150, Achsabstand 625 mm, Boden und Deckenanschlüsse mit Randprofilen UW 100/40.</br>Beplankung beidseitig aus Gipsplatten GKBI DIN 18180 bzw. Typ H2 EN 520: Knauf Bauplatten imprägniert,
zweilagig, Plattendicke 2x 12,5 mm,
Verarbeitung gemäß DIN 18181.</br>Verspachtelung der Gipsplatten gemäß Merkblatt Nr. 2 des Bundesverbandes der Gipsindustrie e.V. Qualitätsstufe Q2 Standardverspachtelung,
Verarbeitung gemäß DIN 18181.</br>Ausführung gemäß Knauf Detailblatt W11.de.
System: Knauf Metallständerwand W112.de"
"W112-33.de","Nichttragende innere Trennwand DIN 4103-1 als Montagewand,</br>Brandschutztechnische Anforderungen an die Bekleidung,
Feuerwiderstandsklasse 30 Minuten nach DIN 4102-2.</br>Wandhöhe: … m
(max. zul. Wandhöhe: 5,00 m)</br>Wanddicke: 200 mm</br>Umlaufende Anschlüsse starr,
vorhandener Befestigungsuntergrund Stahlbeton/ Mauerwerk ... / Leichtbeton *,
Ausführung mit Unterkonstruktion aus verzinkten Stahlblechprofilen DIN 18182-1,
Metallständer CW 150, Achsabstand 417 mm, Boden und Deckenanschlüsse mit Randprofilen UW 150/40.</br>Beplankung beidseitig aus Gipsplatten GKB DIN 18180 bzw. Typ A EN 520: Knauf Bauplatten,
zweilagig, Plattendicke 2x 12,5 mm,
Verarbeitung gemäß DIN 18181.</br>Verspachtelung der Gipsplatten gemäß Merkblatt Nr. 2 des Bundesverbandes der Gipsindustrie e.V. Qualitätsstufe Q2 Standardverspachtelung,
Verarbeitung gemäß DIN 18181.</br>Ausführung gemäß Knauf Detailblatt W11.de.
System: Knauf Metallständerwand W112.de"
"W112-34.de","Nichttragende innere Trennwand DIN 4103-1 als Montagewand,</br>Brandschutztechnische Anforderungen an die Bekleidung,
Feuerwiderstandsklasse 30 Minuten nach DIN 4102-2.</br>Wandhöhe: … m
(max. zul. Wandhöhe: 5,00 m)</br>Wanddicke: 200 mm</br>Umlaufende Anschlüsse starr,
vorhandener Befestigungsuntergrund Stahlbeton/ Mauerwerk ... / Leichtbeton *,
Ausführung mit Unterkonstruktion aus verzinkten Stahlblechprofilen DIN 18182-1,
Metallständer CW 150, Achsabstand 417 mm, Boden und Deckenanschlüsse mit Randprofilen UW 150/40.</br>Beplankung beidseitig aus Gipsplatten GKBI DIN 18180 bzw. Typ H2 EN 520: Knauf Bauplatten imprägniert,
zweilagig, Plattendicke 2x 12,5 mm,
Verarbeitung gemäß DIN 18181.</br>Verspachtelung der Gipsplatten gemäß Merkblatt Nr. 2 des Bundesverbandes der Gipsindustrie e.V. Qualitätsstufe Q2 Standardverspachtelung,
Verarbeitung gemäß DIN 18181.</br>Ausführung gemäß Knauf Detailblatt W11.de.
System: Knauf Metallständerwand W112.de"
"W112-35.de","Nichttragende innere Trennwand DIN 4103-1 als Montagewand,</br>Brandschutztechnische Anforderungen an die Bekleidung,
Feuerwiderstandsklasse 30 Minuten nach DIN 4102-2.</br>Wandhöhe: … m
(max. zul. Wandhöhe: 5,00 m)</br>Wanddicke: 200 mm</br>Umlaufende Anschlüsse starr,
vorhandener Befestigungsuntergrund Stahlbeton/ Mauerwerk ... / Leichtbeton *,
Ausführung mit Unterkonstruktion aus verzinkten Stahlblechprofilen DIN 18182-1,
Metallständer CW 150/40, Achsabstand 312,5 mm, Boden und Deckenanschlüsse mit Randprofilen UW 150/40.</br>Beplankung beidseitig aus Gipsplatten GKB DIN 18180 bzw. Typ A EN 520: Knauf Bauplatten,
zweilagig, Plattendicke 2x 12,5 mm,
Verarbeitung gemäß DIN 18181.</br>Verspachtelung der Gipsplatten gemäß Merkblatt Nr. 2 des Bundesverbandes der Gipsindustrie e.V. Qualitätsstufe Q2 Standardverspachtelung,
Verarbeitung gemäß DIN 18181.</br>Ausführung gemäß Knauf Detailblatt W11.de.
System: Knauf Metallständerwand W112.de"
"W112-36.de","Nichttragende innere Trennwand DIN 4103-1 als Montagewand,</br>Brandschutztechnische Anforderungen an die Bekleidung,
Feuerwiderstandsklasse 30 Minuten nach DIN 4102-2.</br>Wandhöhe: … m
(max. zul. Wandhöhe: 5,00 m)</br>Wanddicke: 200 mm</br>Umlaufende Anschlüsse starr,
vorhandener Befestigungsuntergrund Stahlbeton/ Mauerwerk ... / Leichtbeton *,
Ausführung mit Unterkonstruktion aus verzinkten Stahlblechprofilen DIN 18182-1,
Metallständer CW 150/40, Achsabstand 312,5 mm, Boden und Deckenanschlüsse mit Randprofilen UW 150/40.</br>Beplankung beidseitig aus Gipsplatten GKBI DIN 18180 bzw. Typ H2 EN 520: Knauf Bauplatten imprägniert,
zweilagig, Plattendicke 2x 12,5 mm,
Verarbeitung gemäß DIN 18181.</br>Verspachtelung der Gipsplatten gemäß Merkblatt Nr. 2 des Bundesverbandes der Gipsindustrie e.V. Qualitätsstufe Q2 Standardverspachtelung,
Verarbeitung gemäß DIN 18181.</br>Ausführung gemäß Knauf Detailblatt W11.de.
System: Knauf Metallständerwand W112.de"
"W112-37.de","Nichttragende innere Trennwand DIN 4103-1 als Montagewand,</br>Wandhöhe: … m
(max. zul. Wandhöhe: 5,05 m)</br>Wanddicke: 125 mm</br>Umlaufende Anschlüsse starr,
vorhandener Befestigungsuntergrund Stahlbeton/ Mauerwerk ... / Leichtbeton *,
Ausführung mit Unterkonstruktion aus verzinkten Stahlblechprofilen DIN 18182-1,
Metallständer CW 75, Achsabstand 625 mm, Boden und Deckenanschlüsse mit Randprofilen UW 75/40,
Befestigung mit bauaufsichtlich zugelassenen Befestigungsmitteln.</br>Beplankung beidseitig aus Gipsplatten GKB DIN 18180 bzw. Typ A EN 520: Knauf Bauplatten,
zweilagig, Plattendicke 2x 12,5 mm,
Verarbeitung gemäß DIN 18181.</br>Verspachtelung der Gipsplatten gemäß Merkblatt Nr. 2 des Bundesverbandes der Gipsindustrie e.V. Qualitätsstufe Q2 Standardverspachtelung,
Verarbeitung gemäß DIN 18181.</br>Ausführung gemäß Knauf Detailblatt W11.de.
System: Knauf Metallständerwand W112.de"
"W112-38.de","Nichttragende innere Trennwand DIN 4103-1 als Montagewand,</br>Wandhöhe: … m
(max. zul. Wandhöhe: 5,05 m)</br>Wanddicke: 125 mm</br>Umlaufende Anschlüsse starr,
vorhandener Befestigungsuntergrund Stahlbeton/ Mauerwerk ... / Leichtbeton *,
Ausführung mit Unterkonstruktion aus verzinkten Stahlblechprofilen DIN 18182-1,
Metallständer CW 75, Achsabstand 625 mm, Boden und Deckenanschlüsse mit Randprofilen UW 75/40,
Befestigung mit bauaufsichtlich zugelassenen Befestigungsmitteln.</br>Beplankung beidseitig aus Gipsplatten GKBI DIN 18180 bzw. Typ H2 EN 520: Knauf Bauplatten imprägniert,
zweilagig, Plattendicke 2x 12,5 mm,
Verarbeitung gemäß DIN 18181.</br>Verspachtelung der Gipsplatten gemäß Merkblatt Nr. 2 des Bundesverbandes der Gipsindustrie e.V. Qualitätsstufe Q2 Standardverspachtelung,
Verarbeitung gemäß DIN 18181.</br>Ausführung gemäß Knauf Detailblatt W11.de.
System: Knauf Metallständerwand W112.de"
"W112-39.de","Nichttragende innere Trennwand DIN 4103-1 als Montagewand,</br>Rechenwert des bewerteten Schalldämm-Maßes Rw,R = 53 dB.</br>Bewertetes Schalldämm-Maß Rw = 55,9 dB</br>Wandhöhe: … m
(max. zul. Wandhöhe: 5,05 m)</br>Wanddicke: 125 mm</br>Umlaufende Anschlüsse starr,
vorhandener Befestigungsuntergrund Stahlbeton/ Mauerwerk ... / Leichtbeton *,
Ausführung mit Unterkonstruktion aus verzinkten Stahlblechprofilen DIN 18182-1,
Metallständer CW 75, Achsabstand 625 mm, Boden und Deckenanschlüsse mit Randprofilen UW 75/40,
Befestigung mit bauaufsichtlich zugelassenen Befestigungsmitteln.</br>Dämmschicht aus Mineralwolle nach DIN EN 13162, Dicke 60 mm,
Brandverhalten nach DIN EN 13501-1: A1,
Wärmeleitfähigkeit λ ≤ 0,040 W/(mK),*
längenbezogener Strömungswiderstand nach DIN EN 29053: r ≥ 5 kPa·s/m²,
einlagig, dicht stoßen, abrutschsicher verlegen,
Produkt: Knauf Insulation Trennwand-Dämmplatte TP 115
(Hergestellt mit Ecose® Technology, einem formaldehydfreien Bindemittel auf Basis vorwiegend natürlich-organischer Grundstoffe ohne Zusatz von künstlichen Farben oder Färbemitteln)
oder gleichwertig. *</br>Beplankung beidseitig aus Gipsplatten GKB DIN 18180 bzw. Typ A EN 520: Knauf Bauplatten,
zweilagig, Plattendicke 2x 12,5 mm,
Verarbeitung gemäß DIN 18181.</br>Verspachtelung der Gipsplatten gemäß Merkblatt Nr. 2 des Bundesverbandes der Gipsindustrie e.V. Qualitätsstufe Q2 Standardverspachtelung,
Verarbeitung gemäß DIN 18181.</br>Ausführung gemäß Knauf Detailblatt W11.de.
System: Knauf Metallständerwand W112.de"
"W112-40.de","Nichttragende innere Trennwand DIN 4103-1 als Montagewand,</br>Rechenwert des bewerteten Schalldämm-Maßes Rw,R = 53 dB.</br>Bewertetes Schalldämm-Maß Rw = 55,9 dB</br>Wandhöhe: … m
(max. zul. Wandhöhe: 5,05 m)</br>Wanddicke: 125 mm</br>Umlaufende Anschlüsse starr,
vorhandener Befestigungsuntergrund Stahlbeton/ Mauerwerk ... / Leichtbeton *,
Ausführung mit Unterkonstruktion aus verzinkten Stahlblechprofilen DIN 18182-1,
Metallständer CW 75, Achsabstand 625 mm, Boden und Deckenanschlüsse mit Randprofilen UW 75/40,
Befestigung mit bauaufsichtlich zugelassenen Befestigungsmitteln.</br>Dämmschicht aus Mineralwolle nach DIN EN 13162, Dicke 60 mm,
Brandverhalten nach DIN EN 13501-1: A1,
Wärmeleitfähigkeit λ ≤ 0,040 W/(mK),*
längenbezogener Strömungswiderstand nach DIN EN 29053: r ≥ 5 kPa·s/m²,
einlagig, dicht stoßen, abrutschsicher verlegen,
Produkt: Knauf Insulation Trennwand-Dämmplatte TP 115
(Hergestellt mit Ecose® Technology, einem formaldehydfreien Bindemittel auf Basis vorwiegend natürlich-organischer Grundstoffe ohne Zusatz von künstlichen Farben oder Färbemitteln)
oder gleichwertig. *</br>Beplankung beidseitig aus Gipsplatten GKBI DIN 18180 bzw. Typ H2 EN 520: Knauf Bauplatten imprägniert,
zweilagig, Plattendicke 2x 12,5 mm,
Verarbeitung gemäß DIN 18181.</br>Verspachtelung der Gipsplatten gemäß Merkblatt Nr. 2 des Bundesverbandes der Gipsindustrie e.V. Qualitätsstufe Q2 Standardverspachtelung,
Verarbeitung gemäß DIN 18181.</br>Ausführung gemäß Knauf Detailblatt W11.de.
System: Knauf Metallständerwand W112.de"
"W112-41.de","Nichttragende innere Trennwand DIN 4103-1 als Montagewand,</br>Wandhöhe: … m
(max. zul. Wandhöhe: 5,95 m)</br>Wanddicke: 125 mm</br>Umlaufende Anschlüsse starr,
vorhandener Befestigungsuntergrund Stahlbeton/ Mauerwerk ... / Leichtbeton *,
Ausführung mit Unterkonstruktion aus verzinkten Stahlblechprofilen DIN 18182-1,
Metallständer CW 75, Achsabstand 417 mm, Boden und Deckenanschlüsse mit Randprofilen UW 75/40.</br>Beplankung beidseitig aus Gipsplatten GKB DIN 18180 bzw. Typ A EN 520: Knauf Bauplatten,
zweilagig, Plattendicke 2x 12,5 mm,
Verarbeitung gemäß DIN 18181.</br>Verspachtelung der Gipsplatten gemäß Merkblatt Nr. 2 des Bundesverbandes der Gipsindustrie e.V. Qualitätsstufe Q2 Standardverspachtelung,
Verarbeitung gemäß DIN 18181.</br>Ausführung gemäß Knauf Detailblatt W11.de.
System: Knauf Metallständerwand W112.de"
"W112-42.de","Nichttragende innere Trennwand DIN 4103-1 als Montagewand,</br>Wandhöhe: … m
(max. zul. Wandhöhe: 5,95 m)</br>Wanddicke: 125 mm</br>Umlaufende Anschlüsse starr,
vorhandener Befestigungsuntergrund Stahlbeton/ Mauerwerk ... / Leichtbeton *,
Ausführung mit Unterkonstruktion aus verzinkten Stahlblechprofilen DIN 18182-1,
Metallständer CW 75, Achsabstand 417 mm, Boden und Deckenanschlüsse mit Randprofilen UW 75/40.</br>Beplankung beidseitig aus Gipsplatten GKBI DIN 18180 bzw. Typ H2 EN 520: Knauf Bauplatten imprägniert,
zweilagig, Plattendicke 2x 12,5 mm,
Verarbeitung gemäß DIN 18181.</br>Verspachtelung der Gipsplatten gemäß Merkblatt Nr. 2 des Bundesverbandes der Gipsindustrie e.V. Qualitätsstufe Q2 Standardverspachtelung,
Verarbeitung gemäß DIN 18181.</br>Ausführung gemäß Knauf Detailblatt W11.de.
System: Knauf Metallständerwand W112.de"
"W112-43.de","Nichttragende innere Trennwand DIN 4103-1 als Montagewand,</br>Wandhöhe: … m
(max. zul. Wandhöhe: 6,50 m)</br>Wanddicke: 125 mm</br>Umlaufende Anschlüsse starr,
vorhandener Befestigungsuntergrund Stahlbeton/ Mauerwerk ... / Leichtbeton *,
Ausführung mit Unterkonstruktion aus verzinkten Stahlblechprofilen DIN 18182-1,
Metallständer CW 75, Achsabstand 312,5 mm, Boden und Deckenanschlüsse mit Randprofilen UW 75/40.</br>Beplankung beidseitig aus Gipsplatten GKB DIN 18180 bzw. Typ A EN 520: Knauf Bauplatten,
zweilagig, Plattendicke 2x 12,5 mm,
Verarbeitung gemäß DIN 18181.</br>Verspachtelung der Gipsplatten gemäß Merkblatt Nr. 2 des Bundesverbandes der Gipsindustrie e.V. Qualitätsstufe Q2 Standardverspachtelung,
Verarbeitung gemäß DIN 18181.</br>Ausführung gemäß Knauf Detailblatt W11.de.
System: Knauf Metallständerwand W112.de"
"W112-44.de","Nichttragende innere Trennwand DIN 4103-1 als Montagewand,</br>Wandhöhe: … m
(max. zul. Wandhöhe: 6,50 m)</br>Wanddicke: 125 mm</br>Umlaufende Anschlüsse starr,
vorhandener Befestigungsuntergrund Stahlbeton/ Mauerwerk ... / Leichtbeton *,
Ausführung mit Unterkonstruktion aus verzinkten Stahlblechprofilen DIN 18182-1,
Metallständer CW 75, Achsabstand 312,5 mm, Boden und Deckenanschlüsse mit Randprofilen UW 75/40.</br>Beplankung beidseitig aus Gipsplatten GKBI DIN 18180 bzw. Typ H2 EN 520: Knauf Bauplatten imprägniert,
zweilagig, Plattendicke 2x 12,5 mm,
Verarbeitung gemäß DIN 18181.</br>Verspachtelung der Gipsplatten gemäß Merkblatt Nr. 2 des Bundesverbandes der Gipsindustrie e.V. Qualitätsstufe Q2 Standardverspachtelung,
Verarbeitung gemäß DIN 18181.</br>Ausführung gemäß Knauf Detailblatt W11.de.
System: Knauf Metallständerwand W112.de"
"W112-45.de","Nichttragende innere Trennwand DIN 4103-1 als Montagewand,</br>Wandhöhe: … m
(max. zul. Wandhöhe: 7,15 m)</br>Wanddicke: 150 mm</br>Umlaufende Anschlüsse starr,
vorhandener Befestigungsuntergrund Stahlbeton/ Mauerwerk ... / Leichtbeton *,
Ausführung mit Unterkonstruktion aus verzinkten Stahlblechprofilen DIN 18182-1,
Metallständer CW 100, Achsabstand 625 mm, Boden und Deckenanschlüsse mit Randprofilen UW 100/40,
Befestigung mit bauaufsichtlich zugelassenen Befestigungsmitteln.</br>Beplankung beidseitig aus Gipsplatten GKB DIN 18180 bzw. Typ A EN 520: Knauf Bauplatten,
zweilagig, Plattendicke 2x 12,5 mm,
Verarbeitung gemäß DIN 18181.</br>Verspachtelung der Gipsplatten gemäß Merkblatt Nr. 2 des Bundesverbandes der Gipsindustrie e.V. Qualitätsstufe Q2 Standardverspachtelung,
Verarbeitung gemäß DIN 18181.</br>Ausführung gemäß Knauf Detailblatt W11.de.
System: Knauf Metallständerwand W112.de"
"W112-46.de","Nichttragende innere Trennwand DIN 4103-1 als Montagewand,</br>Wandhöhe: … m
(max. zul. Wandhöhe: 7,15 m)</br>Wanddicke: 150 mm</br>Umlaufende Anschlüsse starr,
vorhandener Befestigungsuntergrund Stahlbeton/ Mauerwerk ... / Leichtbeton *,
Ausführung mit Unterkonstruktion aus verzinkten Stahlblechprofilen DIN 18182-1,
Metallständer CW 100, Achsabstand 625 mm, Boden und Deckenanschlüsse mit Randprofilen UW 100/40,
Befestigung mit bauaufsichtlich zugelassenen Befestigungsmitteln.</br>Beplankung beidseitig aus Gipsplatten GKBI DIN 18180 bzw. Typ H2 EN 520: Knauf Bauplatten imprägniert,
zweilagig, Plattendicke 2x 12,5 mm,
Verarbeitung gemäß DIN 18181.</br>Verspachtelung der Gipsplatten gemäß Merkblatt Nr. 2 des Bundesverbandes der Gipsindustrie e.V. Qualitätsstufe Q2 Standardverspachtelung,
Verarbeitung gemäß DIN 18181.</br>Ausführung gemäß Knauf Detailblatt W11.de.
System: Knauf Metallständerwand W112.de"
"W112-47.de","Nichttragende innere Trennwand DIN 4103-1 als Montagewand,</br>Rechenwert des bewerteten Schalldämm-Maßes Rw,R = 56 dB.</br>Bewertetes Schalldämm-Maß Rw = 58,4 dB</br>Wandhöhe: … m
(max. zul. Wandhöhe: 7,15 m)</br>Wanddicke: 150 mm</br>Umlaufende Anschlüsse starr,
vorhandener Befestigungsuntergrund Stahlbeton/ Mauerwerk ... / Leichtbeton *,
Ausführung mit Unterkonstruktion aus verzinkten Stahlblechprofilen DIN 18182-1,
Metallständer CW 100, Achsabstand 625 mm, Boden und Deckenanschlüsse mit Randprofilen UW 100/40,
Befestigung mit bauaufsichtlich zugelassenen Befestigungsmitteln.</br>Dämmschicht aus Mineralwolle nach DIN EN 13162, Dicke 80 mm,
Brandverhalten nach DIN EN 13501-1: A1,
Wärmeleitfähigkeit λ ≤ 0,040 W/(mK),*
längenbezogener Strömungswiderstand nach DIN EN 29053: r ≥ 5 kPa·s/m²,
einlagig, dicht stoßen, abrutschsicher verlegen,
Produkte: Knauf Insulation Trennwand-Dämmplatte TP 115
(Hergestellt mit Ecose® Technology, einem formaldehydfreien Bindemittel auf Basis vorwiegend natürlich-organischer Grundstoffe ohne Zusatz von künstlichen Farben oder Färbemitteln)
oder gleichwertig. *</br>Beplankung beidseitig aus Gipsplatten GKB DIN 18180 bzw. Typ A EN 520: Knauf Bauplatten,
zweilagig, Plattendicke 2x 12,5 mm,
Verarbeitung gemäß DIN 18181.</br>Verspachtelung der Gipsplatten gemäß Merkblatt Nr. 2 des Bundesverbandes der Gipsindustrie e.V. Qualitätsstufe Q2 Standardverspachtelung,
Verarbeitung gemäß DIN 18181.</br>Ausführung gemäß Knauf Detailblatt W11.de.
System: Knauf Metallständerwand W112.de"
"W112-48.de","Nichttragende innere Trennwand DIN 4103-1 als Montagewand,</br>Rechenwert des bewerteten Schalldämm-Maßes Rw,R = 56 dB.</br>Bewertetes Schalldämm-Maß Rw = 58,4 dB</br>Wandhöhe: … m
(max. zul. Wandhöhe: 7,15 m)</br>Wanddicke: 150 mm</br>Umlaufende Anschlüsse starr,
vorhandener Befestigungsuntergrund Stahlbeton/ Mauerwerk ... / Leichtbeton *,
Ausführung mit Unterkonstruktion aus verzinkten Stahlblechprofilen DIN 18182-1,
Metallständer CW 100, Achsabstand 625 mm, Boden und Deckenanschlüsse mit Randprofilen UW 100/40,
Befestigung mit bauaufsichtlich zugelassenen Befestigungsmitteln.</br>Dämmschicht aus Mineralwolle nach DIN EN 13162, Dicke 80 mm,
Brandverhalten nach DIN EN 13501-1: A1,
Wärmeleitfähigkeit λ ≤ 0,040 W/(mK),*
längenbezogener Strömungswiderstand nach DIN EN 29053: r ≥ 5 kPa·s/m²,
einlagig, dicht stoßen, abrutschsicher verlegen,
Produkte: Knauf Insulation Trennwand-Dämmplatte TP 115
(Hergestellt mit Ecose® Technology, einem formaldehydfreien Bindemittel auf Basis vorwiegend natürlich-organischer Grundstoffe ohne Zusatz von künstlichen Farben oder Färbemitteln)
oder gleichwertig. *</br>Beplankung beidseitig aus Gipsplatten GKBI DIN 18180 bzw. Typ H2 EN 520: Knauf Bauplatten imprägniert,
zweilagig, Plattendicke 2x 12,5 mm,
Verarbeitung gemäß DIN 18181.</br>Verspachtelung der Gipsplatten gemäß Merkblatt Nr. 2 des Bundesverbandes der Gipsindustrie e.V. Qualitätsstufe Q2 Standardverspachtelung,
Verarbeitung gemäß DIN 18181.</br>Ausführung gemäß Knauf Detailblatt W11.de.
System: Knauf Metallständerwand W112.de"
"W112-49.de","Nichttragende innere Trennwand DIN 4103-1 als Montagewand,</br>Wandhöhe: … m
(max. zul. Wandhöhe: 8,05 m)</br>Wanddicke: 150 mm</br>Umlaufende Anschlüsse starr,
vorhandener Befestigungsuntergrund Stahlbeton/ Mauerwerk ... / Leichtbeton *,
Ausführung mit Unterkonstruktion aus verzinkten Stahlblechprofilen DIN 18182-1,
Metallständer CW 100, Achsabstand 417 mm, Boden und Deckenanschlüsse mit Randprofilen UW 100/40.</br>Beplankung beidseitig aus Gipsplatten GKB DIN 18180 bzw. Typ A EN 520: Knauf Bauplatten,
zweilagig, Plattendicke 2x 12,5 mm,
Verarbeitung gemäß DIN 18181.</br>Verspachtelung der Gipsplatten gemäß Merkblatt Nr. 2 des Bundesverbandes der Gipsindustrie e.V. Qualitätsstufe Q2 Standardverspachtelung,
Verarbeitung gemäß DIN 18181.</br>Ausführung gemäß Knauf Detailblatt W11.de.
System: Knauf Metallständerwand W112.de"
"W112-50.de","Nichttragende innere Trennwand DIN 4103-1 als Montagewand,</br>Wandhöhe: … m
(max. zul. Wandhöhe: 8,05 m)</br>Wanddicke: 150 mm</br>Umlaufende Anschlüsse starr,
vorhandener Befestigungsuntergrund Stahlbeton/ Mauerwerk ... / Leichtbeton *,
Ausführung mit Unterkonstruktion aus verzinkten Stahlblechprofilen DIN 18182-1,
Metallständer CW 100, Achsabstand 417 mm, Boden und Deckenanschlüsse mit Randprofilen UW 100/40.</br>Beplankung beidseitig aus Gipsplatten GKBI DIN 18180 bzw. Typ H2 EN 520: Knauf Bauplatten imprägniert,
zweilagig, Plattendicke 2x 12,5 mm,
Verarbeitung gemäß DIN 18181.</br>Verspachtelung der Gipsplatten gemäß Merkblatt Nr. 2 des Bundesverbandes der Gipsindustrie e.V. Qualitätsstufe Q2 Standardverspachtelung,
Verarbeitung gemäß DIN 18181.</br>Ausführung gemäß Knauf Detailblatt W11.de.
System: Knauf Metallständerwand W112.de"
"W112-51.de","Nichttragende innere Trennwand DIN 4103-1 als Montagewand,</br>Wandhöhe: … m
(max. zul. Wandhöhe: 8,55 m)</br>Wanddicke: 150 mm</br>Umlaufende Anschlüsse starr,
vorhandener Befestigungsuntergrund Stahlbeton/ Mauerwerk ... / Leichtbeton *,
Ausführung mit Unterkonstruktion aus verzinkten Stahlblechprofilen DIN 18182-1,
Metallständer CW 100, Achsabstand 312,5 mm, Boden und Deckenanschlüsse mit Randprofilen UW 100/40.</br>Beplankung beidseitig aus Gipsplatten GKB DIN 18180 bzw. Typ A EN 520: Knauf Bauplatten,
zweilagig, Plattendicke 2x 12,5 mm,
Verarbeitung gemäß DIN 18181.</br>Verspachtelung der Gipsplatten gemäß Merkblatt Nr. 2 des Bundesverbandes der Gipsindustrie e.V. Qualitätsstufe Q2 Standardverspachtelung,
Verarbeitung gemäß DIN 18181.</br>Ausführung gemäß Knauf Detailblatt W11.de.
System: Knauf Metallständerwand W112.de"
"W112-52.de","Nichttragende innere Trennwand DIN 4103-1 als Montagewand,</br>Wandhöhe: … m
(max. zul. Wandhöhe: 8,55 m)</br>Wanddicke: 150 mm</br>Umlaufende Anschlüsse starr,
vorhandener Befestigungsuntergrund Stahlbeton/ Mauerwerk ... / Leichtbeton *,
Ausführung mit Unterkonstruktion aus verzinkten Stahlblechprofilen DIN 18182-1,
Metallständer CW 100, Achsabstand 312,5 mm, Boden und Deckenanschlüsse mit Randprofilen UW 100/40.</br>Beplankung beidseitig aus Gipsplatten GKBI DIN 18180 bzw. Typ H2 EN 520: Knauf Bauplatten imprägniert,
zweilagig, Plattendicke 2x 12,5 mm,
Verarbeitung gemäß DIN 18181.</br>Verspachtelung der Gipsplatten gemäß Merkblatt Nr. 2 des Bundesverbandes der Gipsindustrie e.V. Qualitätsstufe Q2 Standardverspachtelung,
Verarbeitung gemäß DIN 18181.</br>Ausführung gemäß Knauf Detailblatt W11.de.
System: Knauf Metallständerwand W112.de"
"W112-53.de","Nichttragende innere Trennwand DIN 4103-1 als Montagewand,</br>Wandhöhe: … m
(max. zul. Wandhöhe: 9,05 m)</br>Wanddicke: 175 mm</br>Umlaufende Anschlüsse starr,
vorhandener Befestigungsuntergrund Stahlbeton/ Mauerwerk ... / Leichtbeton *,
Ausführung mit Unterkonstruktion aus verzinkten Stahlblechprofilen DIN 18182-1,
Metallständer CW 125, Achsabstand 625 mm, Boden und Deckenanschlüsse mit Randprofilen UW 100/40,
Befestigung mit bauaufsichtlich zugelassenen Befestigungsmitteln.</br>Beplankung beidseitig aus Gipsplatten GKB DIN 18180 bzw. Typ A EN 520: Knauf Bauplatten,
zweilagig, Plattendicke 2x 12,5 mm,
Verarbeitung gemäß DIN 18181.</br>Verspachtelung der Gipsplatten gemäß Merkblatt Nr. 2 des Bundesverbandes der Gipsindustrie e.V. Qualitätsstufe Q2 Standardverspachtelung,
Verarbeitung gemäß DIN 18181.</br>Ausführung gemäß Knauf Detailblatt W11.de.
System: Knauf Metallständerwand W112.de"
"W112-54.de","Nichttragende innere Trennwand DIN 4103-1 als Montagewand,</br>Wandhöhe: … m
(max. zul. Wandhöhe: 9,05 m)</br>Wanddicke: 175 mm</br>Umlaufende Anschlüsse starr,
vorhandener Befestigungsuntergrund Stahlbeton/ Mauerwerk ... / Leichtbeton *,
Ausführung mit Unterkonstruktion aus verzinkten Stahlblechprofilen DIN 18182-1,
Metallständer CW 125, Achsabstand 625 mm, Boden und Deckenanschlüsse mit Randprofilen UW 100/40,
Befestigung mit bauaufsichtlich zugelassenen Befestigungsmitteln.</br>Beplankung beidseitig aus Gipsplatten GKBI DIN 18180 bzw. Typ H2 EN 520: Knauf Bauplatten imprägniert,
zweilagig, Plattendicke 2x 12,5 mm,
Verarbeitung gemäß DIN 18181.</br>Verspachtelung der Gipsplatten gemäß Merkblatt Nr. 2 des Bundesverbandes der Gipsindustrie e.V. Qualitätsstufe Q2 Standardverspachtelung,
Verarbeitung gemäß DIN 18181.</br>Ausführung gemäß Knauf Detailblatt W11.de.
System: Knauf Metallständerwand W112.de"
"W112-55.de","Nichttragende innere Trennwand DIN 4103-1 als Montagewand,</br>Wandhöhe: … m
(max. zul. Wandhöhe: 9,65 m)</br>Wanddicke: 175 mm</br>Umlaufende Anschlüsse starr,
vorhandener Befestigungsuntergrund Stahlbeton/ Mauerwerk ... / Leichtbeton *,
Ausführung mit Unterkonstruktion aus verzinkten Stahlblechprofilen DIN 18182-1,
Metallständer CW 125, Achsabstand 417 mm, Boden und Deckenanschlüsse mit Randprofilen UW 125/40.</br>Beplankung beidseitig aus Gipsplatten GKB DIN 18180 bzw. Typ A EN 520: Knauf Bauplatten,
zweilagig, Plattendicke 2x 12,5 mm,
Verarbeitung gemäß DIN 18181.</br>Verspachtelung der Gipsplatten gemäß Merkblatt Nr. 2 des Bundesverbandes der Gipsindustrie e.V. Qualitätsstufe Q2 Standardverspachtelung,
Verarbeitung gemäß DIN 18181.</br>Ausführung gemäß Knauf Detailblatt W11.de.
System: Knauf Metallständerwand W112.de"
"W112-56.de","Nichttragende innere Trennwand DIN 4103-1 als Montagewand,</br>Wandhöhe: … m
(max. zul. Wandhöhe: 9,65 m)</br>Wanddicke: 175 mm</br>Umlaufende Anschlüsse starr,
vorhandener Befestigungsuntergrund Stahlbeton/ Mauerwerk ... / Leichtbeton *,
Ausführung mit Unterkonstruktion aus verzinkten Stahlblechprofilen DIN 18182-1,
Metallständer CW 125, Achsabstand 417 mm, Boden und Deckenanschlüsse mit Randprofilen UW 125/40.</br>Beplankung beidseitig aus Gipsplatten GKBI DIN 18180 bzw. Typ H2 EN 520: Knauf Bauplatten imprägniert,
zweilagig, Plattendicke 2x 12,5 mm,
Verarbeitung gemäß DIN 18181.</br>Verspachtelung der Gipsplatten gemäß Merkblatt Nr. 2 des Bundesverbandes der Gipsindustrie e.V. Qualitätsstufe Q2 Standardverspachtelung,
Verarbeitung gemäß DIN 18181.</br>Ausführung gemäß Knauf Detailblatt W11.de.
System: Knauf Metallständerwand W112.de"
"W112-57.de","Nichttragende innere Trennwand DIN 4103-1 als Montagewand,</br>Wandhöhe: … m
(max. zul. Wandhöhe: 10,10 m)</br>Wanddicke: 175 mm</br>Umlaufende Anschlüsse starr,
vorhandener Befestigungsuntergrund Stahlbeton/ Mauerwerk ... / Leichtbeton *,
Ausführung mit Unterkonstruktion aus verzinkten Stahlblechprofilen DIN 18182-1,
Metallständer CW 125, Achsabstand 312,5 mm, Boden und Deckenanschlüsse mit Randprofilen UW 125/40.</br>Beplankung beidseitig aus Gipsplatten GKB DIN 18180 bzw. Typ A EN 520: Knauf Bauplatten,
zweilagig, Plattendicke 2x 12,5 mm,
Verarbeitung gemäß DIN 18181.</br>Verspachtelung der Gipsplatten gemäß Merkblatt Nr. 2 des Bundesverbandes der Gipsindustrie e.V. Qualitätsstufe Q2 Standardverspachtelung,
Verarbeitung gemäß DIN 18181.</br>Ausführung gemäß Knauf Detailblatt W11.de.
System: Knauf Metallständerwand W112.de"
"W112-58.de","Nichttragende innere Trennwand DIN 4103-1 als Montagewand,</br>Wandhöhe: … m
(max. zul. Wandhöhe: 10,10 m)</br>Wanddicke: 175 mm</br>Umlaufende Anschlüsse starr,
vorhandener Befestigungsuntergrund Stahlbeton/ Mauerwerk ... / Leichtbeton *,
Ausführung mit Unterkonstruktion aus verzinkten Stahlblechprofilen DIN 18182-1,
Metallständer CW 125, Achsabstand 312,5 mm, Boden und Deckenanschlüsse mit Randprofilen UW 125/40.</br>Beplankung beidseitig aus Gipsplatten GKBI DIN 18180 bzw. Typ H2 EN 520: Knauf Bauplatten imprägniert,
zweilagig, Plattendicke 2x 12,5 mm,
Verarbeitung gemäß DIN 18181.</br>Verspachtelung der Gipsplatten gemäß Merkblatt Nr. 2 des Bundesverbandes der Gipsindustrie e.V. Qualitätsstufe Q2 Standardverspachtelung,
Verarbeitung gemäß DIN 18181.</br>Ausführung gemäß Knauf Detailblatt W11.de.
System: Knauf Metallständerwand W112.de"
"W112-59.de","Nichttragende innere Trennwand DIN 4103-1 als Montagewand,</br>Wandhöhe: … m
(max. zul. Wandhöhe: 10,35 m)</br>Wanddicke: 200 mm</br>Umlaufende Anschlüsse starr,
vorhandener Befestigungsuntergrund Stahlbeton/ Mauerwerk ... / Leichtbeton *,
Ausführung mit Unterkonstruktion aus verzinkten Stahlblechprofilen DIN 18182-1,
Metallständer CW 150, Achsabstand 625 mm, Boden und Deckenanschlüsse mit Randprofilen UW 100/40.</br>Beplankung beidseitig aus Gipsplatten GKB DIN 18180 bzw. Typ A EN 520: Knauf Bauplatten,
zweilagig, Plattendicke 2x 12,5 mm,
Verarbeitung gemäß DIN 18181.</br>Verspachtelung der Gipsplatten gemäß Merkblatt Nr. 2 des Bundesverbandes der Gipsindustrie e.V. Qualitätsstufe Q2 Standardverspachtelung,
Verarbeitung gemäß DIN 18181.</br>Ausführung gemäß Knauf Detailblatt W11.de.
System: Knauf Metallständerwand W112.de"
"W112-60.de","Nichttragende innere Trennwand DIN 4103-1 als Montagewand,</br>Wandhöhe: … m
(max. zul. Wandhöhe: 10,35 m)</br>Wanddicke: 200 mm</br>Umlaufende Anschlüsse starr,
vorhandener Befestigungsuntergrund Stahlbeton/ Mauerwerk ... / Leichtbeton *,
Ausführung mit Unterkonstruktion aus verzinkten Stahlblechprofilen DIN 18182-1,
Metallständer CW 150, Achsabstand 625 mm, Boden und Deckenanschlüsse mit Randprofilen UW 100/40.</br>Beplankung beidseitig aus Gipsplatten GKBI DIN 18180 bzw. Typ H2 EN 520: Knauf Bauplatten imprägniert,
zweilagig, Plattendicke 2x 12,5 mm,
Verarbeitung gemäß DIN 18181.</br>Verspachtelung der Gipsplatten gemäß Merkblatt Nr. 2 des Bundesverbandes der Gipsindustrie e.V. Qualitätsstufe Q2 Standardverspachtelung,
Verarbeitung gemäß DIN 18181.</br>Ausführung gemäß Knauf Detailblatt W11.de.
System: Knauf Metallständerwand W112.de"
"W112-61.de","Nichttragende innere Trennwand DIN 4103-1 als Montagewand,</br>Wandhöhe: … m
(max. zul. Wandhöhe: 10,95 m)</br>Wanddicke: 200 mm</br>Umlaufende Anschlüsse starr,
vorhandener Befestigungsuntergrund Stahlbeton/ Mauerwerk ... / Leichtbeton *,
Ausführung mit Unterkonstruktion aus verzinkten Stahlblechprofilen DIN 18182-1,
Metallständer CW 150, Achsabstand 417 mm, Boden und Deckenanschlüsse mit Randprofilen UW 150/40.</br>Beplankung beidseitig aus Gipsplatten GKB DIN 18180 bzw. Typ A EN 520: Knauf Bauplatten,
zweilagig, Plattendicke 2x 12,5 mm,
Verarbeitung gemäß DIN 18181.</br>Verspachtelung der Gipsplatten gemäß Merkblatt Nr. 2 des Bundesverbandes der Gipsindustrie e.V. Qualitätsstufe Q2 Standardverspachtelung,
Verarbeitung gemäß DIN 18181.</br>Ausführung gemäß Knauf Detailblatt W11.de.
System: Knauf Metallständerwand W112.de"
"W112-62.de","Nichttragende innere Trennwand DIN 4103-1 als Montagewand,</br>Wandhöhe: … m
(max. zul. Wandhöhe: 10,95 m)</br>Wanddicke: 200 mm</br>Umlaufende Anschlüsse starr,
vorhandener Befestigungsuntergrund Stahlbeton/ Mauerwerk ... / Leichtbeton *,
Ausführung mit Unterkonstruktion aus verzinkten Stahlblechprofilen DIN 18182-1,
Metallständer CW 150, Achsabstand 417 mm, Boden und Deckenanschlüsse mit Randprofilen UW 150/40.</br>Beplankung beidseitig aus Gipsplatten GKBI DIN 18180 bzw. Typ H2 EN 520: Knauf Bauplatten imprägniert,
zweilagig, Plattendicke 2x 12,5 mm,
Verarbeitung gemäß DIN 18181.</br>Verspachtelung der Gipsplatten gemäß Merkblatt Nr. 2 des Bundesverbandes der Gipsindustrie e.V. Qualitätsstufe Q2 Standardverspachtelung,
Verarbeitung gemäß DIN 18181.</br>Ausführung gemäß Knauf Detailblatt W11.de.
System: Knauf Metallständerwand W112.de"
"W112-63.de","Nichttragende innere Trennwand DIN 4103-1 als Montagewand,</br>Wandhöhe: … m
(max. zul. Wandhöhe: 11,40 m)</br>Wanddicke: 200 mm</br>Umlaufende Anschlüsse starr,
vorhandener Befestigungsuntergrund Stahlbeton/ Mauerwerk ... / Leichtbeton *,
Ausführung mit Unterkonstruktion aus verzinkten Stahlblechprofilen DIN 18182-1,
Metallständer CW 150/40, Achsabstand 312,5 mm, Boden und Deckenanschlüsse mit Randprofilen UW 150/40.</br>Beplankung beidseitig aus Gipsplatten GKB DIN 18180 bzw. Typ A EN 520: Knauf Bauplatten,
zweilagig, Plattendicke 2x 12,5 mm,
Verarbeitung gemäß DIN 18181.</br>Verspachtelung der Gipsplatten gemäß Merkblatt Nr. 2 des Bundesverbandes der Gipsindustrie e.V. Qualitätsstufe Q2 Standardverspachtelung,
Verarbeitung gemäß DIN 18181.</br>Ausführung gemäß Knauf Detailblatt W11.de.
System: Knauf Metallständerwand W112.de"
"W112-64.de","Nichttragende innere Trennwand DIN 4103-1 als Montagewand,</br>Wandhöhe: … m
(max. zul. Wandhöhe: 11,40 m)</br>Wanddicke: 200 mm</br>Umlaufende Anschlüsse starr,
vorhandener Befestigungsuntergrund Stahlbeton/ Mauerwerk ... / Leichtbeton *,
Ausführung mit Unterkonstruktion aus verzinkten Stahlblechprofilen DIN 18182-1,
Metallständer CW 150/40, Achsabstand 312,5 mm, Boden und Deckenanschlüsse mit Randprofilen UW 150/40.</br>Beplankung beidseitig aus Gipsplatten GKBI DIN 18180 bzw. Typ H2 EN 520: Knauf Bauplatten imprägniert,
zweilagig, Plattendicke 2x 12,5 mm,
Verarbeitung gemäß DIN 18181.</br>Verspachtelung der Gipsplatten gemäß Merkblatt Nr. 2 des Bundesverbandes der Gipsindustrie e.V. Qualitätsstufe Q2 Standardverspachtelung,
Verarbeitung gemäß DIN 18181.</br>Ausführung gemäß Knauf Detailblatt W11.de.
System: Knauf Metallständerwand W112.de"
"W112-65.de","Nichttragende innere Trennwand DIN 4103-1 als Montagewand,</br>Brandschutztechnische Anforderungen an die Bekleidung,
Feuerwiderstandsklasse 90 Minuten nach DIN 4102-2.</br>Wandhöhe: … m
(max. zul. Wandhöhe: 4,00 m)</br>Wanddicke: 100 mm</br>Umlaufende Anschlüsse starr,
vorhandener Befestigungsuntergrund Stahlbeton/ Mauerwerk ... / Leichtbeton *,
Ausführung mit Unterkonstruktion aus verzinkten Stahlblechprofilen DIN 18182-1,
Metallständer CW 50, Achsabstand 625 mm, Boden und Deckenanschlüsse mit Randprofilen UW 50/40,
Befestigung mit bauaufsichtlich zugelassenen Befestigungsmitteln..</br>Beplankung beidseitig aus Gipsplatten GKF DIN 18180 bzw. Typ DF EN 520: Feuerschutzplatte Knauf Piano,
zweilagig, Plattendicke 2x 12,5 mm,
Verarbeitung gemäß DIN 18181.</br>Verspachtelung der Gipsplatten gemäß Merkblatt Nr. 2 des Bundesverbandes der Gipsindustrie e.V. Qualitätsstufe Q2 Standardverspachtelung,
Verarbeitung gemäß DIN 18181.</br>Ausführung gemäß Knauf Detailblatt W11.de.
System: Knauf Metallständerwand W112.de"
"W112-66.de","Nichttragende innere Trennwand DIN 4103-1 als Montagewand,</br>Brandschutztechnische Anforderungen an die Bekleidung,
Feuerwiderstandsklasse 90 Minuten nach DIN 4102-2.</br>Wandhöhe: … m
(max. zul. Wandhöhe: 4,00 m)</br>Wanddicke: 100 mm</br>Umlaufende Anschlüsse starr,
vorhandener Befestigungsuntergrund Stahlbeton/ Mauerwerk ... / Leichtbeton *,
Ausführung mit Unterkonstruktion aus verzinkten Stahlblechprofilen DIN 18182-1,
Metallständer CW 50, Achsabstand 625 mm, Boden und Deckenanschlüsse mit Randprofilen UW 50/40,
Befestigung mit bauaufsichtlich zugelassenen Befestigungsmitteln..</br>Beplankung beidseitig aus Gipsplatten GKFI DIN 18180 bzw. Typ DFH2 EN 520: Feuerschutzplatte Knauf Piano imprägniert, zweilagig, Plattendicke 2x 12,5 mm,
Verarbeitung gemäß DIN 18181.</br>Verspachtelung der Gipsplatten gemäß Merkblatt Nr. 2 des Bundesverbandes der Gipsindustrie e.V. Qualitätsstufe Q2 Standardverspachtelung,
Verarbeitung gemäß DIN 18181.</br>Ausführung gemäß Knauf Detailblatt W11.de.
System: Knauf Metallständerwand W112.de"
"W112-67.de","Nichttragende innere Trennwand DIN 4103-1 als Montagewand,</br>Brandschutztechnische Anforderungen an die Bekleidung,
Feuerwiderstandsklasse 90 Minuten nach DIN 4102-2.</br>Rechenwert des bewerteten Schalldämm-Maßes Rw,R = 54 dB.</br>Bewertetes Schalldämm-Maß Rw = 56,4 dB</br>Wandhöhe: … m
(max. zul. Wandhöhe: 4,00 m)</br>Wanddicke: 100 mm</br>Umlaufende Anschlüsse starr,
vorhandener Befestigungsuntergrund Stahlbeton/ Mauerwerk ... / Leichtbeton *,
Ausführung mit Unterkonstruktion aus verzinkten Stahlblechprofilen DIN 18182-1,
Metallständer CW 50, Achsabstand 625 mm, Boden und Deckenanschlüsse mit Randprofilen UW 50/40,
Befestigung mit bauaufsichtlich zugelassenen Befestigungsmitteln..</br>Dämmschicht aus Mineralwolle nach DIN EN 13162, Dicke 40 mm,
Brandverhalten nach DIN EN 13501-1: A1,
Wärmeleitfähigkeit λ ≤ 0,040 W/(mK),*
längenbezogener Strömungswiderstand nach DIN EN 29053: r ≥ 5 kPa·s/m²,
einlagig, dicht stoßen, abrutschsicher verlegen,
Produkt: Knauf Insulation Trennwand-Dämmplatte TP 115
(Hergestellt mit Ecose® Technology, einem formaldehydfreien Bindemittel auf Basis vorwiegend natürlich-organischer Grundstoffe ohne Zusatz von künstlichen Farben oder Färbemitteln)
oder gleichwertig. *</br>Beplankung beidseitig aus Gipsplatten GKF DIN 18180 bzw. Typ DF EN 520: Feuerschutzplatte Knauf Piano,
zweilagig, Plattendicke 2x 12,5 mm,
Verarbeitung gemäß DIN 18181.</br>Verspachtelung der Gipsplatten gemäß Merkblatt Nr. 2 des Bundesverbandes der Gipsindustrie e.V. Qualitätsstufe Q2 Standardverspachtelung,
Verarbeitung gemäß DIN 18181.</br>Ausführung gemäß Knauf Detailblatt W11.de.
System: Knauf Metallständerwand W112.de"
"W112-68.de","Nichttragende innere Trennwand DIN 4103-1 als Montagewand,</br>Brandschutztechnische Anforderungen an die Bekleidung,
Feuerwiderstandsklasse 90 Minuten nach DIN 4102-2.</br>Rechenwert des bewerteten Schalldämm-Maßes Rw,R = 54 dB.</br>Bewertetes Schalldämm-Maß Rw = 56,4 dB</br>Wandhöhe: … m
(max. zul. Wandhöhe: 4,00 m)</br>Wanddicke: 100 mm</br>Umlaufende Anschlüsse starr,
vorhandener Befestigungsuntergrund Stahlbeton/ Mauerwerk ... / Leichtbeton *,
Ausführung mit Unterkonstruktion aus verzinkten Stahlblechprofilen DIN 18182-1,
Metallständer CW 50, Achsabstand 625 mm, Boden und Deckenanschlüsse mit Randprofilen UW 50/40,
Befestigung mit bauaufsichtlich zugelassenen Befestigungsmitteln..</br>Dämmschicht aus Mineralwolle nach DIN EN 13162, Dicke 40 mm,
Brandverhalten nach DIN EN 13501-1: A1,
Wärmeleitfähigkeit λ ≤ 0,040 W/(mK),*
längenbezogener Strömungswiderstand nach DIN EN 29053: r ≥ 5 kPa·s/m²,
einlagig, dicht stoßen, abrutschsicher verlegen,
Produkt: Knauf Insulation Trennwand-Dämmplatte TP 115
(Hergestellt mit Ecose® Technology, einem formaldehydfreien Bindemittel auf Basis vorwiegend natürlich-organischer Grundstoffe ohne Zusatz von künstlichen Farben oder Färbemitteln)
oder gleichwertig. *</br>Beplankung beidseitig aus Gipsplatten GKFI DIN 18180 bzw. Typ DFH2 EN 520: Feuerschutzplatte Knauf Piano imprägniert, zweilagig, Plattendicke 2x 12,5 mm,
Verarbeitung gemäß DIN 18181.</br>Verspachtelung der Gipsplatten gemäß Merkblatt Nr. 2 des Bundesverbandes der Gipsindustrie e.V. Qualitätsstufe Q2 Standardverspachtelung,
Verarbeitung gemäß DIN 18181.</br>Ausführung gemäß Knauf Detailblatt W11.de.
System: Knauf Metallständerwand W112.de"
"W112-69.de","Nichttragende innere Trennwand DIN 4103-1 als Montagewand,</br>Brandschutztechnische Anforderungen an die Bekleidung,
Feuerwiderstandsklasse 90 Minuten nach DIN 4102-2.</br>Wandhöhe: … m
(max. zul. Wandhöhe: 4,00 m)</br>Wanddicke: 100 mm</br>Umlaufende Anschlüsse starr,
vorhandener Befestigungsuntergrund Stahlbeton/ Mauerwerk ... / Leichtbeton *,
Ausführung mit Unterkonstruktion aus verzinkten Stahlblechprofilen DIN 18182-1,
Metallständer CW 50, Achsabstand 417 mm, Boden und Deckenanschlüsse mit Randprofilen UW 50/40.</br>Beplankung beidseitig aus Gipsplatten GKF DIN 18180 bzw. Typ DF EN 520: Feuerschutzplatte Knauf Piano,
zweilagig, Plattendicke 2x 12,5 mm,
Verarbeitung gemäß DIN 18181.</br>Verspachtelung der Gipsplatten gemäß Merkblatt Nr. 2 des Bundesverbandes der Gipsindustrie e.V. Qualitätsstufe Q2 Standardverspachtelung,
Verarbeitung gemäß DIN 18181.</br>Ausführung gemäß Knauf Detailblatt W11.de.
System: Knauf Metallständerwand W112.de"
"W112-70.de","Nichttragende innere Trennwand DIN 4103-1 als Montagewand,</br>Brandschutztechnische Anforderungen an die Bekleidung,
Feuerwiderstandsklasse 90 Minuten nach DIN 4102-2.</br>Wandhöhe: … m
(max. zul. Wandhöhe: 4,00 m)</br>Wanddicke: 100 mm</br>Umlaufende Anschlüsse starr,
vorhandener Befestigungsuntergrund Stahlbeton/ Mauerwerk ... / Leichtbeton *,
Ausführung mit Unterkonstruktion aus verzinkten Stahlblechprofilen DIN 18182-1,
Metallständer CW 50, Achsabstand 417 mm, Boden und Deckenanschlüsse mit Randprofilen UW 50/40.</br>Beplankung beidseitig aus Gipsplatten GKFI DIN 18180 bzw. Typ DFH2 EN 520: Feuerschutzplatte Knauf Piano imprägniert, zweilagig, Plattendicke 2x 12,5 mm,
Verarbeitung gemäß DIN 18181.</br>Verspachtelung der Gipsplatten gemäß Merkblatt Nr. 2 des Bundesverbandes der Gipsindustrie e.V. Qualitätsstufe Q2 Standardverspachtelung,
Verarbeitung gemäß DIN 18181.</br>Ausführung gemäß Knauf Detailblatt W11.de.
System: Knauf Metallständerwand W112.de"
"W112-71.de","Nichttragende innere Trennwand DIN 4103-1 als Montagewand,</br>Brandschutztechnische Anforderungen an die Bekleidung,
Feuerwiderstandsklasse 90 Minuten nach DIN 4102-2.</br>Wandhöhe: … m
(max. zul. Wandhöhe: 4,35 m)</br>Wanddicke: 100 mm</br>Umlaufende Anschlüsse starr,
vorhandener Befestigungsuntergrund Stahlbeton/ Mauerwerk ... / Leichtbeton *,
Ausführung mit Unterkonstruktion aus verzinkten Stahlblechprofilen DIN 18182-1,
Metallständer CW 50, Achsabstand 312,5 mm, Boden und Deckenanschlüsse mit Randprofilen UW 50/40.</br>Beplankung beidseitig aus Gipsplatten GKF DIN 18180 bzw. Typ DF EN 520: Feuerschutzplatte Knauf Piano,
zweilagig, Plattendicke 2x 12,5 mm,
Verarbeitung gemäß DIN 18181.</br>Verspachtelung der Gipsplatten gemäß Merkblatt Nr. 2 des Bundesverbandes der Gipsindustrie e.V. Qualitätsstufe Q2 Standardverspachtelung,
Verarbeitung gemäß DIN 18181.</br>Ausführung gemäß Knauf Detailblatt W11.de.
System: Knauf Metallständerwand W112.de"
"W112-72.de","Nichttragende innere Trennwand DIN 4103-1 als Montagewand,</br>Brandschutztechnische Anforderungen an die Bekleidung,
Feuerwiderstandsklasse 90 Minuten nach DIN 4102-2.</br>Wandhöhe: … m
(max. zul. Wandhöhe: 4,35 m)</br>Wanddicke: 100 mm</br>Umlaufende Anschlüsse starr,
vorhandener Befestigungsuntergrund Stahlbeton/ Mauerwerk ... / Leichtbeton *,
Ausführung mit Unterkonstruktion aus verzinkten Stahlblechprofilen DIN 18182-1,
Metallständer CW 50, Achsabstand 312,5 mm, Boden und Deckenanschlüsse mit Randprofilen UW 50/40.</br>Beplankung beidseitig aus Gipsplatten GKFI DIN 18180 bzw. Typ DFH2 EN 520: Feuerschutzplatte Knauf Piano imprägniert, zweilagig, Plattendicke 2x 12,5 mm,
Verarbeitung gemäß DIN 18181.</br>Verspachtelung der Gipsplatten gemäß Merkblatt Nr. 2 des Bundesverbandes der Gipsindustrie e.V. Qualitätsstufe Q2 Standardverspachtelung,
Verarbeitung gemäß DIN 18181.</br>Ausführung gemäß Knauf Detailblatt W11.de.
System: Knauf Metallständerwand W112.de"
"W112-73.de","Nichttragende innere Trennwand DIN 4103-1 als Montagewand,</br>Brandschutztechnische Anforderungen an die Bekleidung,
Feuerwiderstandsklasse 90 Minuten nach DIN 4102-2.</br>Wandhöhe: … m
(max. zul. Wandhöhe: 5,05 m)</br>Wanddicke: 125 mm</br>Umlaufende Anschlüsse starr,
vorhandener Befestigungsuntergrund Stahlbeton/ Mauerwerk ... / Leichtbeton *,
Ausführung mit Unterkonstruktion aus verzinkten Stahlblechprofilen DIN 18182-1,
Metallständer CW 75, Achsabstand 625 mm, Boden und Deckenanschlüsse mit Randprofilen UW 75/40,
Befestigung mit bauaufsichtlich zugelassenen Befestigungsmitteln.</br>Beplankung beidseitig aus Gipsplatten GKF DIN 18180 bzw. Typ DF EN 520: Feuerschutzplatte Knauf Piano,
zweilagig, Plattendicke 2x 12,5 mm,
Verarbeitung gemäß DIN 18181.</br>Verspachtelung der Gipsplatten gemäß Merkblatt Nr. 2 des Bundesverbandes der Gipsindustrie e.V. Qualitätsstufe Q2 Standardverspachtelung,
Verarbeitung gemäß DIN 18181.</br>Ausführung gemäß Knauf Detailblatt W11.de.
System: Knauf Metallständerwand W112.de"
"W112-74.de","Nichttragende innere Trennwand DIN 4103-1 als Montagewand,</br>Brandschutztechnische Anforderungen an die Bekleidung,
Feuerwiderstandsklasse 90 Minuten nach DIN 4102-2.</br>Wandhöhe: … m
(max. zul. Wandhöhe: 5,05 m)</br>Wanddicke: 125 mm</br>Umlaufende Anschlüsse starr,
vorhandener Befestigungsuntergrund Stahlbeton/ Mauerwerk ... / Leichtbeton *,
Ausführung mit Unterkonstruktion aus verzinkten Stahlblechprofilen DIN 18182-1,
Metallständer CW 75, Achsabstand 625 mm, Boden und Deckenanschlüsse mit Randprofilen UW 75/40,
Befestigung mit bauaufsichtlich zugelassenen Befestigungsmitteln.</br>Beplankung beidseitig aus Gipsplatten GKFI DIN 18180 bzw. Typ DFH2 EN 520: Feuerschutzplatte Knauf Piano imprägniert, zweilagig, Plattendicke 2x 12,5 mm,
Verarbeitung gemäß DIN 18181.</br>Verspachtelung der Gipsplatten gemäß Merkblatt Nr. 2 des Bundesverbandes der Gipsindustrie e.V. Qualitätsstufe Q2 Standardverspachtelung,
Verarbeitung gemäß DIN 18181.</br>Ausführung gemäß Knauf Detailblatt W11.de.
System: Knauf Metallständerwand W112.de"
"W112-75.de","Nichttragende innere Trennwand DIN 4103-1 als Montagewand,</br>Brandschutztechnische Anforderungen an die Bekleidung,
Feuerwiderstandsklasse 90 Minuten nach DIN 4102-2.</br>Rechenwert des bewerteten Schalldämm-Maßes Rw,R = 55 dB.</br>Bewertetes Schalldämm-Maß Rw = 57,2 dB</br>Wandhöhe: … m
(max. zul. Wandhöhe: 5,05 m)</br>Wanddicke: 125 mm</br>Umlaufende Anschlüsse starr,
vorhandener Befestigungsuntergrund Stahlbeton/ Mauerwerk ... / Leichtbeton *,
Ausführung mit Unterkonstruktion aus verzinkten Stahlblechprofilen DIN 18182-1,
Metallständer CW 75, Achsabstand 625 mm, Boden und Deckenanschlüsse mit Randprofilen UW 75/40,
Befestigung mit bauaufsichtlich zugelassenen Befestigungsmitteln.</br>Dämmschicht aus Mineralwolle nach DIN EN 13162, Dicke 60 mm,
Brandverhalten nach DIN EN 13501-1: A1,
Wärmeleitfähigkeit λ ≤ 0,040 W/(mK),*
längenbezogener Strömungswiderstand nach DIN EN 29053: r ≥ 5 kPa·s/m²,
einlagig, dicht stoßen, abrutschsicher verlegen,
Produkt: Knauf Insulation Trennwand-Dämmplatte TP 115
(Hergestellt mit Ecose® Technology, einem formaldehydfreien Bindemittel auf Basis vorwiegend natürlich-organischer Grundstoffe ohne Zusatz von künstlichen Farben oder Färbemitteln)
oder gleichwertig. *</br>Beplankung beidseitig aus Gipsplatten GKF DIN 18180 bzw. Typ DF EN 520: Feuerschutzplatte Knauf Piano,
zweilagig, Plattendicke 2x 12,5 mm,
Verarbeitung gemäß DIN 18181.</br>Verspachtelung der Gipsplatten gemäß Merkblatt Nr. 2 des Bundesverbandes der Gipsindustrie e.V. Qualitätsstufe Q2 Standardverspachtelung,
Verarbeitung gemäß DIN 18181.</br>Ausführung gemäß Knauf Detailblatt W11.de.
System: Knauf Metallständerwand W112.de</br>Diese Ausführung ist eine Erweiterung zum Verwendbarkeitsnachweis Brandschutz.
Vorherige Abstimmung gem. Knauf Brandschutzordner, Abschnitt Nutzungshinweise empfohlen."
"W112-76.de","Nichttragende innere Trennwand DIN 4103-1 als Montagewand,</br>Brandschutztechnische Anforderungen an die Bekleidung,
Feuerwiderstandsklasse 90 Minuten nach DIN 4102-2.</br>Rechenwert des bewerteten Schalldämm-Maßes Rw,R = 55 dB.</br>Bewertetes Schalldämm-Maß Rw = 57,2 dB</br>Wandhöhe: … m
(max. zul. Wandhöhe: 5,05 m)</br>Wanddicke: 125 mm</br>Umlaufende Anschlüsse starr,
vorhandener Befestigungsuntergrund Stahlbeton/ Mauerwerk ... / Leichtbeton *,
Ausführung mit Unterkonstruktion aus verzinkten Stahlblechprofilen DIN 18182-1,
Metallständer CW 75, Achsabstand 625 mm, Boden und Deckenanschlüsse mit Randprofilen UW 75/40,
Befestigung mit bauaufsichtlich zugelassenen Befestigungsmitteln.</br>Dämmschicht aus Mineralwolle nach DIN EN 13162, Dicke 60 mm,
Brandverhalten nach DIN EN 13501-1: A1,
Wärmeleitfähigkeit λ ≤ 0,040 W/(mK),*
längenbezogener Strömungswiderstand nach DIN EN 29053: r ≥ 5 kPa·s/m²,
einlagig, dicht stoßen, abrutschsicher verlegen,
Produkt: Knauf Insulation Trennwand-Dämmplatte TP 115
(Hergestellt mit Ecose® Technology, einem formaldehydfreien Bindemittel auf Basis vorwiegend natürlich-organischer Grundstoffe ohne Zusatz von künstlichen Farben oder Färbemitteln)
oder gleichwertig. *</br>Beplankung beidseitig aus Gipsplatten GKFI DIN 18180 bzw. Typ DFH2 EN 520: Feuerschutzplatte Knauf Piano imprägniert, zweilagig, Plattendicke 2x 12,5 mm,
Verarbeitung gemäß DIN 18181.</br>Verspachtelung der Gipsplatten gemäß Merkblatt Nr. 2 des Bundesverbandes der Gipsindustrie e.V. Qualitätsstufe Q2 Standardverspachtelung,
Verarbeitung gemäß DIN 18181.</br>Ausführung gemäß Knauf Detailblatt W11.de.
System: Knauf Metallständerwand W112.de</br>Diese Ausführung ist eine Erweiterung zum Verwendbarkeitsnachweis Brandschutz.
Vorherige Abstimmung gem. Knauf Brandschutzordner, Abschnitt Nutzungshinweise empfohlen."
"W112-77.de","Nichttragende innere Trennwand DIN 4103-1 als Montagewand,</br>Brandschutztechnische Anforderungen an die Bekleidung,
Feuerwiderstandsklasse 90 Minuten nach DIN 4102-2.</br>Wandhöhe: … m
(max. zul. Wandhöhe: 5,60 m)</br>Wanddicke: 125 mm</br>Umlaufende Anschlüsse starr,
vorhandener Befestigungsuntergrund Stahlbeton/ Mauerwerk ... / Leichtbeton *,
Ausführung mit Unterkonstruktion aus verzinkten Stahlblechprofilen DIN 18182-1,
Metallständer CW 75, Achsabstand 417 mm, Boden und Deckenanschlüsse mit Randprofilen UW 75/40.</br>Beplankung beidseitig aus Gipsplatten GKF DIN 18180 bzw. Typ DF EN 520: Feuerschutzplatte Knauf Piano,
zweilagig, Plattendicke 2x 12,5 mm,
Verarbeitung gemäß DIN 18181.</br>Verspachtelung der Gipsplatten gemäß Merkblatt Nr. 2 des Bundesverbandes der Gipsindustrie e.V. Qualitätsstufe Q2 Standardverspachtelung,
Verarbeitung gemäß DIN 18181.</br>Ausführung gemäß Knauf Detailblatt W11.de.
System: Knauf Metallständerwand W112.de"
"W112-78.de","Nichttragende innere Trennwand DIN 4103-1 als Montagewand,</br>Brandschutztechnische Anforderungen an die Bekleidung,
Feuerwiderstandsklasse 90 Minuten nach DIN 4102-2.</br>Wandhöhe: … m
(max. zul. Wandhöhe: 5,60 m)</br>Wanddicke: 125 mm</br>Umlaufende Anschlüsse starr,
vorhandener Befestigungsuntergrund Stahlbeton/ Mauerwerk ... / Leichtbeton *,
Ausführung mit Unterkonstruktion aus verzinkten Stahlblechprofilen DIN 18182-1,
Metallständer CW 75, Achsabstand 417 mm, Boden und Deckenanschlüsse mit Randprofilen UW 75/40.</br>Beplankung beidseitig aus Gipsplatten GKFI DIN 18180 bzw. Typ DFH2 EN 520: Feuerschutzplatte Knauf Piano imprägniert, zweilagig, Plattendicke 2x 12,5 mm,
Verarbeitung gemäß DIN 18181.</br>Verspachtelung der Gipsplatten gemäß Merkblatt Nr. 2 des Bundesverbandes der Gipsindustrie e.V. Qualitätsstufe Q2 Standardverspachtelung,
Verarbeitung gemäß DIN 18181.</br>Ausführung gemäß Knauf Detailblatt W11.de.
System: Knauf Metallständerwand W112.de"
"W112-79.de","Nichttragende innere Trennwand DIN 4103-1 als Montagewand,</br>Brandschutztechnische Anforderungen an die Bekleidung,
Feuerwiderstandsklasse 90 Minuten nach DIN 4102-2.</br>Wandhöhe: … m
(max. zul. Wandhöhe: 5,60 m)</br>Wanddicke: 125 mm</br>Umlaufende Anschlüsse starr,
vorhandener Befestigungsuntergrund Stahlbeton/ Mauerwerk ... / Leichtbeton *,
Ausführung mit Unterkonstruktion aus verzinkten Stahlblechprofilen DIN 18182-1,
Metallständer CW 75, Achsabstand 312,5 mm, Boden und Deckenanschlüsse mit Randprofilen UW 75/40.</br>Beplankung beidseitig aus Gipsplatten GKF DIN 18180 bzw. Typ DF EN 520: Feuerschutzplatte Knauf Piano,
zweilagig, Plattendicke 2x 12,5 mm,
Verarbeitung gemäß DIN 18181.</br>Verspachtelung der Gipsplatten gemäß Merkblatt Nr. 2 des Bundesverbandes der Gipsindustrie e.V. Qualitätsstufe Q2 Standardverspachtelung,
Verarbeitung gemäß DIN 18181.</br>Ausführung gemäß Knauf Detailblatt W11.de.
System: Knauf Metallständerwand W112.de"
"W112-80.de","Nichttragende innere Trennwand DIN 4103-1 als Montagewand,</br>Brandschutztechnische Anforderungen an die Bekleidung,
Feuerwiderstandsklasse 90 Minuten nach DIN 4102-2.</br>Wandhöhe: … m
(max. zul. Wandhöhe: 5,60 m)</br>Wanddicke: 125 mm</br>Umlaufende Anschlüsse starr,
vorhandener Befestigungsuntergrund Stahlbeton/ Mauerwerk ... / Leichtbeton *,
Ausführung mit Unterkonstruktion aus verzinkten Stahlblechprofilen DIN 18182-1,
Metallständer CW 75, Achsabstand 312,5 mm, Boden und Deckenanschlüsse mit Randprofilen UW 75/40.</br>Beplankung beidseitig aus Gipsplatten GKFI DIN 18180 bzw. Typ DFH2 EN 520: Feuerschutzplatte Knauf Piano imprägniert, zweilagig, Plattendicke 2x 12,5 mm,
Verarbeitung gemäß DIN 18181.</br>Verspachtelung der Gipsplatten gemäß Merkblatt Nr. 2 des Bundesverbandes der Gipsindustrie e.V. Qualitätsstufe Q2 Standardverspachtelung,
Verarbeitung gemäß DIN 18181.</br>Ausführung gemäß Knauf Detailblatt W11.de.
System: Knauf Metallständerwand W112.de"
"W112-81.de","Nichttragende innere Trennwand DIN 4103-1 als Montagewand,</br>Brandschutztechnische Anforderungen an die Bekleidung,
Feuerwiderstandsklasse 90 Minuten nach DIN 4102-2.</br>Wandhöhe: … m
(max. zul. Wandhöhe: 7,00 m)</br>Wanddicke: 150 mm</br>Umlaufende Anschlüsse starr,
vorhandener Befestigungsuntergrund Stahlbeton/ Mauerwerk ... / Leichtbeton *,
Ausführung mit Unterkonstruktion aus verzinkten Stahlblechprofilen DIN 18182-1,
Metallständer CW 100, Achsabstand 625 mm, Boden und Deckenanschlüsse mit Randprofilen UW 100/40,
Befestigung mit bauaufsichtlich zugelassenen Befestigungsmitteln.</br>Beplankung beidseitig aus Gipsplatten GKF DIN 18180 bzw. Typ DF EN 520: Feuerschutzplatte Knauf Piano,
zweilagig, Plattendicke 2x 12,5 mm,
Verarbeitung gemäß DIN 18181.</br>Verspachtelung der Gipsplatten gemäß Merkblatt Nr. 2 des Bundesverbandes der Gipsindustrie e.V. Qualitätsstufe Q2 Standardverspachtelung,
Verarbeitung gemäß DIN 18181.</br>Ausführung gemäß Knauf Detailblatt W11.de.
System: Knauf Metallständerwand W112.de"
"W112-82.de","Nichttragende innere Trennwand DIN 4103-1 als Montagewand,</br>Brandschutztechnische Anforderungen an die Bekleidung,
Feuerwiderstandsklasse 90 Minuten nach DIN 4102-2.</br>Wandhöhe: … m
(max. zul. Wandhöhe: 7,00 m)</br>Wanddicke: 150 mm</br>Umlaufende Anschlüsse starr,
vorhandener Befestigungsuntergrund Stahlbeton/ Mauerwerk ... / Leichtbeton *,
Ausführung mit Unterkonstruktion aus verzinkten Stahlblechprofilen DIN 18182-1,
Metallständer CW 100, Achsabstand 625 mm, Boden und Deckenanschlüsse mit Randprofilen UW 100/40,
Befestigung mit bauaufsichtlich zugelassenen Befestigungsmitteln.</br>Beplankung beidseitig aus Gipsplatten GKFI DIN 18180 bzw. Typ DFH2 EN 520: Feuerschutzplatte Knauf Piano imprägniert, zweilagig, Plattendicke 2x 12,5 mm,
Verarbeitung gemäß DIN 18181.</br>Verspachtelung der Gipsplatten gemäß Merkblatt Nr. 2 des Bundesverbandes der Gipsindustrie e.V. Qualitätsstufe Q2 Standardverspachtelung,
Verarbeitung gemäß DIN 18181.</br>Ausführung gemäß Knauf Detailblatt W11.de.
System: Knauf Metallständerwand W112.de"
"W112-83.de","Nichttragende innere Trennwand DIN 4103-1 als Montagewand,</br>Brandschutztechnische Anforderungen an die Bekleidung,
Feuerwiderstandsklasse 90 Minuten nach DIN 4102-2.</br>Rechenwert des bewerteten Schalldämm-Maßes Rw,R = 57 dB.</br>Bewertetes Schalldämm-Maß Rw = 59,8 dB</br>Wandhöhe: … m
(max. zul. Wandhöhe: 7,00 m)</br>Wanddicke: 150 mm</br>Umlaufende Anschlüsse starr,
vorhandener Befestigungsuntergrund Stahlbeton/ Mauerwerk ... / Leichtbeton *,
Ausführung mit Unterkonstruktion aus verzinkten Stahlblechprofilen DIN 18182-1,
Metallständer CW 100, Achsabstand 625 mm, Boden und Deckenanschlüsse mit Randprofilen UW 100/40,
Befestigung mit bauaufsichtlich zugelassenen Befestigungsmitteln.</br>Dämmschicht aus Mineralwolle nach DIN EN 13162, Dicke 80 mm,
Brandverhalten nach DIN EN 13501-1: A1,
Wärmeleitfähigkeit λ ≤ 0,040 W/(mK),*
längenbezogener Strömungswiderstand nach DIN EN 29053: r ≥ 5 kPa·s/m²,
einlagig, dicht stoßen, abrutschsicher verlegen,
Produkte: Knauf Insulation Trennwand-Dämmplatte TP 115
(Hergestellt mit Ecose® Technology, einem formaldehydfreien Bindemittel auf Basis vorwiegend natürlich-organischer Grundstoffe ohne Zusatz von künstlichen Farben oder Färbemitteln)
oder gleichwertig. *</br>Beplankung beidseitig aus Gipsplatten GKF DIN 18180 bzw. Typ DF EN 520: Feuerschutzplatte Knauf Piano,
zweilagig, Plattendicke 2x 12,5 mm,
Verarbeitung gemäß DIN 18181.</br>Verspachtelung der Gipsplatten gemäß Merkblatt Nr. 2 des Bundesverbandes der Gipsindustrie e.V. Qualitätsstufe Q2 Standardverspachtelung,
Verarbeitung gemäß DIN 18181.</br>Ausführung gemäß Knauf Detailblatt W11.de.
System: Knauf Metallständerwand W112.de</br>Diese Ausführung ist eine Erweiterung zum Verwendbarkeitsnachweis Brandschutz.
Vorherige Abstimmung gem. Knauf Brandschutzordner, Abschnitt Nutzungshinweise empfohlen."
"W112-84.de","Nichttragende innere Trennwand DIN 4103-1 als Montagewand,</br>Brandschutztechnische Anforderungen an die Bekleidung,
Feuerwiderstandsklasse 90 Minuten nach DIN 4102-2.</br>Rechenwert des bewerteten Schalldämm-Maßes Rw,R = 57 dB.</br>Bewertetes Schalldämm-Maß Rw = 59,8 dB</br>Wandhöhe: … m
(max. zul. Wandhöhe: 7,00 m)</br>Wanddicke: 150 mm</br>Umlaufende Anschlüsse starr,
vorhandener Befestigungsuntergrund Stahlbeton/ Mauerwerk ... / Leichtbeton *,
Ausführung mit Unterkonstruktion aus verzinkten Stahlblechprofilen DIN 18182-1,
Metallständer CW 100, Achsabstand 625 mm, Boden und Deckenanschlüsse mit Randprofilen UW 100/40,
Befestigung mit bauaufsichtlich zugelassenen Befestigungsmitteln.</br>Dämmschicht aus Mineralwolle nach DIN EN 13162, Dicke 80 mm,
Brandverhalten nach DIN EN 13501-1: A1,
Wärmeleitfähigkeit λ ≤ 0,040 W/(mK),*
längenbezogener Strömungswiderstand nach DIN EN 29053: r ≥ 5 kPa·s/m²,
einlagig, dicht stoßen, abrutschsicher verlegen,
Produkte: Knauf Insulation Trennwand-Dämmplatte TP 115
(Hergestellt mit Ecose® Technology, einem formaldehydfreien Bindemittel auf Basis vorwiegend natürlich-organischer Grundstoffe ohne Zusatz von künstlichen Farben oder Färbemitteln)
oder gleichwertig. *</br>Beplankung beidseitig aus Gipsplatten GKFI DIN 18180 bzw. Typ DFH2 EN 520: Feuerschutzplatte Knauf Piano imprägniert, zweilagig, Plattendicke 2x 12,5 mm,
Verarbeitung gemäß DIN 18181.</br>Verspachtelung der Gipsplatten gemäß Merkblatt Nr. 2 des Bundesverbandes der Gipsindustrie e.V. Qualitätsstufe Q2 Standardverspachtelung,
Verarbeitung gemäß DIN 18181.</br>Ausführung gemäß Knauf Detailblatt W11.de.
System: Knauf Metallständerwand W112.de</br>Diese Ausführung ist eine Erweiterung zum Verwendbarkeitsnachweis Brandschutz.
Vorherige Abstimmung gem. Knauf Brandschutzordner, Abschnitt Nutzungshinweise empfohlen."
"W112-85.de","Nichttragende innere Trennwand DIN 4103-1 als Montagewand,</br>Brandschutztechnische Anforderungen an die Bekleidung,
Feuerwiderstandsklasse 90 Minuten nach DIN 4102-2.</br>Wandhöhe: … m
(max. zul. Wandhöhe: 7,00 m)</br>Wanddicke: 150 mm</br>Umlaufende Anschlüsse starr,
vorhandener Befestigungsuntergrund Stahlbeton/ Mauerwerk ... / Leichtbeton *,
Ausführung mit Unterkonstruktion aus verzinkten Stahlblechprofilen DIN 18182-1,
Metallständer CW 100, Achsabstand 417 mm, Boden und Deckenanschlüsse mit Randprofilen UW 100/40.</br>Beplankung beidseitig aus Gipsplatten GKF DIN 18180 bzw. Typ DF EN 520: Feuerschutzplatte Knauf Piano,
zweilagig, Plattendicke 2x 12,5 mm,
Verarbeitung gemäß DIN 18181.</br>Verspachtelung der Gipsplatten gemäß Merkblatt Nr. 2 des Bundesverbandes der Gipsindustrie e.V. Qualitätsstufe Q2 Standardverspachtelung,
Verarbeitung gemäß DIN 18181.</br>Ausführung gemäß Knauf Detailblatt W11.de.
System: Knauf Metallständerwand W112.de"
"W112-86.de","Nichttragende innere Trennwand DIN 4103-1 als Montagewand,</br>Brandschutztechnische Anforderungen an die Bekleidung,
Feuerwiderstandsklasse 90 Minuten nach DIN 4102-2.</br>Wandhöhe: … m
(max. zul. Wandhöhe: 7,00 m)</br>Wanddicke: 150 mm</br>Umlaufende Anschlüsse starr,
vorhandener Befestigungsuntergrund Stahlbeton/ Mauerwerk ... / Leichtbeton *,
Ausführung mit Unterkonstruktion aus verzinkten Stahlblechprofilen DIN 18182-1,
Metallständer CW 100, Achsabstand 417 mm, Boden und Deckenanschlüsse mit Randprofilen UW 100/40.</br>Beplankung beidseitig aus Gipsplatten GKFI DIN 18180 bzw. Typ DFH2 EN 520: Feuerschutzplatte Knauf Piano imprägniert, zweilagig, Plattendicke 2x 12,5 mm,
Verarbeitung gemäß DIN 18181.</br>Verspachtelung der Gipsplatten gemäß Merkblatt Nr. 2 des Bundesverbandes der Gipsindustrie e.V. Qualitätsstufe Q2 Standardverspachtelung,
Verarbeitung gemäß DIN 18181.</br>Ausführung gemäß Knauf Detailblatt W11.de.
System: Knauf Metallständerwand W112.de"
"W112-87.de","Nichttragende innere Trennwand DIN 4103-1 als Montagewand,</br>Brandschutztechnische Anforderungen an die Bekleidung,
Feuerwiderstandsklasse 90 Minuten nach DIN 4102-2.</br>Wandhöhe: … m
(max. zul. Wandhöhe: 7,00 m)</br>Wanddicke: 150 mm</br>Umlaufende Anschlüsse starr,
vorhandener Befestigungsuntergrund Stahlbeton/ Mauerwerk ... / Leichtbeton *,
Ausführung mit Unterkonstruktion aus verzinkten Stahlblechprofilen DIN 18182-1,
Metallständer CW 100, Achsabstand 312,5 mm, Boden und Deckenanschlüsse mit Randprofilen UW 100/40.</br>Beplankung beidseitig aus Gipsplatten GKF DIN 18180 bzw. Typ DF EN 520: Feuerschutzplatte Knauf Piano,
zweilagig, Plattendicke 2x 12,5 mm,
Verarbeitung gemäß DIN 18181.</br>Verspachtelung der Gipsplatten gemäß Merkblatt Nr. 2 des Bundesverbandes der Gipsindustrie e.V. Qualitätsstufe Q2 Standardverspachtelung,
Verarbeitung gemäß DIN 18181.</br>Ausführung gemäß Knauf Detailblatt W11.de.
System: Knauf Metallständerwand W112.de"
"W112-88.de","Nichttragende innere Trennwand DIN 4103-1 als Montagewand,</br>Brandschutztechnische Anforderungen an die Bekleidung,
Feuerwiderstandsklasse 90 Minuten nach DIN 4102-2.</br>Wandhöhe: … m
(max. zul. Wandhöhe: 7,00 m)</br>Wanddicke: 150 mm</br>Umlaufende Anschlüsse starr,
vorhandener Befestigungsuntergrund Stahlbeton/ Mauerwerk ... / Leichtbeton *,
Ausführung mit Unterkonstruktion aus verzinkten Stahlblechprofilen DIN 18182-1,
Metallständer CW 100, Achsabstand 312,5 mm, Boden und Deckenanschlüsse mit Randprofilen UW 100/40.</br>Beplankung beidseitig aus Gipsplatten GKFI DIN 18180 bzw. Typ DFH2 EN 520: Feuerschutzplatte Knauf Piano imprägniert, zweilagig, Plattendicke 2x 12,5 mm,
Verarbeitung gemäß DIN 18181.</br>Verspachtelung der Gipsplatten gemäß Merkblatt Nr. 2 des Bundesverbandes der Gipsindustrie e.V. Qualitätsstufe Q2 Standardverspachtelung,
Verarbeitung gemäß DIN 18181.</br>Ausführung gemäß Knauf Detailblatt W11.de.
System: Knauf Metallständerwand W112.de"
"W112-89.de","Nichttragende innere Trennwand DIN 4103-1 als Montagewand,</br>Brandschutztechnische Anforderungen an die Bekleidung,
Feuerwiderstandsklasse 90 Minuten nach DIN 4102-2.</br>Wandhöhe: … m
(max. zul. Wandhöhe: 7,00 m)</br>Wanddicke: 175 mm</br>Umlaufende Anschlüsse starr,
vorhandener Befestigungsuntergrund Stahlbeton/ Mauerwerk ... / Leichtbeton *,
Ausführung mit Unterkonstruktion aus verzinkten Stahlblechprofilen DIN 18182-1,
Metallständer CW 125, Achsabstand 625 mm, Boden und Deckenanschlüsse mit Randprofilen UW 100/40,
Befestigung mit bauaufsichtlich zugelassenen Befestigungsmitteln.</br>Beplankung beidseitig aus Gipsplatten GKF DIN 18180 bzw. Typ DF EN 520: Feuerschutzplatte Knauf Piano,
zweilagig, Plattendicke 2x 12,5 mm,
Verarbeitung gemäß DIN 18181.</br>Verspachtelung der Gipsplatten gemäß Merkblatt Nr. 2 des Bundesverbandes der Gipsindustrie e.V. Qualitätsstufe Q2 Standardverspachtelung,
Verarbeitung gemäß DIN 18181.</br>Ausführung gemäß Knauf Detailblatt W11.de.
System: Knauf Metallständerwand W112.de"
"W112-90.de","Nichttragende innere Trennwand DIN 4103-1 als Montagewand,</br>Brandschutztechnische Anforderungen an die Bekleidung,
Feuerwiderstandsklasse 90 Minuten nach DIN 4102-2.</br>Wandhöhe: … m
(max. zul. Wandhöhe: 7,00 m)</br>Wanddicke: 175 mm</br>Umlaufende Anschlüsse starr,
vorhandener Befestigungsuntergrund Stahlbeton/ Mauerwerk ... / Leichtbeton *,
Ausführung mit Unterkonstruktion aus verzinkten Stahlblechprofilen DIN 18182-1,
Metallständer CW 125, Achsabstand 625 mm, Boden und Deckenanschlüsse mit Randprofilen UW 100/40,
Befestigung mit bauaufsichtlich zugelassenen Befestigungsmitteln.</br>Beplankung beidseitig aus Gipsplatten GKFI DIN 18180 bzw. Typ DFH2 EN 520: Feuerschutzplatte Knauf Piano imprägniert, zweilagig, Plattendicke 2x 12,5 mm,
Verarbeitung gemäß DIN 18181.</br>Verspachtelung der Gipsplatten gemäß Merkblatt Nr. 2 des Bundesverbandes der Gipsindustrie e.V. Qualitätsstufe Q2 Standardverspachtelung,
Verarbeitung gemäß DIN 18181.</br>Ausführung gemäß Knauf Detailblatt W11.de.
System: Knauf Metallständerwand W112.de"
"W112-91.de","Nichttragende innere Trennwand DIN 4103-1 als Montagewand,</br>Brandschutztechnische Anforderungen an die Bekleidung,
Feuerwiderstandsklasse 90 Minuten nach DIN 4102-2.</br>Wandhöhe: … m
(max. zul. Wandhöhe: 7,00 m)</br>Wanddicke: 175 mm</br>Umlaufende Anschlüsse starr,
vorhandener Befestigungsuntergrund Stahlbeton/ Mauerwerk ... / Leichtbeton *,
Ausführung mit Unterkonstruktion aus verzinkten Stahlblechprofilen DIN 18182-1,
Metallständer CW 125, Achsabstand 417 mm, Boden und Deckenanschlüsse mit Randprofilen UW 125/40.</br>Beplankung beidseitig aus Gipsplatten GKF DIN 18180 bzw. Typ DF EN 520: Feuerschutzplatte Knauf Piano,
zweilagig, Plattendicke 2x 12,5 mm,
Verarbeitung gemäß DIN 18181.</br>Verspachtelung der Gipsplatten gemäß Merkblatt Nr. 2 des Bundesverbandes der Gipsindustrie e.V. Qualitätsstufe Q2 Standardverspachtelung,
Verarbeitung gemäß DIN 18181.</br>Ausführung gemäß Knauf Detailblatt W11.de.
System: Knauf Metallständerwand W112.de"
"W112-92.de","Nichttragende innere Trennwand DIN 4103-1 als Montagewand,</br>Brandschutztechnische Anforderungen an die Bekleidung,
Feuerwiderstandsklasse 90 Minuten nach DIN 4102-2.</br>Wandhöhe: … m
(max. zul. Wandhöhe: 7,00 m)</br>Wanddicke: 175 mm</br>Umlaufende Anschlüsse starr,
vorhandener Befestigungsuntergrund Stahlbeton/ Mauerwerk ... / Leichtbeton *,
Ausführung mit Unterkonstruktion aus verzinkten Stahlblechprofilen DIN 18182-1,
Metallständer CW 125, Achsabstand 417 mm, Boden und Deckenanschlüsse mit Randprofilen UW 125/40.</br>Beplankung beidseitig aus Gipsplatten GKFI DIN 18180 bzw. Typ DFH2 EN 520: Feuerschutzplatte Knauf Piano imprägniert, zweilagig, Plattendicke 2x 12,5 mm,
Verarbeitung gemäß DIN 18181.</br>Verspachtelung der Gipsplatten gemäß Merkblatt Nr. 2 des Bundesverbandes der Gipsindustrie e.V. Qualitätsstufe Q2 Standardverspachtelung,
Verarbeitung gemäß DIN 18181.</br>Ausführung gemäß Knauf Detailblatt W11.de.
System: Knauf Metallständerwand W112.de"
"W112-93.de","Nichttragende innere Trennwand DIN 4103-1 als Montagewand,</br>Brandschutztechnische Anforderungen an die Bekleidung,
Feuerwiderstandsklasse 90 Minuten nach DIN 4102-2.</br>Wandhöhe: … m
(max. zul. Wandhöhe: 7,00 m)</br>Wanddicke: 175 mm</br>Umlaufende Anschlüsse starr,
vorhandener Befestigungsuntergrund Stahlbeton/ Mauerwerk ... / Leichtbeton *,
Ausführung mit Unterkonstruktion aus verzinkten Stahlblechprofilen DIN 18182-1,
Metallständer CW 125, Achsabstand 312,5 mm, Boden und Deckenanschlüsse mit Randprofilen UW 125/40.</br>Beplankung beidseitig aus Gipsplatten GKF DIN 18180 bzw. Typ DF EN 520: Feuerschutzplatte Knauf Piano,
zweilagig, Plattendicke 2x 12,5 mm,
Verarbeitung gemäß DIN 18181.</br>Verspachtelung der Gipsplatten gemäß Merkblatt Nr. 2 des Bundesverbandes der Gipsindustrie e.V. Qualitätsstufe Q2 Standardverspachtelung,
Verarbeitung gemäß DIN 18181.</br>Ausführung gemäß Knauf Detailblatt W11.de.
System: Knauf Metallständerwand W112.de"
"W112-94.de","Nichttragende innere Trennwand DIN 4103-1 als Montagewand,</br>Brandschutztechnische Anforderungen an die Bekleidung,
Feuerwiderstandsklasse 90 Minuten nach DIN 4102-2.</br>Wandhöhe: … m
(max. zul. Wandhöhe: 7,00 m)</br>Wanddicke: 175 mm</br>Umlaufende Anschlüsse starr,
vorhandener Befestigungsuntergrund Stahlbeton/ Mauerwerk ... / Leichtbeton *,
Ausführung mit Unterkonstruktion aus verzinkten Stahlblechprofilen DIN 18182-1,
Metallständer CW 125, Achsabstand 312,5 mm, Boden und Deckenanschlüsse mit Randprofilen UW 125/40.</br>Beplankung beidseitig aus Gipsplatten GKFI DIN 18180 bzw. Typ DFH2 EN 520: Feuerschutzplatte Knauf Piano imprägniert, zweilagig, Plattendicke 2x 12,5 mm,
Verarbeitung gemäß DIN 18181.</br>Verspachtelung der Gipsplatten gemäß Merkblatt Nr. 2 des Bundesverbandes der Gipsindustrie e.V. Qualitätsstufe Q2 Standardverspachtelung,
Verarbeitung gemäß DIN 18181.</br>Ausführung gemäß Knauf Detailblatt W11.de.
System: Knauf Metallständerwand W112.de"
"W112-95.de","Nichttragende innere Trennwand DIN 4103-1 als Montagewand,</br>Brandschutztechnische Anforderungen an die Bekleidung,
Feuerwiderstandsklasse 90 Minuten nach DIN 4102-2.</br>Wandhöhe: … m
(max. zul. Wandhöhe: 7,00 m)</br>Wanddicke: 200 mm</br>Umlaufende Anschlüsse starr,
vorhandener Befestigungsuntergrund Stahlbeton/ Mauerwerk ... / Leichtbeton *,
Ausführung mit Unterkonstruktion aus verzinkten Stahlblechprofilen DIN 18182-1,
Metallständer CW 150, Achsabstand 625 mm, Boden und Deckenanschlüsse mit Randprofilen UW 100/40.</br>Beplankung beidseitig aus Gipsplatten GKF DIN 18180 bzw. Typ DF EN 520: Feuerschutzplatte Knauf Piano,
zweilagig, Plattendicke 2x 12,5 mm,
Verarbeitung gemäß DIN 18181.</br>Verspachtelung der Gipsplatten gemäß Merkblatt Nr. 2 des Bundesverbandes der Gipsindustrie e.V. Qualitätsstufe Q2 Standardverspachtelung,
Verarbeitung gemäß DIN 18181.</br>Ausführung gemäß Knauf Detailblatt W11.de.
System: Knauf Metallständerwand W112.de"
"W112-96.de","Nichttragende innere Trennwand DIN 4103-1 als Montagewand,</br>Brandschutztechnische Anforderungen an die Bekleidung,
Feuerwiderstandsklasse 90 Minuten nach DIN 4102-2.</br>Wandhöhe: … m
(max. zul. Wandhöhe: 7,00 m)</br>Wanddicke: 200 mm</br>Umlaufende Anschlüsse starr,
vorhandener Befestigungsuntergrund Stahlbeton/ Mauerwerk ... / Leichtbeton *,
Ausführung mit Unterkonstruktion aus verzinkten Stahlblechprofilen DIN 18182-1,
Metallständer CW 150, Achsabstand 625 mm, Boden und Deckenanschlüsse mit Randprofilen UW 100/40.</br>Beplankung beidseitig aus Gipsplatten GKFI DIN 18180 bzw. Typ DFH2 EN 520: Feuerschutzplatte Knauf Piano imprägniert, zweilagig, Plattendicke 2x 12,5 mm,
Verarbeitung gemäß DIN 18181.</br>Verspachtelung der Gipsplatten gemäß Merkblatt Nr. 2 des Bundesverbandes der Gipsindustrie e.V. Qualitätsstufe Q2 Standardverspachtelung,
Verarbeitung gemäß DIN 18181.</br>Ausführung gemäß Knauf Detailblatt W11.de.
System: Knauf Metallständerwand W112.de"
"W112-97.de","Nichttragende innere Trennwand DIN 4103-1 als Montagewand,</br>Brandschutztechnische Anforderungen an die Bekleidung,
Feuerwiderstandsklasse 90 Minuten nach DIN 4102-2.</br>Wandhöhe: … m
(max. zul. Wandhöhe: 7,00 m)</br>Wanddicke: 200 mm</br>Umlaufende Anschlüsse starr,
vorhandener Befestigungsuntergrund Stahlbeton/ Mauerwerk ... / Leichtbeton *,
Ausführung mit Unterkonstruktion aus verzinkten Stahlblechprofilen DIN 18182-1,
Metallständer CW 150, Achsabstand 417 mm, Boden und Deckenanschlüsse mit Randprofilen UW 150/40.</br>Beplankung beidseitig aus Gipsplatten GKF DIN 18180 bzw. Typ DF EN 520: Feuerschutzplatte Knauf Piano,
zweilagig, Plattendicke 2x 12,5 mm,
Verarbeitung gemäß DIN 18181.</br>Verspachtelung der Gipsplatten gemäß Merkblatt Nr. 2 des Bundesverbandes der Gipsindustrie e.V. Qualitätsstufe Q2 Standardverspachtelung,
Verarbeitung gemäß DIN 18181.</br>Ausführung gemäß Knauf Detailblatt W11.de.
System: Knauf Metallständerwand W112.de"
"W112-98.de","Nichttragende innere Trennwand DIN 4103-1 als Montagewand,</br>Brandschutztechnische Anforderungen an die Bekleidung,
Feuerwiderstandsklasse 90 Minuten nach DIN 4102-2.</br>Wandhöhe: … m
(max. zul. Wandhöhe: 7,00 m)</br>Wanddicke: 200 mm</br>Umlaufende Anschlüsse starr,
vorhandener Befestigungsuntergrund Stahlbeton/ Mauerwerk ... / Leichtbeton *,
Ausführung mit Unterkonstruktion aus verzinkten Stahlblechprofilen DIN 18182-1,
Metallständer CW 150, Achsabstand 417 mm, Boden und Deckenanschlüsse mit Randprofilen UW 150/40.</br>Beplankung beidseitig aus Gipsplatten GKFI DIN 18180 bzw. Typ DFH2 EN 520: Feuerschutzplatte Knauf Piano imprägniert, zweilagig, Plattendicke 2x 12,5 mm,
Verarbeitung gemäß DIN 18181.</br>Verspachtelung der Gipsplatten gemäß Merkblatt Nr. 2 des Bundesverbandes der Gipsindustrie e.V. Qualitätsstufe Q2 Standardverspachtelung,
Verarbeitung gemäß DIN 18181.</br>Ausführung gemäß Knauf Detailblatt W11.de.
System: Knauf Metallständerwand W112.de"
"W112-99.de","Nichttragende innere Trennwand DIN 4103-1 als Montagewand,</br>Brandschutztechnische Anforderungen an die Bekleidung,
Feuerwiderstandsklasse 90 Minuten nach DIN 4102-2.</br>Wandhöhe: … m
(max. zul. Wandhöhe: 7,00 m)</br>Wanddicke: 200 mm</br>Umlaufende Anschlüsse starr,
vorhandener Befestigungsuntergrund Stahlbeton/ Mauerwerk ... / Leichtbeton *,
Ausführung mit Unterkonstruktion aus verzinkten Stahlblechprofilen DIN 18182-1,
Metallständer CW 150/40, Achsabstand 312,5 mm, Boden und Deckenanschlüsse mit Randprofilen UW 150/40.</br>Beplankung beidseitig aus Gipsplatten GKF DIN 18180 bzw. Typ DF EN 520: Feuerschutzplatte Knauf Piano,
zweilagig, Plattendicke 2x 12,5 mm,
Verarbeitung gemäß DIN 18181.</br>Verspachtelung der Gipsplatten gemäß Merkblatt Nr. 2 des Bundesverbandes der Gipsindustrie e.V. Qualitätsstufe Q2 Standardverspachtelung,
Verarbeitung gemäß DIN 18181.</br>Ausführung gemäß Knauf Detailblatt W11.de.
System: Knauf Metallständerwand W112.de"
"W112-100.de","Nichttragende innere Trennwand DIN 4103-1 als Montagewand,</br>Brandschutztechnische Anforderungen an die Bekleidung,
Feuerwiderstandsklasse 90 Minuten nach DIN 4102-2.</br>Wandhöhe: … m
(max. zul. Wandhöhe: 7,00 m)</br>Wanddicke: 200 mm</br>Umlaufende Anschlüsse starr,
vorhandener Befestigungsuntergrund Stahlbeton/ Mauerwerk ... / Leichtbeton *,
Ausführung mit Unterkonstruktion aus verzinkten Stahlblechprofilen DIN 18182-1,
Metallständer CW 150/40, Achsabstand 312,5 mm, Boden und Deckenanschlüsse mit Randprofilen UW 150/40.</br>Beplankung beidseitig aus Gipsplatten GKFI DIN 18180 bzw. Typ DFH2 EN 520: Feuerschutzplatte Knauf Piano imprägniert, zweilagig, Plattendicke 2x 12,5 mm,
Verarbeitung gemäß DIN 18181.</br>Verspachtelung der Gipsplatten gemäß Merkblatt Nr. 2 des Bundesverbandes der Gipsindustrie e.V. Qualitätsstufe Q2 Standardverspachtelung,
Verarbeitung gemäß DIN 18181.</br>Ausführung gemäß Knauf Detailblatt W11.de.
System: Knauf Metallständerwand W112.de"
"W112-101.de","Nichttragende innere Trennwand DIN 4103-1 als Montagewand,</br>Wandhöhe: … m
(max. zul. Wandhöhe: 5,95 m)</br>Wanddicke: 125 mm</br>Umlaufende Anschlüsse starr,
vorhandener Befestigungsuntergrund Stahlbeton/ Mauerwerk ... / Leichtbeton *,
Ausführung mit Unterkonstruktion aus verzinkten Stahlblechprofilen DIN 18182-1,
Metallständer CW 75, Achsabstand 417 mm, Boden und Deckenanschlüsse mit Randprofilen UW 75/40.</br>Beplankung beidseitig aus Gipsplatten GKF DIN 18180 bzw. Typ DF EN 520: Feuerschutzplatte Knauf Piano,
zweilagig, Plattendicke 2x 12,5 mm,
Verarbeitung gemäß DIN 18181.</br>Verspachtelung der Gipsplatten gemäß Merkblatt Nr. 2 des Bundesverbandes der Gipsindustrie e.V. Qualitätsstufe Q2 Standardverspachtelung,
Verarbeitung gemäß DIN 18181.</br>Ausführung gemäß Knauf Detailblatt W11.de.
System: Knauf Metallständerwand W112.de"
"W112-102.de","Nichttragende innere Trennwand DIN 4103-1 als Montagewand,</br>Wandhöhe: … m
(max. zul. Wandhöhe: 5,95 m)</br>Wanddicke: 125 mm</br>Umlaufende Anschlüsse starr,
vorhandener Befestigungsuntergrund Stahlbeton/ Mauerwerk ... / Leichtbeton *,
Ausführung mit Unterkonstruktion aus verzinkten Stahlblechprofilen DIN 18182-1,
Metallständer CW 75, Achsabstand 417 mm, Boden und Deckenanschlüsse mit Randprofilen UW 75/40.</br>Beplankung beidseitig aus Gipsplatten GKFI DIN 18180 bzw. Typ DFH2 EN 520: Feuerschutzplatte Knauf Piano imprägniert, zweilagig, Plattendicke 2x 12,5 mm,
Verarbeitung gemäß DIN 18181.</br>Verspachtelung der Gipsplatten gemäß Merkblatt Nr. 2 des Bundesverbandes der Gipsindustrie e.V. Qualitätsstufe Q2 Standardverspachtelung,
Verarbeitung gemäß DIN 18181.</br>Ausführung gemäß Knauf Detailblatt W11.de.
System: Knauf Metallständerwand W112.de"
"W112-103.de","Nichttragende innere Trennwand DIN 4103-1 als Montagewand,</br>Wandhöhe: … m
(max. zul. Wandhöhe: 6,50 m)</br>Wanddicke: 125 mm</br>Umlaufende Anschlüsse starr,
vorhandener Befestigungsuntergrund Stahlbeton/ Mauerwerk ... / Leichtbeton *,
Ausführung mit Unterkonstruktion aus verzinkten Stahlblechprofilen DIN 18182-1,
Metallständer CW 75, Achsabstand 312,5 mm, Boden und Deckenanschlüsse mit Randprofilen UW 75/40.</br>Beplankung beidseitig aus Gipsplatten GKF DIN 18180 bzw. Typ DF EN 520: Feuerschutzplatte Knauf Piano,
zweilagig, Plattendicke 2x 12,5 mm,
Verarbeitung gemäß DIN 18181.</br>Verspachtelung der Gipsplatten gemäß Merkblatt Nr. 2 des Bundesverbandes der Gipsindustrie e.V. Qualitätsstufe Q2 Standardverspachtelung,
Verarbeitung gemäß DIN 18181.</br>Ausführung gemäß Knauf Detailblatt W11.de.
System: Knauf Metallständerwand W112.de"
"W112-104.de","Nichttragende innere Trennwand DIN 4103-1 als Montagewand,</br>Wandhöhe: … m
(max. zul. Wandhöhe: 6,50 m)</br>Wanddicke: 125 mm</br>Umlaufende Anschlüsse starr,
vorhandener Befestigungsuntergrund Stahlbeton/ Mauerwerk ... / Leichtbeton *,
Ausführung mit Unterkonstruktion aus verzinkten Stahlblechprofilen DIN 18182-1,
Metallständer CW 75, Achsabstand 312,5 mm, Boden und Deckenanschlüsse mit Randprofilen UW 75/40.</br>Beplankung beidseitig aus Gipsplatten GKFI DIN 18180 bzw. Typ DFH2 EN 520: Feuerschutzplatte Knauf Piano imprägniert, zweilagig, Plattendicke 2x 12,5 mm,
Verarbeitung gemäß DIN 18181.</br>Verspachtelung der Gipsplatten gemäß Merkblatt Nr. 2 des Bundesverbandes der Gipsindustrie e.V. Qualitätsstufe Q2 Standardverspachtelung,
Verarbeitung gemäß DIN 18181.</br>Ausführung gemäß Knauf Detailblatt W11.de.
System: Knauf Metallständerwand W112.de"
"W112-105.de","Nichttragende innere Trennwand DIN 4103-1 als Montagewand,</br>Wandhöhe: … m
(max. zul. Wandhöhe: 7,15 m)</br>Wanddicke: 150 mm</br>Umlaufende Anschlüsse starr,
vorhandener Befestigungsuntergrund Stahlbeton/ Mauerwerk ... / Leichtbeton *,
Ausführung mit Unterkonstruktion aus verzinkten Stahlblechprofilen DIN 18182-1,
Metallständer CW 100, Achsabstand 625 mm, Boden und Deckenanschlüsse mit Randprofilen UW 100/40,
Befestigung mit bauaufsichtlich zugelassenen Befestigungsmitteln.</br>Beplankung beidseitig aus Gipsplatten GKF DIN 18180 bzw. Typ DF EN 520: Feuerschutzplatte Knauf Piano,
zweilagig, Plattendicke 2x 12,5 mm,
Verarbeitung gemäß DIN 18181.</br>Verspachtelung der Gipsplatten gemäß Merkblatt Nr. 2 des Bundesverbandes der Gipsindustrie e.V. Qualitätsstufe Q2 Standardverspachtelung,
Verarbeitung gemäß DIN 18181.</br>Ausführung gemäß Knauf Detailblatt W11.de.
System: Knauf Metallständerwand W112.de"
"W112-106.de","Nichttragende innere Trennwand DIN 4103-1 als Montagewand,</br>Wandhöhe: … m
(max. zul. Wandhöhe: 7,15 m)</br>Wanddicke: 150 mm</br>Umlaufende Anschlüsse starr,
vorhandener Befestigungsuntergrund Stahlbeton/ Mauerwerk ... / Leichtbeton *,
Ausführung mit Unterkonstruktion aus verzinkten Stahlblechprofilen DIN 18182-1,
Metallständer CW 100, Achsabstand 625 mm, Boden und Deckenanschlüsse mit Randprofilen UW 100/40,
Befestigung mit bauaufsichtlich zugelassenen Befestigungsmitteln.</br>Beplankung beidseitig aus Gipsplatten GKFI DIN 18180 bzw. Typ DFH2 EN 520: Feuerschutzplatte Knauf Piano imprägniert, zweilagig, Plattendicke 2x 12,5 mm,
Verarbeitung gemäß DIN 18181.</br>Verspachtelung der Gipsplatten gemäß Merkblatt Nr. 2 des Bundesverbandes der Gipsindustrie e.V. Qualitätsstufe Q2 Standardverspachtelung,
Verarbeitung gemäß DIN 18181.</br>Ausführung gemäß Knauf Detailblatt W11.de.
System: Knauf Metallständerwand W112.de"
"W628B-F90-165.de","Schachtwand als einseitig beplankte leichte Trennwand DIN 4103-1, Einbaubereich 1/ 2 *.</br>Brandschutztechnische Anforderungen an die Bekleidung,
Feuerwiderstandsklasse 90 Minuten nach DIN 4102-2.</br>Rechenwert des bewerteten Schalldämm-Maßes Rw,R = 33 dB.</br>Bewertetes Schalldämm-Maß Rw = 35,0 dB</br>Wandbreite: ... m, Wanddicke: 115 mm</br>Wandhöhe: … m
(max. zul. Wandhöhe: 3,00 m)</br>Umlaufende Anschlüsse starr,
vorhandener Befestigungsuntergrund Stahlbeton/ Mauerwerk ... / Leichtbeton *,
Ausführung mit Unterkonstruktion aus verzinkten Stahlblechprofilen DIN 18182-1,
Metallständer CW 75, Achsabstand 625 mm, Boden und Deckenanschlüsse mit Randprofilen UW 75/40,
Befestigung mit bauaufsichtlich zugelassenen Befestigungsmitteln.</br>Beplankung aus Gipsplatten GM-F gem. DIN EN 15283-1 Brandverhalten A1 DIN EN 13501-1, mit nichtbrennbarer, gipsbeschichteter Glasvliesummantelung: Knauf Fireboard,
zweilagig, Plattendicke 2x 20 mm,
Verarbeitung gemäß DIN 18181.</br>Verspachtelung der Gipsplatten gemäß Merkblatt Nr. 2 des Bundesverbandes der Gipsindustrie e.V. Qualitätsstufe Q2 Standardverspachtelung,
Verarbeitung gemäß DIN 18181.</br>Ausführung gemäß Knauf Detailblatt W62.de.
System: Knauf Schachtwand W628.de Typ B"
"W628B-F90-167.de","Schachtwand als einseitig beplankte leichte Trennwand DIN 4103-1, Einbaubereich 1/ 2 *.</br>Brandschutztechnische Anforderungen an die Bekleidung,
Feuerwiderstandsklasse 90 Minuten nach DIN 4102-2.</br>Rechenwert des bewerteten Schalldämm-Maßes Rw,R = 33 dB.</br>Bewertetes Schalldämm-Maß Rw = 35,0 dB</br>Wandbreite: ... m, Wanddicke: 115 mm</br>Wandhöhe: … m
(max. zul. Wandhöhe: 3,00 m)</br>Umlaufende Anschlüsse starr,
vorhandener Befestigungsuntergrund Stahlbeton/ Mauerwerk ... / Leichtbeton *,
Ausführung mit Unterkonstruktion aus verzinkten Stahlblechprofilen DIN 18182-1,
Metallständer CW 75, Achsabstand 312,5 mm, Boden und Deckenanschlüsse mit Randprofilen UW 75/40.</br>Beplankung aus Gipsplatten GM-F gem. DIN EN 15283-1 Brandverhalten A1 DIN EN 13501-1, mit nichtbrennbarer, gipsbeschichteter Glasvliesummantelung: Knauf Fireboard,
zweilagig, Plattendicke 2x 20 mm,
Verarbeitung gemäß DIN 18181.</br>Verspachtelung der Gipsplatten gemäß Merkblatt Nr. 2 des Bundesverbandes der Gipsindustrie e.V. Qualitätsstufe Q2 Standardverspachtelung,
Verarbeitung gemäß DIN 18181.</br>Ausführung gemäß Knauf Detailblatt W62.de.
System: Knauf Schachtwand W628.de Typ B"
"W628B-F90-168.de","Schachtwand als einseitig beplankte leichte Trennwand DIN 4103-1, Einbaubereich 1/ 2 *.</br>Brandschutztechnische Anforderungen an die Bekleidung,
Feuerwiderstandsklasse 90 Minuten nach DIN 4102-2.</br>Rechenwert des bewerteten Schalldämm-Maßes Rw,R = 33 dB.</br>Bewertetes Schalldämm-Maß Rw = 35,0 dB</br>Wandbreite: ... m, Wanddicke: 140 mm</br>Wandhöhe: … m
(max. zul. Wandhöhe: 3,00 m)</br>Umlaufende Anschlüsse starr,
vorhandener Befestigungsuntergrund Stahlbeton/ Mauerwerk ... / Leichtbeton *,
Ausführung mit Unterkonstruktion aus verzinkten Stahlblechprofilen DIN 18182-1,
Metallständer CW 100, Achsabstand 625 mm, Boden und Deckenanschlüsse mit Randprofilen UW 100/40,
Befestigung mit bauaufsichtlich zugelassenen Befestigungsmitteln.</br>Beplankung aus Gipsplatten GM-F gem. DIN EN 15283-1 Brandverhalten A1 DIN EN 13501-1, mit nichtbrennbarer, gipsbeschichteter Glasvliesummantelung: Knauf Fireboard,
zweilagig, Plattendicke 2x 20 mm,
Verarbeitung gemäß DIN 18181.</br>Verspachtelung der Gipsplatten gemäß Merkblatt Nr. 2 des Bundesverbandes der Gipsindustrie e.V. Qualitätsstufe Q2 Standardverspachtelung,
Verarbeitung gemäß DIN 18181.</br>Ausführung gemäß Knauf Detailblatt W62.de.
System: Knauf Schachtwand W628.de Typ B"
"W628B-F90-170.de","Schachtwand als einseitig beplankte leichte Trennwand DIN 4103-1, Einbaubereich 1/ 2 *.</br>Brandschutztechnische Anforderungen an die Bekleidung,
Feuerwiderstandsklasse 90 Minuten nach DIN 4102-2.</br>Rechenwert des bewerteten Schalldämm-Maßes Rw,R = 33 dB.</br>Bewertetes Schalldämm-Maß Rw = 35,0 dB</br>Wandbreite: ... m, Wanddicke: 140 mm</br>Wandhöhe: … m
(max. zul. Wandhöhe: 3,00 m)</br>Umlaufende Anschlüsse starr,
vorhandener Befestigungsuntergrund Stahlbeton/ Mauerwerk ... / Leichtbeton *,
Ausführung mit Unterkonstruktion aus verzinkten Stahlblechprofilen DIN 18182-1,
Metallständer CW 100, Achsabstand 312,5 mm, Boden und Deckenanschlüsse mit Randprofilen UW 100/40.</br>Beplankung aus Gipsplatten GM-F gem. DIN EN 15283-1 Brandverhalten A1 DIN EN 13501-1, mit nichtbrennbarer, gipsbeschichteter Glasvliesummantelung: Knauf Fireboard,
zweilagig, Plattendicke 2x 20 mm,
Verarbeitung gemäß DIN 18181.</br>Verspachtelung der Gipsplatten gemäß Merkblatt Nr. 2 des Bundesverbandes der Gipsindustrie e.V. Qualitätsstufe Q2 Standardverspachtelung,
Verarbeitung gemäß DIN 18181.</br>Ausführung gemäß Knauf Detailblatt W62.de.
System: Knauf Schachtwand W628.de Typ B"
"W628B-F90-171.de","Schachtwand als einseitig beplankte leichte Trennwand DIN 4103-1, Einbaubereich 1/ 2 *.</br>Brandschutztechnische Anforderungen an die Bekleidung,
Feuerwiderstandsklasse 90 Minuten nach DIN 4102-2.</br>Rechenwert des bewerteten Schalldämm-Maßes Rw,R = 41 dB.</br>Bewertetes Schalldämm-Maß Rw = 43,0 dB</br>Wandbreite: ... m, Wanddicke: 115 mm</br>Wandhöhe: … m
(max. zul. Wandhöhe: 3,00 m)</br>Umlaufende Anschlüsse starr,
vorhandener Befestigungsuntergrund Stahlbeton/ Mauerwerk ... / Leichtbeton *,
Ausführung mit Unterkonstruktion aus verzinkten Stahlblechprofilen DIN 18182-1,
Metallständer CW 75, Achsabstand 625 mm, Boden und Deckenanschlüsse mit Randprofilen UW 75/40,
Befestigung mit bauaufsichtlich zugelassenen Befestigungsmitteln.</br>Dämmschicht aus Mineralwolle nach DIN EN 13162, Dicke 40 mm,
Brandverhalten nach DIN EN 13501-1: A1,
Wärmeleitfähigkeit λ ≤ 0,040 W/(mK),*
längenbezogener Strömungswiderstand nach DIN EN 29053: r ≥ 5 kPa·s/m²,
einlagig, dicht stoßen, abrutschsicher verlegen,
Produkt: Knauf Insulation Trennwand-Dämmplatte TP 115
(Hergestellt mit Ecose® Technology, einem formaldehydfreien Bindemittel auf Basis vorwiegend natürlich-organischer Grundstoffe ohne Zusatz von künstlichen Farben oder Färbemitteln)
oder gleichwertig. *</br>Beplankung aus Gipsplatten GM-F gem. DIN EN 15283-1 Brandverhalten A1 DIN EN 13501-1, mit nichtbrennbarer, gipsbeschichteter Glasvliesummantelung: Knauf Fireboard,
zweilagig, Plattendicke 2x 20 mm,
Verarbeitung gemäß DIN 18181.</br>Verspachtelung der Gipsplatten gemäß Merkblatt Nr. 2 des Bundesverbandes der Gipsindustrie e.V. Qualitätsstufe Q2 Standardverspachtelung,
Verarbeitung gemäß DIN 18181.</br>Ausführung gemäß Knauf Detailblatt W62.de.
System: Knauf Schachtwand W628.de Typ B</br>Diese Ausführung ist eine Erweiterung zum Verwendbarkeitsnachweis Brandschutz.
Vorherige Abstimmung gem. Knauf Brandschutzordner, Abschnitt Nutzungshinweise empfohlen."
"W628B-F90-173.de","Schachtwand als einseitig beplankte leichte Trennwand DIN 4103-1, Einbaubereich 1/ 2 *.</br>Brandschutztechnische Anforderungen an die Bekleidung,
Feuerwiderstandsklasse 90 Minuten nach DIN 4102-2.</br>Rechenwert des bewerteten Schalldämm-Maßes Rw,R = 41 dB.</br>Bewertetes Schalldämm-Maß Rw = 43,0 dB</br>Wandbreite: ... m, Wanddicke: 115 mm</br>Wandhöhe: … m
(max. zul. Wandhöhe: 3,00 m)</br>Umlaufende Anschlüsse starr,
vorhandener Befestigungsuntergrund Stahlbeton/ Mauerwerk ... / Leichtbeton *,
Ausführung mit Unterkonstruktion aus verzinkten Stahlblechprofilen DIN 18182-1,
Metallständer CW 75, Achsabstand 312,5 mm, Boden und Deckenanschlüsse mit Randprofilen UW 75/40.</br>Dämmschicht aus Mineralwolle nach DIN EN 13162, Dicke 40 mm,
Brandverhalten nach DIN EN 13501-1: A1,
Wärmeleitfähigkeit λ ≤ 0,040 W/(mK),*
längenbezogener Strömungswiderstand nach DIN EN 29053: r ≥ 5 kPa·s/m²,
einlagig, dicht stoßen, abrutschsicher verlegen,
Produkt: Knauf Insulation Trennwand-Dämmplatte TP 115
(Hergestellt mit Ecose® Technology, einem formaldehydfreien Bindemittel auf Basis vorwiegend natürlich-organischer Grundstoffe ohne Zusatz von künstlichen Farben oder Färbemitteln)
oder gleichwertig. *</br>Beplankung aus Gipsplatten GM-F gem. DIN EN 15283-1 Brandverhalten A1 DIN EN 13501-1, mit nichtbrennbarer, gipsbeschichteter Glasvliesummantelung: Knauf Fireboard,
zweilagig, Plattendicke 2x 20 mm,
Verarbeitung gemäß DIN 18181.</br>Verspachtelung der Gipsplatten gemäß Merkblatt Nr. 2 des Bundesverbandes der Gipsindustrie e.V. Qualitätsstufe Q2 Standardverspachtelung,
Verarbeitung gemäß DIN 18181.</br>Ausführung gemäß Knauf Detailblatt W62.de.
System: Knauf Schachtwand W628.de Typ B</br>Diese Ausführung ist eine Erweiterung zum Verwendbarkeitsnachweis Brandschutz.
Vorherige Abstimmung gem. Knauf Brandschutzordner, Abschnitt Nutzungshinweise empfohlen."
"W628B-F90-174.de","Schachtwand als einseitig beplankte leichte Trennwand DIN 4103-1, Einbaubereich 1/ 2 *.</br>Brandschutztechnische Anforderungen an die Bekleidung,
Feuerwiderstandsklasse 90 Minuten nach DIN 4102-2.</br>Rechenwert des bewerteten Schalldämm-Maßes Rw,R = 41 dB.</br>Bewertetes Schalldämm-Maß Rw = 43,0 dB</br>Wandbreite: ... m, Wanddicke: 140 mm</br>Wandhöhe: … m
(max. zul. Wandhöhe: 3,00 m)</br>Umlaufende Anschlüsse starr,
vorhandener Befestigungsuntergrund Stahlbeton/ Mauerwerk ... / Leichtbeton *,
Ausführung mit Unterkonstruktion aus verzinkten Stahlblechprofilen DIN 18182-1,
Metallständer CW 100, Achsabstand 625 mm, Boden und Deckenanschlüsse mit Randprofilen UW 100/40,
Befestigung mit bauaufsichtlich zugelassenen Befestigungsmitteln.</br>Dämmschicht aus Mineralwolle nach DIN EN 13162, Dicke 40 mm,
Brandverhalten nach DIN EN 13501-1: A1,
Wärmeleitfähigkeit λ ≤ 0,040 W/(mK),*
längenbezogener Strömungswiderstand nach DIN EN 29053: r ≥ 5 kPa·s/m²,
einlagig, dicht stoßen, abrutschsicher verlegen,
Produkt: Knauf Insulation Trennwand-Dämmplatte TP 115
(Hergestellt mit Ecose® Technology, einem formaldehydfreien Bindemittel auf Basis vorwiegend natürlich-organischer Grundstoffe ohne Zusatz von künstlichen Farben oder Färbemitteln)
oder gleichwertig. *</br>Beplankung aus Gipsplatten GM-F gem. DIN EN 15283-1 Brandverhalten A1 DIN EN 13501-1, mit nichtbrennbarer, gipsbeschichteter Glasvliesummantelung: Knauf Fireboard,
zweilagig, Plattendicke 2x 20 mm,
Verarbeitung gemäß DIN 18181.</br>Verspachtelung der Gipsplatten gemäß Merkblatt Nr. 2 des Bundesverbandes der Gipsindustrie e.V. Qualitätsstufe Q2 Standardverspachtelung,
Verarbeitung gemäß DIN 18181.</br>Ausführung gemäß Knauf Detailblatt W62.de.
System: Knauf Schachtwand W628.de Typ B</br>Diese Ausführung ist eine Erweiterung zum Verwendbarkeitsnachweis Brandschutz.
Vorherige Abstimmung gem. Knauf Brandschutzordner, Abschnitt Nutzungshinweise empfohlen."
"W628B-F90-176.de","Schachtwand als einseitig beplankte leichte Trennwand DIN 4103-1, Einbaubereich 1/ 2 *.</br>Brandschutztechnische Anforderungen an die Bekleidung,
Feuerwiderstandsklasse 90 Minuten nach DIN 4102-2.</br>Rechenwert des bewerteten Schalldämm-Maßes Rw,R = 41 dB.</br>Bewertetes Schalldämm-Maß Rw = 43,0 dB</br>Wandbreite: ... m, Wanddicke: 140 mm</br>Wandhöhe: … m
(max. zul. Wandhöhe: 3,00 m)</br>Umlaufende Anschlüsse starr,
vorhandener Befestigungsuntergrund Stahlbeton/ Mauerwerk ... / Leichtbeton *,
Ausführung mit Unterkonstruktion aus verzinkten Stahlblechprofilen DIN 18182-1,
Metallständer CW 100, Achsabstand 312,5 mm, Boden und Deckenanschlüsse mit Randprofilen UW 100/40.</br>Dämmschicht aus Mineralwolle nach DIN EN 13162, Dicke 40 mm,
Brandverhalten nach DIN EN 13501-1: A1,
Wärmeleitfähigkeit λ ≤ 0,040 W/(mK),*
längenbezogener Strömungswiderstand nach DIN EN 29053: r ≥ 5 kPa·s/m²,
einlagig, dicht stoßen, abrutschsicher verlegen,
Produkt: Knauf Insulation Trennwand-Dämmplatte TP 115
(Hergestellt mit Ecose® Technology, einem formaldehydfreien Bindemittel auf Basis vorwiegend natürlich-organischer Grundstoffe ohne Zusatz von künstlichen Farben oder Färbemitteln)
oder gleichwertig. *</br>Beplankung aus Gipsplatten GM-F gem. DIN EN 15283-1 Brandverhalten A1 DIN EN 13501-1, mit nichtbrennbarer, gipsbeschichteter Glasvliesummantelung: Knauf Fireboard,
zweilagig, Plattendicke 2x 20 mm,
Verarbeitung gemäß DIN 18181.</br>Verspachtelung der Gipsplatten gemäß Merkblatt Nr. 2 des Bundesverbandes der Gipsindustrie e.V. Qualitätsstufe Q2 Standardverspachtelung,
Verarbeitung gemäß DIN 18181.</br>Ausführung gemäß Knauf Detailblatt W62.de.
System: Knauf Schachtwand W628.de Typ B</br>Diese Ausführung ist eine Erweiterung zum Verwendbarkeitsnachweis Brandschutz.
Vorherige Abstimmung gem. Knauf Brandschutzordner, Abschnitt Nutzungshinweise empfohlen."
"W628B-F90-177.de","Schachtwand als einseitig beplankte leichte Trennwand DIN 4103-1, Einbaubereich 1/ 2 *.</br>Brandschutztechnische Anforderungen an die Bekleidung,
Feuerwiderstandsklasse 90 Minuten nach DIN 4102-2.</br>Rechenwert des bewerteten Schalldämm-Maßes Rw,R = 42 dB.*</br>Bewertetes Schalldämm-Maß Rw = 44,0 dB</br>Wandbreite: ... m, Wanddicke: 115 mm</br>Wandhöhe: … m
(max. zul. Wandhöhe: 3,00 m)</br>Umlaufende Anschlüsse starr,
vorhandener Befestigungsuntergrund Stahlbeton/ Mauerwerk ... / Leichtbeton *,
Ausführung mit Unterkonstruktion aus verzinkten Stahlblechprofilen DIN 18182-1,
Metallständer CW 75, Achsabstand 625 mm, Boden und Deckenanschlüsse mit Randprofilen UW 75/40,
Befestigung mit bauaufsichtlich zugelassenen Befestigungsmitteln.</br>Dämmschicht aus Mineralwolle nach DIN EN 13162, Dicke 60 mm,
Brandverhalten nach DIN EN 13501-1: A1,
Wärmeleitfähigkeit λ ≤ 0,040 W/(mK),*
längenbezogener Strömungswiderstand nach DIN EN 29053: r ≥ 5 kPa·s/m²,
einlagig, dicht stoßen, abrutschsicher verlegen,
Produkt: Knauf Insulation Trennwand-Dämmplatte TP 115
(Hergestellt mit Ecose® Technology, einem formaldehydfreien Bindemittel auf Basis vorwiegend natürlich-organischer Grundstoffe ohne Zusatz von künstlichen Farben oder Färbemitteln)
oder gleichwertig. *</br>Beplankung aus Gipsplatten GM-F gem. DIN EN 15283-1 Brandverhalten A1 DIN EN 13501-1, mit nichtbrennbarer, gipsbeschichteter Glasvliesummantelung: Knauf Fireboard,
zweilagig, Plattendicke 2x 20 mm,
Verarbeitung gemäß DIN 18181.</br>Verspachtelung der Gipsplatten gemäß Merkblatt Nr. 2 des Bundesverbandes der Gipsindustrie e.V. Qualitätsstufe Q2 Standardverspachtelung,
Verarbeitung gemäß DIN 18181.</br>Ausführung gemäß Knauf Detailblatt W62.de.
System: Knauf Schachtwand W628.de Typ B</br>Diese Ausführung ist eine Erweiterung zum Verwendbarkeitsnachweis Brandschutz.
Vorherige Abstimmung gem. Knauf Brandschutzordner, Abschnitt Nutzungshinweise empfohlen."
"W628B-F90-179.de","Schachtwand als einseitig beplankte leichte Trennwand DIN 4103-1, Einbaubereich 1/ 2 *.</br>Brandschutztechnische Anforderungen an die Bekleidung,
Feuerwiderstandsklasse 90 Minuten nach DIN 4102-2.</br>Rechenwert des bewerteten Schalldämm-Maßes Rw,R = 42 dB.*</br>Bewertetes Schalldämm-Maß Rw = 44,0 dB</br>Wandbreite: ... m, Wanddicke: 115 mm</br>Wandhöhe: … m
(max. zul. Wandhöhe: 3,00 m)</br>Umlaufende Anschlüsse starr,
vorhandener Befestigungsuntergrund Stahlbeton/ Mauerwerk ... / Leichtbeton *,
Ausführung mit Unterkonstruktion aus verzinkten Stahlblechprofilen DIN 18182-1,
Metallständer CW 75, Achsabstand 312,5 mm, Boden und Deckenanschlüsse mit Randprofilen UW 75/40.</br>Dämmschicht aus Mineralwolle nach DIN EN 13162, Dicke 60 mm,
Brandverhalten nach DIN EN 13501-1: A1,
Wärmeleitfähigkeit λ ≤ 0,040 W/(mK),*
längenbezogener Strömungswiderstand nach DIN EN 29053: r ≥ 5 kPa·s/m²,
einlagig, dicht stoßen, abrutschsicher verlegen,
Produkt: Knauf Insulation Trennwand-Dämmplatte TP 115
(Hergestellt mit Ecose® Technology, einem formaldehydfreien Bindemittel auf Basis vorwiegend natürlich-organischer Grundstoffe ohne Zusatz von künstlichen Farben oder Färbemitteln)
oder gleichwertig. *</br>Beplankung aus Gipsplatten GM-F gem. DIN EN 15283-1 Brandverhalten A1 DIN EN 13501-1, mit nichtbrennbarer, gipsbeschichteter Glasvliesummantelung: Knauf Fireboard,
zweilagig, Plattendicke 2x 20 mm,
Verarbeitung gemäß DIN 18181.</br>Verspachtelung der Gipsplatten gemäß Merkblatt Nr. 2 des Bundesverbandes der Gipsindustrie e.V. Qualitätsstufe Q2 Standardverspachtelung,
Verarbeitung gemäß DIN 18181.</br>Ausführung gemäß Knauf Detailblatt W62.de.
System: Knauf Schachtwand W628.de Typ B</br>Diese Ausführung ist eine Erweiterung zum Verwendbarkeitsnachweis Brandschutz.
Vorherige Abstimmung gem. Knauf Brandschutzordner, Abschnitt Nutzungshinweise empfohlen."
"W628B-F90-180.de","Schachtwand als einseitig beplankte leichte Trennwand DIN 4103-1, Einbaubereich 1/ 2 *.</br>Brandschutztechnische Anforderungen an die Bekleidung,
Feuerwiderstandsklasse 90 Minuten nach DIN 4102-2.</br>Rechenwert des bewerteten Schalldämm-Maßes Rw,R = 42 dB.*</br>Bewertetes Schalldämm-Maß Rw = 44,0 dB</br>Wandbreite: ... m, Wanddicke: 140 mm</br>Wandhöhe: … m
(max. zul. Wandhöhe: 3,00 m)</br>Umlaufende Anschlüsse starr,
vorhandener Befestigungsuntergrund Stahlbeton/ Mauerwerk ... / Leichtbeton *,
Ausführung mit Unterkonstruktion aus verzinkten Stahlblechprofilen DIN 18182-1,
Metallständer CW 100, Achsabstand 625 mm, Boden und Deckenanschlüsse mit Randprofilen UW 100/40,
Befestigung mit bauaufsichtlich zugelassenen Befestigungsmitteln.</br>Dämmschicht aus Mineralwolle nach DIN EN 13162, Dicke 60 mm,
Brandverhalten nach DIN EN 13501-1: A1,
Wärmeleitfähigkeit λ ≤ 0,040 W/(mK),*
längenbezogener Strömungswiderstand nach DIN EN 29053: r ≥ 5 kPa·s/m²,
einlagig, dicht stoßen, abrutschsicher verlegen,
Produkt: Knauf Insulation Trennwand-Dämmplatte TP 115
(Hergestellt mit Ecose® Technology, einem formaldehydfreien Bindemittel auf Basis vorwiegend natürlich-organischer Grundstoffe ohne Zusatz von künstlichen Farben oder Färbemitteln)
oder gleichwertig. *</br>Beplankung aus Gipsplatten GM-F gem. DIN EN 15283-1 Brandverhalten A1 DIN EN 13501-1, mit nichtbrennbarer, gipsbeschichteter Glasvliesummantelung: Knauf Fireboard,
zweilagig, Plattendicke 2x 20 mm,
Verarbeitung gemäß DIN 18181.</br>Verspachtelung der Gipsplatten gemäß Merkblatt Nr. 2 des Bundesverbandes der Gipsindustrie e.V. Qualitätsstufe Q2 Standardverspachtelung,
Verarbeitung gemäß DIN 18181.</br>Ausführung gemäß Knauf Detailblatt W62.de.
System: Knauf Schachtwand W628.de Typ B</br>Diese Ausführung ist eine Erweiterung zum Verwendbarkeitsnachweis Brandschutz.
Vorherige Abstimmung gem. Knauf Brandschutzordner, Abschnitt Nutzungshinweise empfohlen."
"W628B-F90-182.de","Schachtwand als einseitig beplankte leichte Trennwand DIN 4103-1, Einbaubereich 1/ 2 *.</br>Brandschutztechnische Anforderungen an die Bekleidung,
Feuerwiderstandsklasse 90 Minuten nach DIN 4102-2.</br>Rechenwert des bewerteten Schalldämm-Maßes Rw,R = 42 dB.*</br>Bewertetes Schalldämm-Maß Rw = 44,0 dB</br>Wandbreite: ... m, Wanddicke: 140 mm</br>Wandhöhe: … m
(max. zul. Wandhöhe: 3,00 m)</br>Umlaufende Anschlüsse starr,
vorhandener Befestigungsuntergrund Stahlbeton/ Mauerwerk ... / Leichtbeton *,
Ausführung mit Unterkonstruktion aus verzinkten Stahlblechprofilen DIN 18182-1,
Metallständer CW 100, Achsabstand 312,5 mm, Boden und Deckenanschlüsse mit Randprofilen UW 100/40.</br>Dämmschicht aus Mineralwolle nach DIN EN 13162, Dicke 60 mm,
Brandverhalten nach DIN EN 13501-1: A1,
Wärmeleitfähigkeit λ ≤ 0,040 W/(mK),*
längenbezogener Strömungswiderstand nach DIN EN 29053: r ≥ 5 kPa·s/m²,
einlagig, dicht stoßen, abrutschsicher verlegen,
Produkt: Knauf Insulation Trennwand-Dämmplatte TP 115
(Hergestellt mit Ecose® Technology, einem formaldehydfreien Bindemittel auf Basis vorwiegend natürlich-organischer Grundstoffe ohne Zusatz von künstlichen Farben oder Färbemitteln)
oder gleichwertig. *</br>Beplankung aus Gipsplatten GM-F gem. DIN EN 15283-1 Brandverhalten A1 DIN EN 13501-1, mit nichtbrennbarer, gipsbeschichteter Glasvliesummantelung: Knauf Fireboard,
zweilagig, Plattendicke 2x 20 mm,
Verarbeitung gemäß DIN 18181.</br>Verspachtelung der Gipsplatten gemäß Merkblatt Nr. 2 des Bundesverbandes der Gipsindustrie e.V. Qualitätsstufe Q2 Standardverspachtelung,
Verarbeitung gemäß DIN 18181.</br>Ausführung gemäß Knauf Detailblatt W62.de.
System: Knauf Schachtwand W628.de Typ B</br>Diese Ausführung ist eine Erweiterung zum Verwendbarkeitsnachweis Brandschutz.
Vorherige Abstimmung gem. Knauf Brandschutzordner, Abschnitt Nutzungshinweise empfohlen."
"W628B-46.de","Schachtwand als einseitig beplankte leichte Trennwand DIN 4103-1, Einbaubereich 1/ 2 *.</br>Brandschutztechnische Anforderungen an die Bekleidung,
Feuerwiderstandsklasse 90 Minuten nach DIN 4102-2.</br>Rechenwert des bewerteten Schalldämm-Maßes Rw,R ≥ 42 dB.</br>Bewertetes Schalldämm-Maß Rw ≥ 44,0 dB</br>Wandbreite: ... m, Wanddicke: 140 mm</br>Wandhöhe: … m
(max. zul. Wandhöhe: 3,00 m)</br>Umlaufende Anschlüsse starr,
vorhandener Befestigungsuntergrund Stahlbeton/ Mauerwerk ... / Leichtbeton *,
Ausführung mit Unterkonstruktion aus verzinkten Stahlblechprofilen DIN 18182-1,
Metallständer CW 100, Achsabstand 625 mm, Boden und Deckenanschlüsse mit Randprofilen UW 100/40,
Befestigung mit bauaufsichtlich zugelassenen Befestigungsmitteln.</br>Dämmschicht aus Mineralwolle nach DIN EN 13162, Dicke 80 mm,
Brandverhalten nach DIN EN 13501-1: A1,
Wärmeleitfähigkeit λ ≤ 0,040 W/(mK),*
längenbezogener Strömungswiderstand nach DIN EN 29053: r ≥ 5 kPa·s/m²,
einlagig, dicht stoßen, abrutschsicher verlegen,
Produkte: Knauf Insulation Trennwand-Dämmplatte TP 115
(Hergestellt mit Ecose® Technology, einem formaldehydfreien Bindemittel auf Basis vorwiegend natürlich-organischer Grundstoffe ohne Zusatz von künstlichen Farben oder Färbemitteln)
oder gleichwertig. *</br>Beplankung aus Gipsplatten GM-F gem. DIN EN 15283-1 Brandverhalten A1 DIN EN 13501-1, mit nichtbrennbarer, gipsbeschichteter Glasvliesummantelung: Knauf Fireboard,
zweilagig, Plattendicke 2x 20 mm,
Verarbeitung gemäß DIN 18181.</br>Verspachtelung der Gipsplatten gemäß Merkblatt Nr. 2 des Bundesverbandes der Gipsindustrie e.V. Qualitätsstufe Q2 Standardverspachtelung,
Verarbeitung gemäß DIN 18181.</br>Ausführung gemäß Knauf Detailblatt W62.de.
System: Knauf Schachtwand W628.de Typ B</br>Diese Ausführung ist eine Erweiterung zum Verwendbarkeitsnachweis Brandschutz.
Vorherige Abstimmung gem. Knauf Brandschutzordner, Abschnitt Nutzungshinweise empfohlen."
"W628B-47.de","Schachtwand als einseitig beplankte leichte Trennwand DIN 4103-1, Einbaubereich 1/ 2 *.</br>Brandschutztechnische Anforderungen an die Bekleidung,
Feuerwiderstandsklasse 90 Minuten nach DIN 4102-2.</br>Rechenwert des bewerteten Schalldämm-Maßes Rw,R ≥ 42 dB.</br>Bewertetes Schalldämm-Maß Rw ≥ 44,0 dB</br>Wandbreite: ... m, Wanddicke: 140 mm</br>Wandhöhe: … m
(max. zul. Wandhöhe: 3,00 m)</br>Umlaufende Anschlüsse starr,
vorhandener Befestigungsuntergrund Stahlbeton/ Mauerwerk ... / Leichtbeton *,
Ausführung mit Unterkonstruktion aus verzinkten Stahlblechprofilen DIN 18182-1,
Metallständer CW 100, Achsabstand 312,5 mm, Boden und Deckenanschlüsse mit Randprofilen UW 100/40.</br>Dämmschicht aus Mineralwolle nach DIN EN 13162, Dicke 80 mm,
Brandverhalten nach DIN EN 13501-1: A1,
Wärmeleitfähigkeit λ ≤ 0,040 W/(mK),*
längenbezogener Strömungswiderstand nach DIN EN 29053: r ≥ 5 kPa·s/m²,
einlagig, dicht stoßen, abrutschsicher verlegen,
Produkte: Knauf Insulation Trennwand-Dämmplatte TP 115
(Hergestellt mit Ecose® Technology, einem formaldehydfreien Bindemittel auf Basis vorwiegend natürlich-organischer Grundstoffe ohne Zusatz von künstlichen Farben oder Färbemitteln)
oder gleichwertig. *</br>Beplankung aus Gipsplatten GM-F gem. DIN EN 15283-1 Brandverhalten A1 DIN EN 13501-1, mit nichtbrennbarer, gipsbeschichteter Glasvliesummantelung: Knauf Fireboard,
zweilagig, Plattendicke 2x 20 mm,
Verarbeitung gemäß DIN 18181.</br>Verspachtelung der Gipsplatten gemäß Merkblatt Nr. 2 des Bundesverbandes der Gipsindustrie e.V. Qualitätsstufe Q2 Standardverspachtelung,
Verarbeitung gemäß DIN 18181.</br>Ausführung gemäß Knauf Detailblatt W62.de.
System: Knauf Schachtwand W628.de Typ B</br>Diese Ausführung ist eine Erweiterung zum Verwendbarkeitsnachweis Brandschutz.
Vorherige Abstimmung gem. Knauf Brandschutzordner, Abschnitt Nutzungshinweise empfohlen."
"W112-107.de","Nichttragende innere Trennwand DIN 4103-1 als Montagewand,</br>Rechenwert des bewerteten Schalldämm-Maßes Rw,R = 57 dB.</br>Bewertetes Schalldämm-Maß Rw = 59,8 dB</br>Wandhöhe: … m
(max. zul. Wandhöhe: 7,15 m)</br>Wanddicke: 150 mm</br>Umlaufende Anschlüsse starr,
vorhandener Befestigungsuntergrund Stahlbeton/ Mauerwerk ... / Leichtbeton *,
Ausführung mit Unterkonstruktion aus verzinkten Stahlblechprofilen DIN 18182-1,
Metallständer CW 100, Achsabstand 625 mm, Boden und Deckenanschlüsse mit Randprofilen UW 100/40,
Befestigung mit bauaufsichtlich zugelassenen Befestigungsmitteln.</br>Dämmschicht aus Mineralwolle nach DIN EN 13162, Dicke 80 mm,
Brandverhalten nach DIN EN 13501-1: A1,
Wärmeleitfähigkeit λ ≤ 0,040 W/(mK),*
längenbezogener Strömungswiderstand nach DIN EN 29053: r ≥ 5 kPa·s/m²,
einlagig, dicht stoßen, abrutschsicher verlegen,
Produkte: Knauf Insulation Trennwand-Dämmplatte TP 115
(Hergestellt mit Ecose® Technology, einem formaldehydfreien Bindemittel auf Basis vorwiegend natürlich-organischer Grundstoffe ohne Zusatz von künstlichen Farben oder Färbemitteln)
oder gleichwertig. *</br>Beplankung beidseitig aus Gipsplatten GKF DIN 18180 bzw. Typ DF EN 520: Feuerschutzplatte Knauf Piano,
zweilagig, Plattendicke 2x 12,5 mm,
Verarbeitung gemäß DIN 18181.</br>Verspachtelung der Gipsplatten gemäß Merkblatt Nr. 2 des Bundesverbandes der Gipsindustrie e.V. Qualitätsstufe Q2 Standardverspachtelung,
Verarbeitung gemäß DIN 18181.</br>Ausführung gemäß Knauf Detailblatt W11.de.
System: Knauf Metallständerwand W112.de"
"W112-108.de","Nichttragende innere Trennwand DIN 4103-1 als Montagewand,</br>Rechenwert des bewerteten Schalldämm-Maßes Rw,R = 57 dB.</br>Bewertetes Schalldämm-Maß Rw = 59,8 dB</br>Wandhöhe: … m
(max. zul. Wandhöhe: 7,15 m)</br>Wanddicke: 150 mm</br>Umlaufende Anschlüsse starr,
vorhandener Befestigungsuntergrund Stahlbeton/ Mauerwerk ... / Leichtbeton *,
Ausführung mit Unterkonstruktion aus verzinkten Stahlblechprofilen DIN 18182-1,
Metallständer CW 100, Achsabstand 625 mm, Boden und Deckenanschlüsse mit Randprofilen UW 100/40,
Befestigung mit bauaufsichtlich zugelassenen Befestigungsmitteln.</br>Dämmschicht aus Mineralwolle nach DIN EN 13162, Dicke 80 mm,
Brandverhalten nach DIN EN 13501-1: A1,
Wärmeleitfähigkeit λ ≤ 0,040 W/(mK),*
längenbezogener Strömungswiderstand nach DIN EN 29053: r ≥ 5 kPa·s/m²,
einlagig, dicht stoßen, abrutschsicher verlegen,
Produkte: Knauf Insulation Trennwand-Dämmplatte TP 115
(Hergestellt mit Ecose® Technology, einem formaldehydfreien Bindemittel auf Basis vorwiegend natürlich-organischer Grundstoffe ohne Zusatz von künstlichen Farben oder Färbemitteln)
oder gleichwertig. *</br>Beplankung beidseitig aus Gipsplatten GKFI DIN 18180 bzw. Typ DFH2 EN 520: Feuerschutzplatte Knauf Piano imprägniert, zweilagig, Plattendicke 2x 12,5 mm,
Verarbeitung gemäß DIN 18181.</br>Verspachtelung der Gipsplatten gemäß Merkblatt Nr. 2 des Bundesverbandes der Gipsindustrie e.V. Qualitätsstufe Q2 Standardverspachtelung,
Verarbeitung gemäß DIN 18181.</br>Ausführung gemäß Knauf Detailblatt W11.de.
System: Knauf Metallständerwand W112.de"
"W112-109.de","Nichttragende innere Trennwand DIN 4103-1 als Montagewand,</br>Wandhöhe: … m
(max. zul. Wandhöhe: 8,05 m)</br>Wanddicke: 150 mm</br>Umlaufende Anschlüsse starr,
vorhandener Befestigungsuntergrund Stahlbeton/ Mauerwerk ... / Leichtbeton *,
Ausführung mit Unterkonstruktion aus verzinkten Stahlblechprofilen DIN 18182-1,
Metallständer CW 100, Achsabstand 417 mm, Boden und Deckenanschlüsse mit Randprofilen UW 100/40.</br>Beplankung beidseitig aus Gipsplatten GKF DIN 18180 bzw. Typ DF EN 520: Feuerschutzplatte Knauf Piano,
zweilagig, Plattendicke 2x 12,5 mm,
Verarbeitung gemäß DIN 18181.</br>Verspachtelung der Gipsplatten gemäß Merkblatt Nr. 2 des Bundesverbandes der Gipsindustrie e.V. Qualitätsstufe Q2 Standardverspachtelung,
Verarbeitung gemäß DIN 18181.</br>Ausführung gemäß Knauf Detailblatt W11.de.
System: Knauf Metallständerwand W112.de"
"W112-110.de","Nichttragende innere Trennwand DIN 4103-1 als Montagewand,</br>Wandhöhe: … m
(max. zul. Wandhöhe: 8,05 m)</br>Wanddicke: 150 mm</br>Umlaufende Anschlüsse starr,
vorhandener Befestigungsuntergrund Stahlbeton/ Mauerwerk ... / Leichtbeton *,
Ausführung mit Unterkonstruktion aus verzinkten Stahlblechprofilen DIN 18182-1,
Metallständer CW 100, Achsabstand 417 mm, Boden und Deckenanschlüsse mit Randprofilen UW 100/40.</br>Beplankung beidseitig aus Gipsplatten GKFI DIN 18180 bzw. Typ DFH2 EN 520: Feuerschutzplatte Knauf Piano imprägniert, zweilagig, Plattendicke 2x 12,5 mm,
Verarbeitung gemäß DIN 18181.</br>Verspachtelung der Gipsplatten gemäß Merkblatt Nr. 2 des Bundesverbandes der Gipsindustrie e.V. Qualitätsstufe Q2 Standardverspachtelung,
Verarbeitung gemäß DIN 18181.</br>Ausführung gemäß Knauf Detailblatt W11.de.
System: Knauf Metallständerwand W112.de"
"W112-111.de","Nichttragende innere Trennwand DIN 4103-1 als Montagewand,</br>Wandhöhe: … m
(max. zul. Wandhöhe: 8,55 m)</br>Wanddicke: 150 mm</br>Umlaufende Anschlüsse starr,
vorhandener Befestigungsuntergrund Stahlbeton/ Mauerwerk ... / Leichtbeton *,
Ausführung mit Unterkonstruktion aus verzinkten Stahlblechprofilen DIN 18182-1,
Metallständer CW 100, Achsabstand 312,5 mm, Boden und Deckenanschlüsse mit Randprofilen UW 100/40.</br>Beplankung beidseitig aus Gipsplatten GKF DIN 18180 bzw. Typ DF EN 520: Feuerschutzplatte Knauf Piano,
zweilagig, Plattendicke 2x 12,5 mm,
Verarbeitung gemäß DIN 18181.</br>Verspachtelung der Gipsplatten gemäß Merkblatt Nr. 2 des Bundesverbandes der Gipsindustrie e.V. Qualitätsstufe Q2 Standardverspachtelung,
Verarbeitung gemäß DIN 18181.</br>Ausführung gemäß Knauf Detailblatt W11.de.
System: Knauf Metallständerwand W112.de"
"W112-112.de","Nichttragende innere Trennwand DIN 4103-1 als Montagewand,</br>Wandhöhe: … m
(max. zul. Wandhöhe: 8,55 m)</br>Wanddicke: 150 mm</br>Umlaufende Anschlüsse starr,
vorhandener Befestigungsuntergrund Stahlbeton/ Mauerwerk ... / Leichtbeton *,
Ausführung mit Unterkonstruktion aus verzinkten Stahlblechprofilen DIN 18182-1,
Metallständer CW 100, Achsabstand 312,5 mm, Boden und Deckenanschlüsse mit Randprofilen UW 100/40.</br>Beplankung beidseitig aus Gipsplatten GKFI DIN 18180 bzw. Typ DFH2 EN 520: Feuerschutzplatte Knauf Piano imprägniert, zweilagig, Plattendicke 2x 12,5 mm,
Verarbeitung gemäß DIN 18181.</br>Verspachtelung der Gipsplatten gemäß Merkblatt Nr. 2 des Bundesverbandes der Gipsindustrie e.V. Qualitätsstufe Q2 Standardverspachtelung,
Verarbeitung gemäß DIN 18181.</br>Ausführung gemäß Knauf Detailblatt W11.de.
System: Knauf Metallständerwand W112.de"
"W112-113.de","Nichttragende innere Trennwand DIN 4103-1 als Montagewand,</br>Wandhöhe: … m
(max. zul. Wandhöhe: 9,05 m)</br>Wanddicke: 175 mm</br>Umlaufende Anschlüsse starr,
vorhandener Befestigungsuntergrund Stahlbeton/ Mauerwerk ... / Leichtbeton *,
Ausführung mit Unterkonstruktion aus verzinkten Stahlblechprofilen DIN 18182-1,
Metallständer CW 125, Achsabstand 625 mm, Boden und Deckenanschlüsse mit Randprofilen UW 100/40,
Befestigung mit bauaufsichtlich zugelassenen Befestigungsmitteln.</br>Beplankung beidseitig aus Gipsplatten GKF DIN 18180 bzw. Typ DF EN 520: Feuerschutzplatte Knauf Piano,
zweilagig, Plattendicke 2x 12,5 mm,
Verarbeitung gemäß DIN 18181.</br>Verspachtelung der Gipsplatten gemäß Merkblatt Nr. 2 des Bundesverbandes der Gipsindustrie e.V. Qualitätsstufe Q2 Standardverspachtelung,
Verarbeitung gemäß DIN 18181.</br>Ausführung gemäß Knauf Detailblatt W11.de.
System: Knauf Metallständerwand W112.de"
"W112-114.de","Nichttragende innere Trennwand DIN 4103-1 als Montagewand,</br>Wandhöhe: … m
(max. zul. Wandhöhe: 9,05 m)</br>Wanddicke: 175 mm</br>Umlaufende Anschlüsse starr,
vorhandener Befestigungsuntergrund Stahlbeton/ Mauerwerk ... / Leichtbeton *,
Ausführung mit Unterkonstruktion aus verzinkten Stahlblechprofilen DIN 18182-1,
Metallständer CW 125, Achsabstand 625 mm, Boden und Deckenanschlüsse mit Randprofilen UW 100/40,
Befestigung mit bauaufsichtlich zugelassenen Befestigungsmitteln.</br>Beplankung beidseitig aus Gipsplatten GKFI DIN 18180 bzw. Typ DFH2 EN 520: Feuerschutzplatte Knauf Piano imprägniert, zweilagig, Plattendicke 2x 12,5 mm,
Verarbeitung gemäß DIN 18181.</br>Verspachtelung der Gipsplatten gemäß Merkblatt Nr. 2 des Bundesverbandes der Gipsindustrie e.V. Qualitätsstufe Q2 Standardverspachtelung,
Verarbeitung gemäß DIN 18181.</br>Ausführung gemäß Knauf Detailblatt W11.de.
System: Knauf Metallständerwand W112.de"
"W112-115.de","Nichttragende innere Trennwand DIN 4103-1 als Montagewand,</br>Wandhöhe: … m
(max. zul. Wandhöhe: 9,65 m)</br>Wanddicke: 175 mm</br>Umlaufende Anschlüsse starr,
vorhandener Befestigungsuntergrund Stahlbeton/ Mauerwerk ... / Leichtbeton *,
Ausführung mit Unterkonstruktion aus verzinkten Stahlblechprofilen DIN 18182-1,
Metallständer CW 125, Achsabstand 417 mm, Boden und Deckenanschlüsse mit Randprofilen UW 125/40.</br>Beplankung beidseitig aus Gipsplatten GKF DIN 18180 bzw. Typ DF EN 520: Feuerschutzplatte Knauf Piano,
zweilagig, Plattendicke 2x 12,5 mm,
Verarbeitung gemäß DIN 18181.</br>Verspachtelung der Gipsplatten gemäß Merkblatt Nr. 2 des Bundesverbandes der Gipsindustrie e.V. Qualitätsstufe Q2 Standardverspachtelung,
Verarbeitung gemäß DIN 18181.</br>Ausführung gemäß Knauf Detailblatt W11.de.
System: Knauf Metallständerwand W112.de"
"W112-116.de","Nichttragende innere Trennwand DIN 4103-1 als Montagewand,</br>Wandhöhe: … m
(max. zul. Wandhöhe: 9,65 m)</br>Wanddicke: 175 mm</br>Umlaufende Anschlüsse starr,
vorhandener Befestigungsuntergrund Stahlbeton/ Mauerwerk ... / Leichtbeton *,
Ausführung mit Unterkonstruktion aus verzinkten Stahlblechprofilen DIN 18182-1,
Metallständer CW 125, Achsabstand 417 mm, Boden und Deckenanschlüsse mit Randprofilen UW 125/40.</br>Beplankung beidseitig aus Gipsplatten GKFI DIN 18180 bzw. Typ DFH2 EN 520: Feuerschutzplatte Knauf Piano imprägniert, zweilagig, Plattendicke 2x 12,5 mm,
Verarbeitung gemäß DIN 18181.</br>Verspachtelung der Gipsplatten gemäß Merkblatt Nr. 2 des Bundesverbandes der Gipsindustrie e.V. Qualitätsstufe Q2 Standardverspachtelung,
Verarbeitung gemäß DIN 18181.</br>Ausführung gemäß Knauf Detailblatt W11.de.
System: Knauf Metallständerwand W112.de"
"W112-117.de","Nichttragende innere Trennwand DIN 4103-1 als Montagewand,</br>Wandhöhe: … m
(max. zul. Wandhöhe: 10,10 m)</br>Wanddicke: 175 mm</br>Umlaufende Anschlüsse starr,
vorhandener Befestigungsuntergrund Stahlbeton/ Mauerwerk ... / Leichtbeton *,
Ausführung mit Unterkonstruktion aus verzinkten Stahlblechprofilen DIN 18182-1,
Metallständer CW 125, Achsabstand 312,5 mm, Boden und Deckenanschlüsse mit Randprofilen UW 125/40.</br>Beplankung beidseitig aus Gipsplatten GKF DIN 18180 bzw. Typ DF EN 520: Feuerschutzplatte Knauf Piano,
zweilagig, Plattendicke 2x 12,5 mm,
Verarbeitung gemäß DIN 18181.</br>Verspachtelung der Gipsplatten gemäß Merkblatt Nr. 2 des Bundesverbandes der Gipsindustrie e.V. Qualitätsstufe Q2 Standardverspachtelung,
Verarbeitung gemäß DIN 18181.</br>Ausführung gemäß Knauf Detailblatt W11.de.
System: Knauf Metallständerwand W112.de"
"W112-118.de","Nichttragende innere Trennwand DIN 4103-1 als Montagewand,</br>Wandhöhe: … m
(max. zul. Wandhöhe: 10,10 m)</br>Wanddicke: 175 mm</br>Umlaufende Anschlüsse starr,
vorhandener Befestigungsuntergrund Stahlbeton/ Mauerwerk ... / Leichtbeton *,
Ausführung mit Unterkonstruktion aus verzinkten Stahlblechprofilen DIN 18182-1,
Metallständer CW 125, Achsabstand 312,5 mm, Boden und Deckenanschlüsse mit Randprofilen UW 125/40.</br>Beplankung beidseitig aus Gipsplatten GKFI DIN 18180 bzw. Typ DFH2 EN 520: Feuerschutzplatte Knauf Piano imprägniert, zweilagig, Plattendicke 2x 12,5 mm,
Verarbeitung gemäß DIN 18181.</br>Verspachtelung der Gipsplatten gemäß Merkblatt Nr. 2 des Bundesverbandes der Gipsindustrie e.V. Qualitätsstufe Q2 Standardverspachtelung,
Verarbeitung gemäß DIN 18181.</br>Ausführung gemäß Knauf Detailblatt W11.de.
System: Knauf Metallständerwand W112.de"
"W112-119.de","Nichttragende innere Trennwand DIN 4103-1 als Montagewand,</br>Wandhöhe: … m
(max. zul. Wandhöhe: 10,35 m)</br>Wanddicke: 200 mm</br>Umlaufende Anschlüsse starr,
vorhandener Befestigungsuntergrund Stahlbeton/ Mauerwerk ... / Leichtbeton *,
Ausführung mit Unterkonstruktion aus verzinkten Stahlblechprofilen DIN 18182-1,
Metallständer CW 150, Achsabstand 625 mm, Boden und Deckenanschlüsse mit Randprofilen UW 100/40.</br>Beplankung beidseitig aus Gipsplatten GKF DIN 18180 bzw. Typ DF EN 520: Feuerschutzplatte Knauf Piano,
zweilagig, Plattendicke 2x 12,5 mm,
Verarbeitung gemäß DIN 18181.</br>Verspachtelung der Gipsplatten gemäß Merkblatt Nr. 2 des Bundesverbandes der Gipsindustrie e.V. Qualitätsstufe Q2 Standardverspachtelung,
Verarbeitung gemäß DIN 18181.</br>Ausführung gemäß Knauf Detailblatt W11.de.
System: Knauf Metallständerwand W112.de"
"W112-120.de","Nichttragende innere Trennwand DIN 4103-1 als Montagewand,</br>Wandhöhe: … m
(max. zul. Wandhöhe: 10,35 m)</br>Wanddicke: 200 mm</br>Umlaufende Anschlüsse starr,
vorhandener Befestigungsuntergrund Stahlbeton/ Mauerwerk ... / Leichtbeton *,
Ausführung mit Unterkonstruktion aus verzinkten Stahlblechprofilen DIN 18182-1,
Metallständer CW 150, Achsabstand 625 mm, Boden und Deckenanschlüsse mit Randprofilen UW 100/40.</br>Beplankung beidseitig aus Gipsplatten GKFI DIN 18180 bzw. Typ DFH2 EN 520: Feuerschutzplatte Knauf Piano imprägniert, zweilagig, Plattendicke 2x 12,5 mm,
Verarbeitung gemäß DIN 18181.</br>Verspachtelung der Gipsplatten gemäß Merkblatt Nr. 2 des Bundesverbandes der Gipsindustrie e.V. Qualitätsstufe Q2 Standardverspachtelung,
Verarbeitung gemäß DIN 18181.</br>Ausführung gemäß Knauf Detailblatt W11.de.
System: Knauf Metallständerwand W112.de"
"W112-121.de","Nichttragende innere Trennwand DIN 4103-1 als Montagewand,</br>Wandhöhe: … m
(max. zul. Wandhöhe: 10,95 m)</br>Wanddicke: 200 mm</br>Umlaufende Anschlüsse starr,
vorhandener Befestigungsuntergrund Stahlbeton/ Mauerwerk ... / Leichtbeton *,
Ausführung mit Unterkonstruktion aus verzinkten Stahlblechprofilen DIN 18182-1,
Metallständer CW 150, Achsabstand 417 mm, Boden und Deckenanschlüsse mit Randprofilen UW 150/40.</br>Beplankung beidseitig aus Gipsplatten GKF DIN 18180 bzw. Typ DF EN 520: Feuerschutzplatte Knauf Piano,
zweilagig, Plattendicke 2x 12,5 mm,
Verarbeitung gemäß DIN 18181.</br>Verspachtelung der Gipsplatten gemäß Merkblatt Nr. 2 des Bundesverbandes der Gipsindustrie e.V. Qualitätsstufe Q2 Standardverspachtelung,
Verarbeitung gemäß DIN 18181.</br>Ausführung gemäß Knauf Detailblatt W11.de.
System: Knauf Metallständerwand W112.de"
"W112-122.de","Nichttragende innere Trennwand DIN 4103-1 als Montagewand,</br>Wandhöhe: … m
(max. zul. Wandhöhe: 10,95 m)</br>Wanddicke: 200 mm</br>Umlaufende Anschlüsse starr,
vorhandener Befestigungsuntergrund Stahlbeton/ Mauerwerk ... / Leichtbeton *,
Ausführung mit Unterkonstruktion aus verzinkten Stahlblechprofilen DIN 18182-1,
Metallständer CW 150, Achsabstand 417 mm, Boden und Deckenanschlüsse mit Randprofilen UW 150/40.</br>Beplankung beidseitig aus Gipsplatten GKFI DIN 18180 bzw. Typ DFH2 EN 520: Feuerschutzplatte Knauf Piano imprägniert, zweilagig, Plattendicke 2x 12,5 mm,
Verarbeitung gemäß DIN 18181.</br>Verspachtelung der Gipsplatten gemäß Merkblatt Nr. 2 des Bundesverbandes der Gipsindustrie e.V. Qualitätsstufe Q2 Standardverspachtelung,
Verarbeitung gemäß DIN 18181.</br>Ausführung gemäß Knauf Detailblatt W11.de.
System: Knauf Metallständerwand W112.de"
"W112-123.de","Nichttragende innere Trennwand DIN 4103-1 als Montagewand,</br>Wandhöhe: … m
(max. zul. Wandhöhe: 11,40 m)</br>Wanddicke: 200 mm</br>Umlaufende Anschlüsse starr,
vorhandener Befestigungsuntergrund Stahlbeton/ Mauerwerk ... / Leichtbeton *,
Ausführung mit Unterkonstruktion aus verzinkten Stahlblechprofilen DIN 18182-1,
Metallständer CW 150/40, Achsabstand 312,5 mm, Boden und Deckenanschlüsse mit Randprofilen UW 150/40.</br>Beplankung beidseitig aus Gipsplatten GKF DIN 18180 bzw. Typ DF EN 520: Feuerschutzplatte Knauf Piano,
zweilagig, Plattendicke 2x 12,5 mm,
Verarbeitung gemäß DIN 18181.</br>Verspachtelung der Gipsplatten gemäß Merkblatt Nr. 2 des Bundesverbandes der Gipsindustrie e.V. Qualitätsstufe Q2 Standardverspachtelung,
Verarbeitung gemäß DIN 18181.</br>Ausführung gemäß Knauf Detailblatt W11.de.
System: Knauf Metallständerwand W112.de"
"W112-124.de","Nichttragende innere Trennwand DIN 4103-1 als Montagewand,</br>Wandhöhe: … m
(max. zul. Wandhöhe: 11,40 m)</br>Wanddicke: 200 mm</br>Umlaufende Anschlüsse starr,
vorhandener Befestigungsuntergrund Stahlbeton/ Mauerwerk ... / Leichtbeton *,
Ausführung mit Unterkonstruktion aus verzinkten Stahlblechprofilen DIN 18182-1,
Metallständer CW 150/40, Achsabstand 312,5 mm, Boden und Deckenanschlüsse mit Randprofilen UW 150/40.</br>Beplankung beidseitig aus Gipsplatten GKFI DIN 18180 bzw. Typ DFH2 EN 520: Feuerschutzplatte Knauf Piano imprägniert, zweilagig, Plattendicke 2x 12,5 mm,
Verarbeitung gemäß DIN 18181.</br>Verspachtelung der Gipsplatten gemäß Merkblatt Nr. 2 des Bundesverbandes der Gipsindustrie e.V. Qualitätsstufe Q2 Standardverspachtelung,
Verarbeitung gemäß DIN 18181.</br>Ausführung gemäß Knauf Detailblatt W11.de.
System: Knauf Metallständerwand W112.de"
"W112-125.de","Nichttragende innere Trennwand DIN 4103-1 als Montagewand,</br>Brandschutztechnische Anforderungen an die Bekleidung,
Feuerwiderstandsklasse 90 Minuten nach DIN 4102-2.</br>Wandhöhe: … m
(max. zul. Wandhöhe: 4,75 m)</br>Wanddicke: 100 mm</br>Umlaufende Anschlüsse starr,
vorhandener Befestigungsuntergrund Stahlbeton/ Mauerwerk ... / Leichtbeton *,
Ausführung mit Unterkonstruktion aus verzinkten Stahlblechprofilen DIN 18182-1,
Metallständer CW 50, Achsabstand 625 mm, Boden und Deckenanschlüsse mit Randprofilen UW 50/40,
Befestigung mit bauaufsichtlich zugelassenen Befestigungsmitteln..</br>Beplankung beidseitig aus Gipsplatten GKFI DIN 18180 bzw. Typ DFH2IR EN 520: Knauf Diamant,
zweilagig, Plattendicke 2x 12,5 mm,
Verschraubung mit Diamant-Schraube XTN,
Verarbeitung gemäß DIN 18181.</br>Verspachtelung der Gipsplatten gemäß Merkblatt Nr. 2 des Bundesverbandes der Gipsindustrie e.V. Qualitätsstufe Q2 Standardverspachtelung,
Verarbeitung gemäß DIN 18181.</br>Ausführung gemäß Knauf Detailblatt W11.de.
System: Knauf Metallständerwand W112.de"
"W112-126.de","Nichttragende innere Trennwand DIN 4103-1 als Montagewand,</br>Brandschutztechnische Anforderungen an die Bekleidung,
Feuerwiderstandsklasse 90 Minuten nach DIN 4102-2.</br>Rechenwert des bewerteten Schalldämm-Maßes Rw,R = 57 dB.</br>Bewertetes Schalldämm-Maß Rw = 59,4 dB</br>Wandhöhe: … m
(max. zul. Wandhöhe: 4,75 m)</br>Wanddicke: 100 mm</br>Umlaufende Anschlüsse starr,
vorhandener Befestigungsuntergrund Stahlbeton/ Mauerwerk ... / Leichtbeton *,
Ausführung mit Unterkonstruktion aus verzinkten Stahlblechprofilen DIN 18182-1,
Metallständer CW 50, Achsabstand 625 mm, Boden und Deckenanschlüsse mit Randprofilen UW 50/40,
Befestigung mit bauaufsichtlich zugelassenen Befestigungsmitteln..</br>Dämmschicht aus Mineralwolle nach DIN EN 13162, Dicke 40 mm,
Brandverhalten nach DIN EN 13501-1: A1,
Wärmeleitfähigkeit λ ≤ 0,040 W/(mK),*
längenbezogener Strömungswiderstand nach DIN EN 29053: r ≥ 5 kPa·s/m²,
einlagig, dicht stoßen, abrutschsicher verlegen,
Produkt: Knauf Insulation Trennwand-Dämmplatte TP 115
(Hergestellt mit Ecose® Technology, einem formaldehydfreien Bindemittel auf Basis vorwiegend natürlich-organischer Grundstoffe ohne Zusatz von künstlichen Farben oder Färbemitteln)
oder gleichwertig. *</br>Beplankung beidseitig aus Gipsplatten GKFI DIN 18180 bzw. Typ DFH2IR EN 520: Knauf Diamant,
zweilagig, Plattendicke 2x 12,5 mm,
Verschraubung mit Diamant-Schraube XTN,
Verarbeitung gemäß DIN 18181.</br>Verspachtelung der Gipsplatten gemäß Merkblatt Nr. 2 des Bundesverbandes der Gipsindustrie e.V. Qualitätsstufe Q2 Standardverspachtelung,
Verarbeitung gemäß DIN 18181.</br>Ausführung gemäß Knauf Detailblatt W11.de.
System: Knauf Metallständerwand W112.de"
"W112-127.de","Nichttragende innere Trennwand DIN 4103-1 als Montagewand,</br>Brandschutztechnische Anforderungen an die Bekleidung,
Feuerwiderstandsklasse 90 Minuten nach DIN 4102-2.</br>Rechenwert des bewerteten Schalldämm-Maßes Rw,R = 58 dB.</br>Bewertetes Schalldämm-Maß Rw = 60,1 dB</br>Wandhöhe: … m
(max. zul. Wandhöhe: 4,75 m)</br>Wanddicke: 100 mm</br>Umlaufende Anschlüsse starr,
vorhandener Befestigungsuntergrund Stahlbeton/ Mauerwerk ... / Leichtbeton *,
Ausführung mit Unterkonstruktion aus verzinkten Stahlblechprofilen DIN 18182-1,
Metallständer CW 50, Achsabstand 625 mm, Boden und Deckenanschlüsse mit Randprofilen UW 50/40,
Befestigung mit bauaufsichtlich zugelassenen Befestigungsmitteln..</br>Dämmschicht aus Mineralwolle nach DIN EN 13162, Dicke 40 mm,
Brandverhalten nach DIN EN 13501-1: A1,
Wärmeleitfähigkeit λ ≤ 0,040 W/(mK),*
längenbezogener Strömungswiderstand nach DIN EN 29053: r ≥ 5 kPa·s/m²,
einlagig, dicht stoßen, abrutschsicher verlegen,
Produkt: Knauf Insulation Trennwand-Dämmplatte TP 115
(Hergestellt mit Ecose® Technology, einem formaldehydfreien Bindemittel auf Basis vorwiegend natürlich-organischer Grundstoffe ohne Zusatz von künstlichen Farben oder Färbemitteln)
oder gleichwertig. *</br>Beplankung beidseitig aus Gipsplatten GKFI DIN 18180 bzw. Typ DFH2IR EN 520: Knauf Diamant,
zweilagig, Plattendicke 2x 12,5 mm,
Verschraubung mit Diamant-Schraube XTN,
oberste Plattenlage mit Klammern auf der ersten Plattenlage befestigt,
Verarbeitung gemäß DIN 18181.</br>Verspachtelung der Gipsplatten gemäß Merkblatt Nr. 2 des Bundesverbandes der Gipsindustrie e.V. Qualitätsstufe Q2 Standardverspachtelung,
Verarbeitung gemäß DIN 18181.</br>Ausführung gemäß Knauf Detailblatt W11.de.
System: Knauf Metallständerwand W112.de"
"W112-128.de","Nichttragende innere Trennwand DIN 4103-1 als Montagewand,</br>Brandschutztechnische Anforderungen an die Bekleidung,
Feuerwiderstandsklasse 90 Minuten nach DIN 4102-2.</br>Wandhöhe: … m
(max. zul. Wandhöhe: 5,00 m)</br>Wanddicke: 100 mm</br>Umlaufende Anschlüsse starr,
vorhandener Befestigungsuntergrund Stahlbeton/ Mauerwerk ... / Leichtbeton *,
Ausführung mit Unterkonstruktion aus verzinkten Stahlblechprofilen DIN 18182-1,
Metallständer CW 50, Achsabstand 417 mm, Boden und Deckenanschlüsse mit Randprofilen UW 50/40.</br>Beplankung beidseitig aus Gipsplatten GKFI DIN 18180 bzw. Typ DFH2IR EN 520: Knauf Diamant,
zweilagig, Plattendicke 2x 12,5 mm,
Verschraubung mit Diamant-Schraube XTN,
Verarbeitung gemäß DIN 18181.</br>Verspachtelung der Gipsplatten gemäß Merkblatt Nr. 2 des Bundesverbandes der Gipsindustrie e.V. Qualitätsstufe Q2 Standardverspachtelung,
Verarbeitung gemäß DIN 18181.</br>Ausführung gemäß Knauf Detailblatt W11.de.
System: Knauf Metallständerwand W112.de"
"W112-129.de","Nichttragende innere Trennwand DIN 4103-1 als Montagewand,</br>Brandschutztechnische Anforderungen an die Bekleidung,
Feuerwiderstandsklasse 90 Minuten nach DIN 4102-2.</br>Wandhöhe: … m
(max. zul. Wandhöhe: 5,00 m)</br>Wanddicke: 100 mm</br>Umlaufende Anschlüsse starr,
vorhandener Befestigungsuntergrund Stahlbeton/ Mauerwerk ... / Leichtbeton *,
Ausführung mit Unterkonstruktion aus verzinkten Stahlblechprofilen DIN 18182-1,
Metallständer CW 50, Achsabstand 312,5 mm, Boden und Deckenanschlüsse mit Randprofilen UW 50/40.</br>Beplankung beidseitig aus Gipsplatten GKFI DIN 18180 bzw. Typ DFH2IR EN 520: Knauf Diamant,
zweilagig, Plattendicke 2x 12,5 mm,
Verschraubung mit Diamant-Schraube XTN,
Verarbeitung gemäß DIN 18181.</br>Verspachtelung der Gipsplatten gemäß Merkblatt Nr. 2 des Bundesverbandes der Gipsindustrie e.V. Qualitätsstufe Q2 Standardverspachtelung,
Verarbeitung gemäß DIN 18181.</br>Ausführung gemäß Knauf Detailblatt W11.de.
System: Knauf Metallständerwand W112.de"
"W112-130.de","Nichttragende innere Trennwand DIN 4103-1 als Montagewand,</br>Brandschutztechnische Anforderungen an die Bekleidung,
Feuerwiderstandsklasse 90 Minuten nach DIN 4102-2.</br>Wandhöhe: … m
(max. zul. Wandhöhe: 7,00 m)</br>Wanddicke: 125 mm</br>Umlaufende Anschlüsse starr,
vorhandener Befestigungsuntergrund Stahlbeton/ Mauerwerk ... / Leichtbeton *,
Ausführung mit Unterkonstruktion aus verzinkten Stahlblechprofilen DIN 18182-1,
Metallständer CW 75, Achsabstand 625 mm, Boden und Deckenanschlüsse mit Randprofilen UW 75/40,
Befestigung mit bauaufsichtlich zugelassenen Befestigungsmitteln.</br>Beplankung beidseitig aus Gipsplatten GKFI DIN 18180 bzw. Typ DFH2IR EN 520: Knauf Diamant,
zweilagig, Plattendicke 2x 12,5 mm,
Verschraubung mit Diamant-Schraube XTN,
Verarbeitung gemäß DIN 18181.</br>Verspachtelung der Gipsplatten gemäß Merkblatt Nr. 2 des Bundesverbandes der Gipsindustrie e.V. Qualitätsstufe Q2 Standardverspachtelung,
Verarbeitung gemäß DIN 18181.</br>Ausführung gemäß Knauf Detailblatt W11.de.
System: Knauf Metallständerwand W112.de</br>Diese Ausführung ist eine Erweiterung zum Verwendbarkeitsnachweis Brandschutz.
Vorherige Abstimmung gem. Knauf Brandschutzordner, Abschnitt Nutzungshinweise empfohlen."
"W112-131.de","Nichttragende innere Trennwand DIN 4103-1 als Montagewand,</br>Brandschutztechnische Anforderungen an die Bekleidung,
Feuerwiderstandsklasse 90 Minuten nach DIN 4102-2.</br>Rechenwert des bewerteten Schalldämm-Maßes Rw,R = 59 dB.</br>Bewertetes Schalldämm-Maß Rw = 61,5 dB</br>Wandhöhe: … m
(max. zul. Wandhöhe: 7,00 m)</br>Wanddicke: 125 mm</br>Umlaufende Anschlüsse starr,
vorhandener Befestigungsuntergrund Stahlbeton/ Mauerwerk ... / Leichtbeton *,
Ausführung mit Unterkonstruktion aus verzinkten Stahlblechprofilen DIN 18182-1,
Metallständer CW 75, Achsabstand 625 mm, Boden und Deckenanschlüsse mit Randprofilen UW 75/40,
Befestigung mit bauaufsichtlich zugelassenen Befestigungsmitteln.</br>Dämmschicht aus Mineralwolle nach DIN EN 13162, Dicke 60 mm,
Brandverhalten nach DIN EN 13501-1: A1,
Wärmeleitfähigkeit λ ≤ 0,040 W/(mK),*
längenbezogener Strömungswiderstand nach DIN EN 29053: r ≥ 5 kPa·s/m²,
einlagig, dicht stoßen, abrutschsicher verlegen,
Produkt: Knauf Insulation Trennwand-Dämmplatte TP 115
(Hergestellt mit Ecose® Technology, einem formaldehydfreien Bindemittel auf Basis vorwiegend natürlich-organischer Grundstoffe ohne Zusatz von künstlichen Farben oder Färbemitteln)
oder gleichwertig. *</br>Beplankung beidseitig aus Gipsplatten GKFI DIN 18180 bzw. Typ DFH2IR EN 520: Knauf Diamant,
zweilagig, Plattendicke 2x 12,5 mm,
Verschraubung mit Diamant-Schraube XTN,
Verarbeitung gemäß DIN 18181.</br>Verspachtelung der Gipsplatten gemäß Merkblatt Nr. 2 des Bundesverbandes der Gipsindustrie e.V. Qualitätsstufe Q2 Standardverspachtelung,
Verarbeitung gemäß DIN 18181.</br>Ausführung gemäß Knauf Detailblatt W11.de.
System: Knauf Metallständerwand W112.de</br>Diese Ausführung ist eine Erweiterung zum Verwendbarkeitsnachweis Brandschutz.
Vorherige Abstimmung gem. Knauf Brandschutzordner, Abschnitt Nutzungshinweise empfohlen."
"W112-132.de","Nichttragende innere Trennwand DIN 4103-1 als Montagewand,</br>Brandschutztechnische Anforderungen an die Bekleidung,
Feuerwiderstandsklasse 90 Minuten nach DIN 4102-2.</br>Rechenwert des bewerteten Schalldämm-Maßes Rw,R = 61 dB.</br>Bewertetes Schalldämm-Maß Rw = 63,0 dB</br>Wandhöhe: … m
(max. zul. Wandhöhe: 7,00 m)</br>Wanddicke: 125 mm</br>Umlaufende Anschlüsse starr,
vorhandener Befestigungsuntergrund Stahlbeton/ Mauerwerk ... / Leichtbeton *,
Ausführung mit Unterkonstruktion aus verzinkten Stahlblechprofilen DIN 18182-1,
Metallständer CW 75, Achsabstand 625 mm, Boden und Deckenanschlüsse mit Randprofilen UW 75/40,
Befestigung mit bauaufsichtlich zugelassenen Befestigungsmitteln.</br>Dämmschicht aus Mineralwolle nach DIN EN 13162, Dicke 60 mm,
Brandverhalten nach DIN EN 13501-1: A1,
Wärmeleitfähigkeit λ ≤ 0,040 W/(mK),*
längenbezogener Strömungswiderstand nach DIN EN 29053: r ≥ 5 kPa·s/m²,
einlagig, dicht stoßen, abrutschsicher verlegen,
Produkt: Knauf Insulation Trennwand-Dämmplatte TP 115
(Hergestellt mit Ecose® Technology, einem formaldehydfreien Bindemittel auf Basis vorwiegend natürlich-organischer Grundstoffe ohne Zusatz von künstlichen Farben oder Färbemitteln)
oder gleichwertig. *</br>Beplankung beidseitig aus Gipsplatten GKFI DIN 18180 bzw. Typ DFH2IR EN 520: Knauf Diamant,
zweilagig, Plattendicke 2x 12,5 mm,
Verschraubung mit Diamant-Schraube XTN,
oberste Plattenlage mit Klammern auf der ersten Plattenlage befestigt,
Verarbeitung gemäß DIN 18181.</br>Verspachtelung der Gipsplatten gemäß Merkblatt Nr. 2 des Bundesverbandes der Gipsindustrie e.V. Qualitätsstufe Q2 Standardverspachtelung,
Verarbeitung gemäß DIN 18181.</br>Ausführung gemäß Knauf Detailblatt W11.de.
System: Knauf Metallständerwand W112.de</br>Diese Ausführung ist eine Erweiterung zum Verwendbarkeitsnachweis Brandschutz.
Vorherige Abstimmung gem. Knauf Brandschutzordner, Abschnitt Nutzungshinweise empfohlen."
"W112-133.de","Nichttragende innere Trennwand DIN 4103-1 als Montagewand,</br>Brandschutztechnische Anforderungen an die Bekleidung,
Feuerwiderstandsklasse 90 Minuten nach DIN 4102-2.</br>Wandhöhe: … m
(max. zul. Wandhöhe: 7,00 m)</br>Wanddicke: 125 mm</br>Umlaufende Anschlüsse starr,
vorhandener Befestigungsuntergrund Stahlbeton/ Mauerwerk ... / Leichtbeton *,
Ausführung mit Unterkonstruktion aus verzinkten Stahlblechprofilen DIN 18182-1,
Metallständer CW 75, Achsabstand 417 mm, Boden und Deckenanschlüsse mit Randprofilen UW 75/40.</br>Beplankung beidseitig aus Gipsplatten GKFI DIN 18180 bzw. Typ DFH2IR EN 520: Knauf Diamant,
zweilagig, Plattendicke 2x 12,5 mm,
Verschraubung mit Diamant-Schraube XTN,
Verarbeitung gemäß DIN 18181.</br>Verspachtelung der Gipsplatten gemäß Merkblatt Nr. 2 des Bundesverbandes der Gipsindustrie e.V. Qualitätsstufe Q2 Standardverspachtelung,
Verarbeitung gemäß DIN 18181.</br>Ausführung gemäß Knauf Detailblatt W11.de.
System: Knauf Metallständerwand W112.de</br>Diese Ausführung ist eine Erweiterung zum Verwendbarkeitsnachweis Brandschutz.
Vorherige Abstimmung gem. Knauf Brandschutzordner, Abschnitt Nutzungshinweise empfohlen."
"W112-134.de","Nichttragende innere Trennwand DIN 4103-1 als Montagewand,</br>Brandschutztechnische Anforderungen an die Bekleidung,
Feuerwiderstandsklasse 90 Minuten nach DIN 4102-2.</br>Wandhöhe: … m
(max. zul. Wandhöhe: 7,00 m)</br>Wanddicke: 125 mm</br>Umlaufende Anschlüsse starr,
vorhandener Befestigungsuntergrund Stahlbeton/ Mauerwerk ... / Leichtbeton *,
Ausführung mit Unterkonstruktion aus verzinkten Stahlblechprofilen DIN 18182-1,
Metallständer CW 75, Achsabstand 312,5 mm, Boden und Deckenanschlüsse mit Randprofilen UW 75/40.</br>Beplankung beidseitig aus Gipsplatten GKFI DIN 18180 bzw. Typ DFH2IR EN 520: Knauf Diamant,
zweilagig, Plattendicke 2x 12,5 mm,
Verschraubung mit Diamant-Schraube XTN,
Verarbeitung gemäß DIN 18181.</br>Verspachtelung der Gipsplatten gemäß Merkblatt Nr. 2 des Bundesverbandes der Gipsindustrie e.V. Qualitätsstufe Q2 Standardverspachtelung,
Verarbeitung gemäß DIN 18181.</br>Ausführung gemäß Knauf Detailblatt W11.de.
System: Knauf Metallständerwand W112.de</br>Diese Ausführung ist eine Erweiterung zum Verwendbarkeitsnachweis Brandschutz.
Vorherige Abstimmung gem. Knauf Brandschutzordner, Abschnitt Nutzungshinweise empfohlen."
W386-C5-74.de,"Nichttragende innere Trennwand DIN 4103-1 als Montagewand,</br>Wandhöhe: … m
(max. zul. Wandhöhe: 5,60 m)</br>Wanddicke: … mm
(Wanddicke ≥ 180 mm)</br>Umlaufende Anschlüsse starr,
vorhandener Befestigungsuntergrund Stahlbeton/ Mauerwerk ... / Leichtbeton *,
Ausführung mit Unterkonstruktion aus verzinkten Stahlblechprofilen DIN 18182-1,
Metallständer als Einfach-Profile Knauf CW 75 C5-M, Ständerachsabstand 417 mm,
als Doppelständerwerk, Metallständer durch Laschen zug- und druckfest verbunden,
Boden und Deckenanschlüsse mit Randprofilen UW 75/40/06 C5-M,
Befestigung mit bauaufsichtlich zugelassenen Befestigungsmitteln.</br>Beplankung innen aus Gipsplatten GKFI DIN 18180:
Diamant, einlagig, Plattendicke 12,5 mm, Typ DFH2IR EN 520,
Verschraubung mit Knauf Diamantschrauben XTN,
Verarbeitung gemäß DIN 18181.
Beplankung außen aus Zementbauplatten DIN EN 12467:
AQUAPANEL Cement Board Indoor,
einlagig, Plattendicke 12,5 mm,
kraftschlüssige Fugenverklebung mit AQUAPANEL Fugenkleber,
Verschraubung mit AQUAPANEL Maxi Schrauben,
Verarbeitung gemäß Knauf Detailblatt W38.de.</br>Verspachtelung der Aquapanel Cement Board Indoor gemäß Knauf Detailblatt W38.de,
Qualitätsstufe AQ1 Standardverspachtelung.</br>Ausführung gemäß Knauf Detailblatt W38.de.
System: Knauf Metallständerwand W386.de mit Aquapanel Technologie"
W386-C5-75.de,"Nichttragende innere Trennwand DIN 4103-1 als Montagewand,</br>Wandhöhe: … m
(max. zul. Wandhöhe: 5,60 m)</br>Wanddicke: … mm
(Wanddicke ≥ 180 mm)</br>Umlaufende Anschlüsse starr,
vorhandener Befestigungsuntergrund Stahlbeton/ Mauerwerk ... / Leichtbeton *,
Ausführung mit Unterkonstruktion aus verzinkten Stahlblechprofilen DIN 18182-1,
Metallständer als Einfach-Profile Knauf CW 75 C5-M, Ständerachsabstand 312,5 mm,
als Doppelständerwerk, Metallständer durch Laschen zug- und druckfest verbunden,
Boden und Deckenanschlüsse mit Randprofilen UW 75/40/06 C5-M,
Befestigung mit bauaufsichtlich zugelassenen Befestigungsmitteln.</br>Beplankung innen aus Gipsplatten GKFI DIN 18180:
Diamant, einlagig, Plattendicke 12,5 mm, Typ DFH2IR EN 520,
Verschraubung mit Knauf Diamantschrauben XTN,
Verarbeitung gemäß DIN 18181.
Beplankung außen aus Zementbauplatten DIN EN 12467:
AQUAPANEL Cement Board Indoor,
einlagig, Plattendicke 12,5 mm,
kraftschlüssige Fugenverklebung mit AQUAPANEL Fugenkleber,
Verschraubung mit AQUAPANEL Maxi Schrauben,
Verarbeitung gemäß Knauf Detailblatt W38.de.</br>Verspachtelung der Aquapanel Cement Board Indoor gemäß Knauf Detailblatt W38.de,
Qualitätsstufe AQ1 Standardverspachtelung.</br>Ausführung gemäß Knauf Detailblatt W38.de.
System: Knauf Metallständerwand W386.de mit Aquapanel Technologie"
W386-C5-76.de,"Nichttragende innere Trennwand DIN 4103-1 als Montagewand,</br>Wandhöhe: … m
(max. zul. Wandhöhe: 7,20 m)</br>Wanddicke: … mm
(Wanddicke ≥ 230 mm)</br>Umlaufende Anschlüsse starr,
vorhandener Befestigungsuntergrund Stahlbeton/ Mauerwerk ... / Leichtbeton *,
Ausführung mit Unterkonstruktion aus verzinkten Stahlblechprofilen DIN 18182-1,
Metallständer als Einfach-Profile Knauf CW 100 C5-M, Ständerachsabstand 625 mm,
als Doppelständerwerk, Metallständer durch Laschen zug- und druckfest verbunden,
Boden und Deckenanschlüsse mit Randprofilen UW 100/40/06 C5-M,
Befestigung mit bauaufsichtlich zugelassenen Befestigungsmitteln.</br>Beplankung innen aus Gipsplatten GKFI DIN 18180:
Diamant, einlagig, Plattendicke 12,5 mm, Typ DFH2IR EN 520,
Verschraubung mit Knauf Diamantschrauben XTN,
Verarbeitung gemäß DIN 18181.
Beplankung außen aus Zementbauplatten DIN EN 12467:
AQUAPANEL Cement Board Indoor,
einlagig, Plattendicke 12,5 mm,
kraftschlüssige Fugenverklebung mit AQUAPANEL Fugenkleber,
Verschraubung mit AQUAPANEL Maxi Schrauben,
Verarbeitung gemäß Knauf Detailblatt W38.de.</br>Verspachtelung der Aquapanel Cement Board Indoor gemäß Knauf Detailblatt W38.de,
Qualitätsstufe AQ1 Standardverspachtelung.</br>Ausführung gemäß Knauf Detailblatt W38.de.
System: Knauf Metallständerwand W386.de mit Aquapanel Technologie"
W386-C5-77.de,"Nichttragende innere Trennwand DIN 4103-1 als Montagewand,</br>Wandhöhe: … m
(max. zul. Wandhöhe: 7,20 m)</br>Wanddicke: … mm
(Wanddicke ≥ 230 mm)</br>Umlaufende Anschlüsse starr,
vorhandener Befestigungsuntergrund Stahlbeton/ Mauerwerk ... / Leichtbeton *,
Ausführung mit Unterkonstruktion aus verzinkten Stahlblechprofilen DIN 18182-1,
Metallständer als Einfach-Profile Knauf CW 100 C5-M, Ständerachsabstand 417 mm,
als Doppelständerwerk, Metallständer durch Laschen zug- und druckfest verbunden,
Boden und Deckenanschlüsse mit Randprofilen UW 100/40/06 C5-M,
Befestigung mit bauaufsichtlich zugelassenen Befestigungsmitteln.</br>Beplankung innen aus Gipsplatten GKFI DIN 18180:
Diamant, einlagig, Plattendicke 12,5 mm, Typ DFH2IR EN 520,
Verschraubung mit Knauf Diamantschrauben XTN,
Verarbeitung gemäß DIN 18181.
Beplankung außen aus Zementbauplatten DIN EN 12467:
AQUAPANEL Cement Board Indoor,
einlagig, Plattendicke 12,5 mm,
kraftschlüssige Fugenverklebung mit AQUAPANEL Fugenkleber,
Verschraubung mit AQUAPANEL Maxi Schrauben,
Verarbeitung gemäß Knauf Detailblatt W38.de.</br>Verspachtelung der Aquapanel Cement Board Indoor gemäß Knauf Detailblatt W38.de,
Qualitätsstufe AQ1 Standardverspachtelung.</br>Ausführung gemäß Knauf Detailblatt W38.de.
System: Knauf Metallständerwand W386.de mit Aquapanel Technologie"
W386-C5-78.de,"Nichttragende innere Trennwand DIN 4103-1 als Montagewand,</br>Wandhöhe: … m
(max. zul. Wandhöhe: 7,20 m)</br>Wanddicke: … mm
(Wanddicke ≥ 230 mm)</br>Umlaufende Anschlüsse starr,
vorhandener Befestigungsuntergrund Stahlbeton/ Mauerwerk ... / Leichtbeton *,
Ausführung mit Unterkonstruktion aus verzinkten Stahlblechprofilen DIN 18182-1,
Metallständer als Einfach-Profile Knauf CW 100 C5-M, Ständerachsabstand 312,5 mm,
als Doppelständerwerk, Metallständer durch Laschen zug- und druckfest verbunden,
Boden und Deckenanschlüsse mit Randprofilen UW 100/40/06 C5-M,
Befestigung mit bauaufsichtlich zugelassenen Befestigungsmitteln.</br>Beplankung innen aus Gipsplatten GKFI DIN 18180:
Diamant, einlagig, Plattendicke 12,5 mm, Typ DFH2IR EN 520,
Verschraubung mit Knauf Diamantschrauben XTN,
Verarbeitung gemäß DIN 18181.
Beplankung außen aus Zementbauplatten DIN EN 12467:
AQUAPANEL Cement Board Indoor,
einlagig, Plattendicke 12,5 mm,
kraftschlüssige Fugenverklebung mit AQUAPANEL Fugenkleber,
Verschraubung mit AQUAPANEL Maxi Schrauben,
Verarbeitung gemäß Knauf Detailblatt W38.de.</br>Verspachtelung der Aquapanel Cement Board Indoor gemäß Knauf Detailblatt W38.de,
Qualitätsstufe AQ1 Standardverspachtelung.</br>Ausführung gemäß Knauf Detailblatt W38.de.
System: Knauf Metallständerwand W386.de mit Aquapanel Technologie"
W386-C5-79.de,"Nichttragende innere Trennwand DIN 4103-1 als Montagewand,</br>Rechenwert des bewerteten Schalldämm-Maßes Rw,R ≥ 51 dB.</br>Bewertetes Schalldämm-Maß Rw ≥ 53,0 dB</br>Wandhöhe: … m
(max. zul. Wandhöhe: 4,15 m)</br>Wanddicke: … mm
(Wanddicke ≥ 130 mm)</br>Umlaufende Anschlüsse starr,
vorhandener Befestigungsuntergrund Stahlbeton/ Mauerwerk ... / Leichtbeton *,
Ausführung mit Unterkonstruktion aus verzinkten Stahlblechprofilen DIN 18182-1,
Metallständer als Einfach-Profile Knauf CW 50 C5-M, Ständerachsabstand 625 mm,
als Doppelständerwerk, Metallständer durch Laschen zug- und druckfest verbunden,
Boden und Deckenanschlüsse mit Randprofilen UW 50/40/06 C5-M,
Befestigung mit bauaufsichtlich zugelassenen Befestigungsmitteln.</br>Dämmschicht aus Mineralwolle nach DIN EN 13162, Dicke 50 mm,
Brandverhalten nach DIN EN 13501-1: A1,
Wärmeleitfähigkeit λ ≤ 0,040 W/(mK),*
längenbezogener Strömungswiderstand nach DIN EN 29053: r ≥ 5 kPa·s/m²,
einlagig, dicht stoßen, abrutschsicher verlegen,
Produkt: Knauf Insulation Trennwand-Dämmplatte TP 115
(Hergestellt mit Ecose® Technology, einem formaldehydfreien Bindemittel auf Basis vorwiegend natürlich-organischer Grundstoffe ohne Zusatz von künstlichen Farben oder Färbemitteln)
oder gleichwertig. *</br>Beplankung innen aus Gipsplatten GKFI DIN 18180:
Diamant, einlagig, Plattendicke 12,5 mm, Typ DFH2IR EN 520,
Verschraubung mit Knauf Diamantschrauben XTN,
Verarbeitung gemäß DIN 18181.
Beplankung außen aus Zementbauplatten DIN EN 12467:
AQUAPANEL Cement Board Indoor,
einlagig, Plattendicke 12,5 mm,
kraftschlüssige Fugenverklebung mit AQUAPANEL Fugenkleber,
Verschraubung mit AQUAPANEL Maxi Schrauben,
Verarbeitung gemäß Knauf Detailblatt W38.de.</br>Verspachtelung der Aquapanel Cement Board Indoor gemäß Knauf Detailblatt W38.de,
Qualitätsstufe AQ1 Standardverspachtelung.</br>Ausführung gemäß Knauf Detailblatt W38.de.
System: Knauf Metallständerwand W386.de mit Aquapanel Technologie"
W386-C5-80.de,"Nichttragende innere Trennwand DIN 4103-1 als Montagewand,</br>Rechenwert des bewerteten Schalldämm-Maßes Rw,R ≥ 51 dB.</br>Bewertetes Schalldämm-Maß Rw ≥ 53,0 dB</br>Wandhöhe: … m
(max. zul. Wandhöhe: 5,60 m)</br>Wanddicke: … mm
(Wanddicke ≥ 180 mm)</br>Umlaufende Anschlüsse starr,
vorhandener Befestigungsuntergrund Stahlbeton/ Mauerwerk ... / Leichtbeton *,
Ausführung mit Unterkonstruktion aus verzinkten Stahlblechprofilen DIN 18182-1,
Metallständer als Einfach-Profile Knauf CW 75 C5-M, Ständerachsabstand 625 mm,
als Doppelständerwerk, Metallständer durch Laschen zug- und druckfest verbunden,
Boden und Deckenanschlüsse mit Randprofilen UW 75/40/06 C5-M,
Befestigung mit bauaufsichtlich zugelassenen Befestigungsmitteln.</br>Dämmschicht aus Mineralwolle nach DIN EN 13162, Dicke 50 mm,
Brandverhalten nach DIN EN 13501-1: A1,
Wärmeleitfähigkeit λ ≤ 0,040 W/(mK),*
längenbezogener Strömungswiderstand nach DIN EN 29053: r ≥ 5 kPa·s/m²,
einlagig, dicht stoßen, abrutschsicher verlegen,
Produkt: Knauf Insulation Trennwand-Dämmplatte TP 115
(Hergestellt mit Ecose® Technology, einem formaldehydfreien Bindemittel auf Basis vorwiegend natürlich-organischer Grundstoffe ohne Zusatz von künstlichen Farben oder Färbemitteln)
oder gleichwertig. *</br>Beplankung innen aus Gipsplatten GKFI DIN 18180:
Diamant, einlagig, Plattendicke 12,5 mm, Typ DFH2IR EN 520,
Verschraubung mit Knauf Diamantschrauben XTN,
Verarbeitung gemäß DIN 18181.
Beplankung außen aus Zementbauplatten DIN EN 12467:
AQUAPANEL Cement Board Indoor,
einlagig, Plattendicke 12,5 mm,
kraftschlüssige Fugenverklebung mit AQUAPANEL Fugenkleber,
Verschraubung mit AQUAPANEL Maxi Schrauben,
Verarbeitung gemäß Knauf Detailblatt W38.de.</br>Verspachtelung der Aquapanel Cement Board Indoor gemäß Knauf Detailblatt W38.de,
Qualitätsstufe AQ1 Standardverspachtelung.</br>Ausführung gemäß Knauf Detailblatt W38.de.
System: Knauf Metallständerwand W386.de mit Aquapanel Technologie"
W386-C5-81.de,"Nichttragende innere Trennwand DIN 4103-1 als Montagewand,</br>Rechenwert des bewerteten Schalldämm-Maßes Rw,R ≥ 51 dB.</br>Bewertetes Schalldämm-Maß Rw ≥ 53,0 dB</br>Wandhöhe: … m
(max. zul. Wandhöhe: 7,20 m)</br>Wanddicke: … mm
(Wanddicke ≥ 230 mm)</br>Umlaufende Anschlüsse starr,
vorhandener Befestigungsuntergrund Stahlbeton/ Mauerwerk ... / Leichtbeton *,
Ausführung mit Unterkonstruktion aus verzinkten Stahlblechprofilen DIN 18182-1,
Metallständer als Einfach-Profile Knauf CW 100 C5-M, Ständerachsabstand 625 mm,
als Doppelständerwerk, Metallständer durch Laschen zug- und druckfest verbunden,
Boden und Deckenanschlüsse mit Randprofilen UW 100/40/06 C5-M,
Befestigung mit bauaufsichtlich zugelassenen Befestigungsmitteln.</br>Dämmschicht aus Mineralwolle nach DIN EN 13162, Dicke 50 mm,
Brandverhalten nach DIN EN 13501-1: A1,
Wärmeleitfähigkeit λ ≤ 0,040 W/(mK),*
längenbezogener Strömungswiderstand nach DIN EN 29053: r ≥ 5 kPa·s/m²,
einlagig, dicht stoßen, abrutschsicher verlegen,
Produkt: Knauf Insulation Trennwand-Dämmplatte TP 115
(Hergestellt mit Ecose® Technology, einem formaldehydfreien Bindemittel auf Basis vorwiegend natürlich-organischer Grundstoffe ohne Zusatz von künstlichen Farben oder Färbemitteln)
oder gleichwertig. *</br>Beplankung innen aus Gipsplatten GKFI DIN 18180:
Diamant, einlagig, Plattendicke 12,5 mm, Typ DFH2IR EN 520,
Verschraubung mit Knauf Diamantschrauben XTN,
Verarbeitung gemäß DIN 18181.
Beplankung außen aus Zementbauplatten DIN EN 12467:
AQUAPANEL Cement Board Indoor,
einlagig, Plattendicke 12,5 mm,
kraftschlüssige Fugenverklebung mit AQUAPANEL Fugenkleber,
Verschraubung mit AQUAPANEL Maxi Schrauben,
Verarbeitung gemäß Knauf Detailblatt W38.de.</br>Verspachtelung der Aquapanel Cement Board Indoor gemäß Knauf Detailblatt W38.de,
Qualitätsstufe AQ1 Standardverspachtelung.</br>Ausführung gemäß Knauf Detailblatt W38.de.
System: Knauf Metallständerwand W386.de mit Aquapanel Technologie"
W386-C5-82.de,"Nichttragende innere Trennwand DIN 4103-1 als Montagewand,</br>Brandschutztechnische Anforderungen an die Bekleidung,
Feuerwiderstandsklasse 30 Minuten nach DIN 4102-2.</br>Wandhöhe: … m
(max. zul. Wandhöhe: 3,00 m)</br>Wanddicke: … mm
(Wanddicke ≥ 130 mm)</br>Umlaufende Anschlüsse starr,
vorhandener Befestigungsuntergrund Stahlbeton/ Mauerwerk ... / Leichtbeton *,
Ausführung mit Unterkonstruktion aus verzinkten Stahlblechprofilen DIN 18182-1,
Metallständer als Einfach-Profile Knauf CW 50 C5-M, Ständerachsabstand 625 mm,
als Doppelständerwerk, Metallständer durch Laschen zug- und druckfest verbunden,
Boden und Deckenanschlüsse mit Randprofilen UW 50/40/06 C5-M,
Befestigung mit bauaufsichtlich zugelassenen Befestigungsmitteln.</br>Beplankung innen aus Gipsplatten GKFI DIN 18180:
Diamant, einlagig, Plattendicke 12,5 mm, Typ DFH2IR EN 520,
Verschraubung mit Knauf Diamantschrauben XTN,
Verarbeitung gemäß DIN 18181.
Beplankung außen aus Zementbauplatten DIN EN 12467:
AQUAPANEL Cement Board Indoor,
einlagig, Plattendicke 12,5 mm,
kraftschlüssige Fugenverklebung mit AQUAPANEL Fugenkleber,
Verschraubung mit AQUAPANEL Maxi Schrauben,
Verarbeitung gemäß Knauf Detailblatt W38.de.</br>Verspachtelung der Aquapanel Cement Board Indoor gemäß Knauf Detailblatt W38.de,
Qualitätsstufe AQ1 Standardverspachtelung.</br>Ausführung gemäß Knauf Detailblatt W38.de.
System: Knauf Metallständerwand W386.de mit Aquapanel Technologie"
W386-C5-83.de,"Nichttragende innere Trennwand DIN 4103-1 als Montagewand,</br>Brandschutztechnische Anforderungen an die Bekleidung,
Feuerwiderstandsklasse 30 Minuten nach DIN 4102-2.</br>Wandhöhe: … m
(max. zul. Wandhöhe: 3,00 m)</br>Wanddicke: … mm
(Wanddicke ≥ 130 mm)</br>Umlaufende Anschlüsse starr,
vorhandener Befestigungsuntergrund Stahlbeton/ Mauerwerk ... / Leichtbeton *,
Ausführung mit Unterkonstruktion aus verzinkten Stahlblechprofilen DIN 18182-1,
Metallständer als Einfach-Profile Knauf CW 50 C5-M, Ständerachsabstand 417 mm,
als Doppelständerwerk, Metallständer durch Laschen zug- und druckfest verbunden,
Boden und Deckenanschlüsse mit Randprofilen UW 50/40/06 C5-M,
Befestigung mit bauaufsichtlich zugelassenen Befestigungsmitteln.</br>Beplankung innen aus Gipsplatten GKFI DIN 18180:
Diamant, einlagig, Plattendicke 12,5 mm, Typ DFH2IR EN 520,
Verschraubung mit Knauf Diamantschrauben XTN,
Verarbeitung gemäß DIN 18181.
Beplankung außen aus Zementbauplatten DIN EN 12467:
AQUAPANEL Cement Board Indoor,
einlagig, Plattendicke 12,5 mm,
kraftschlüssige Fugenverklebung mit AQUAPANEL Fugenkleber,
Verschraubung mit AQUAPANEL Maxi Schrauben,
Verarbeitung gemäß Knauf Detailblatt W38.de.</br>Verspachtelung der Aquapanel Cement Board Indoor gemäß Knauf Detailblatt W38.de,
Qualitätsstufe AQ1 Standardverspachtelung.</br>Ausführung gemäß Knauf Detailblatt W38.de.
System: Knauf Metallständerwand W386.de mit Aquapanel Technologie"
W386-C5-84.de,"Nichttragende innere Trennwand DIN 4103-1 als Montagewand,</br>Brandschutztechnische Anforderungen an die Bekleidung,
Feuerwiderstandsklasse 30 Minuten nach DIN 4102-2.</br>Wandhöhe: … m
(max. zul. Wandhöhe: 3,00 m)</br>Wanddicke: … mm
(Wanddicke ≥ 130 mm)</br>Umlaufende Anschlüsse starr,
vorhandener Befestigungsuntergrund Stahlbeton/ Mauerwerk ... / Leichtbeton *,
Ausführung mit Unterkonstruktion aus verzinkten Stahlblechprofilen DIN 18182-1,
Metallständer als Einfach-Profile Knauf CW 50 C5-M, Ständerachsabstand 312,5 mm,
als Doppelständerwerk, Metallständer durch Laschen zug- und druckfest verbunden,
Boden und Deckenanschlüsse mit Randprofilen UW 50/40/06 C5-M,
Befestigung mit bauaufsichtlich zugelassenen Befestigungsmitteln.</br>Beplankung innen aus Gipsplatten GKFI DIN 18180:
Diamant, einlagig, Plattendicke 12,5 mm, Typ DFH2IR EN 520,
Verschraubung mit Knauf Diamantschrauben XTN,
Verarbeitung gemäß DIN 18181.
Beplankung außen aus Zementbauplatten DIN EN 12467:
AQUAPANEL Cement Board Indoor,
einlagig, Plattendicke 12,5 mm,
kraftschlüssige Fugenverklebung mit AQUAPANEL Fugenkleber,
Verschraubung mit AQUAPANEL Maxi Schrauben,
Verarbeitung gemäß Knauf Detailblatt W38.de.</br>Verspachtelung der Aquapanel Cement Board Indoor gemäß Knauf Detailblatt W38.de,
Qualitätsstufe AQ1 Standardverspachtelung.</br>Ausführung gemäß Knauf Detailblatt W38.de.
System: Knauf Metallständerwand W386.de mit Aquapanel Technologie"
W386-C5-85.de,"Nichttragende innere Trennwand DIN 4103-1 als Montagewand,</br>Brandschutztechnische Anforderungen an die Bekleidung,
Feuerwiderstandsklasse 30 Minuten nach DIN 4102-2.</br>Wandhöhe: … m
(max. zul. Wandhöhe: 3,00 m)</br>Wanddicke: … mm
(Wanddicke ≥ 180 mm)</br>Umlaufende Anschlüsse starr,
vorhandener Befestigungsuntergrund Stahlbeton/ Mauerwerk ... / Leichtbeton *,
Ausführung mit Unterkonstruktion aus verzinkten Stahlblechprofilen DIN 18182-1,
Metallständer als Einfach-Profile Knauf CW 75 C5-M, Ständerachsabstand 625 mm,
als Doppelständerwerk, Metallständer durch Laschen zug- und druckfest verbunden,
Boden und Deckenanschlüsse mit Randprofilen UW 75/40/06 C5-M,
Befestigung mit bauaufsichtlich zugelassenen Befestigungsmitteln.</br>Beplankung innen aus Gipsplatten GKFI DIN 18180:
Diamant, einlagig, Plattendicke 12,5 mm, Typ DFH2IR EN 520,
Verschraubung mit Knauf Diamantschrauben XTN,
Verarbeitung gemäß DIN 18181.
Beplankung außen aus Zementbauplatten DIN EN 12467:
AQUAPANEL Cement Board Indoor,
einlagig, Plattendicke 12,5 mm,
kraftschlüssige Fugenverklebung mit AQUAPANEL Fugenkleber,
Verschraubung mit AQUAPANEL Maxi Schrauben,
Verarbeitung gemäß Knauf Detailblatt W38.de.</br>Verspachtelung der Aquapanel Cement Board Indoor gemäß Knauf Detailblatt W38.de,
Qualitätsstufe AQ1 Standardverspachtelung.</br>Ausführung gemäß Knauf Detailblatt W38.de.
System: Knauf Metallständerwand W386.de mit Aquapanel Technologie"
W386-C5-86.de,"Nichttragende innere Trennwand DIN 4103-1 als Montagewand,</br>Brandschutztechnische Anforderungen an die Bekleidung,
Feuerwiderstandsklasse 30 Minuten nach DIN 4102-2.</br>Wandhöhe: … m
(max. zul. Wandhöhe: 3,00 m)</br>Wanddicke: … mm
(Wanddicke ≥ 180 mm)</br>Umlaufende Anschlüsse starr,
vorhandener Befestigungsuntergrund Stahlbeton/ Mauerwerk ... / Leichtbeton *,
Ausführung mit Unterkonstruktion aus verzinkten Stahlblechprofilen DIN 18182-1,
Metallständer als Einfach-Profile Knauf CW 75 C5-M, Ständerachsabstand 417 mm,
als Doppelständerwerk, Metallständer durch Laschen zug- und druckfest verbunden,
Boden und Deckenanschlüsse mit Randprofilen UW 75/40/06 C5-M,
Befestigung mit bauaufsichtlich zugelassenen Befestigungsmitteln.</br>Beplankung innen aus Gipsplatten GKFI DIN 18180:
Diamant, einlagig, Plattendicke 12,5 mm, Typ DFH2IR EN 520,
Verschraubung mit Knauf Diamantschrauben XTN,
Verarbeitung gemäß DIN 18181.
Beplankung außen aus Zementbauplatten DIN EN 12467:
AQUAPANEL Cement Board Indoor,
einlagig, Plattendicke 12,5 mm,
kraftschlüssige Fugenverklebung mit AQUAPANEL Fugenkleber,
Verschraubung mit AQUAPANEL Maxi Schrauben,
Verarbeitung gemäß Knauf Detailblatt W38.de.</br>Verspachtelung der Aquapanel Cement Board Indoor gemäß Knauf Detailblatt W38.de,
Qualitätsstufe AQ1 Standardverspachtelung.</br>Ausführung gemäß Knauf Detailblatt W38.de.
System: Knauf Metallständerwand W386.de mit Aquapanel Technologie"
W386-C5-87.de,"Nichttragende innere Trennwand DIN 4103-1 als Montagewand,</br>Brandschutztechnische Anforderungen an die Bekleidung,
Feuerwiderstandsklasse 30 Minuten nach DIN 4102-2.</br>Wandhöhe: … m
(max. zul. Wandhöhe: 3,00 m)</br>Wanddicke: … mm
(Wanddicke ≥ 180 mm)</br>Umlaufende Anschlüsse starr,
vorhandener Befestigungsuntergrund Stahlbeton/ Mauerwerk ... / Leichtbeton *,
Ausführung mit Unterkonstruktion aus verzinkten Stahlblechprofilen DIN 18182-1,
Metallständer als Einfach-Profile Knauf CW 75 C5-M, Ständerachsabstand 312,5 mm,
als Doppelständerwerk, Metallständer durch Laschen zug- und druckfest verbunden,
Boden und Deckenanschlüsse mit Randprofilen UW 75/40/06 C5-M,
Befestigung mit bauaufsichtlich zugelassenen Befestigungsmitteln.</br>Beplankung innen aus Gipsplatten GKFI DIN 18180:
Diamant, einlagig, Plattendicke 12,5 mm, Typ DFH2IR EN 520,
Verschraubung mit Knauf Diamantschrauben XTN,
Verarbeitung gemäß DIN 18181.
Beplankung außen aus Zementbauplatten DIN EN 12467:
AQUAPANEL Cement Board Indoor,
einlagig, Plattendicke 12,5 mm,
kraftschlüssige Fugenverklebung mit AQUAPANEL Fugenkleber,
Verschraubung mit AQUAPANEL Maxi Schrauben,
Verarbeitung gemäß Knauf Detailblatt W38.de.</br>Verspachtelung der Aquapanel Cement Board Indoor gemäß Knauf Detailblatt W38.de,
Qualitätsstufe AQ1 Standardverspachtelung.</br>Ausführung gemäß Knauf Detailblatt W38.de.
System: Knauf Metallständerwand W386.de mit Aquapanel Technologie"
W386-C5-88.de,"Nichttragende innere Trennwand DIN 4103-1 als Montagewand,</br>Brandschutztechnische Anforderungen an die Bekleidung,
Feuerwiderstandsklasse 30 Minuten nach DIN 4102-2.</br>Wandhöhe: … m
(max. zul. Wandhöhe: 3,00 m)</br>Wanddicke: … mm
(Wanddicke ≥ 230 mm)</br>Umlaufende Anschlüsse starr,
vorhandener Befestigungsuntergrund Stahlbeton/ Mauerwerk ... / Leichtbeton *,
Ausführung mit Unterkonstruktion aus verzinkten Stahlblechprofilen DIN 18182-1,
Metallständer als Einfach-Profile Knauf CW 100 C5-M, Ständerachsabstand 625 mm,
als Doppelständerwerk, Metallständer durch Laschen zug- und druckfest verbunden,
Boden und Deckenanschlüsse mit Randprofilen UW 100/40/06 C5-M,
Befestigung mit bauaufsichtlich zugelassenen Befestigungsmitteln.</br>Beplankung innen aus Gipsplatten GKFI DIN 18180:
Diamant, einlagig, Plattendicke 12,5 mm, Typ DFH2IR EN 520,
Verschraubung mit Knauf Diamantschrauben XTN,
Verarbeitung gemäß DIN 18181.
Beplankung außen aus Zementbauplatten DIN EN 12467:
AQUAPANEL Cement Board Indoor,
einlagig, Plattendicke 12,5 mm,
kraftschlüssige Fugenverklebung mit AQUAPANEL Fugenkleber,
Verschraubung mit AQUAPANEL Maxi Schrauben,
Verarbeitung gemäß Knauf Detailblatt W38.de.</br>Verspachtelung der Aquapanel Cement Board Indoor gemäß Knauf Detailblatt W38.de,
Qualitätsstufe AQ1 Standardverspachtelung.</br>Ausführung gemäß Knauf Detailblatt W38.de.
System: Knauf Metallständerwand W386.de mit Aquapanel Technologie"
W386-C5-89.de,"Nichttragende innere Trennwand DIN 4103-1 als Montagewand,</br>Brandschutztechnische Anforderungen an die Bekleidung,
Feuerwiderstandsklasse 30 Minuten nach DIN 4102-2.</br>Wandhöhe: … m
(max. zul. Wandhöhe: 3,00 m)</br>Wanddicke: … mm
(Wanddicke ≥ 230 mm)</br>Umlaufende Anschlüsse starr,
vorhandener Befestigungsuntergrund Stahlbeton/ Mauerwerk ... / Leichtbeton *,
Ausführung mit Unterkonstruktion aus verzinkten Stahlblechprofilen DIN 18182-1,
Metallständer als Einfach-Profile Knauf CW 100 C5-M, Ständerachsabstand 417 mm,
als Doppelständerwerk, Metallständer durch Laschen zug- und druckfest verbunden,
Boden und Deckenanschlüsse mit Randprofilen UW 100/40/06 C5-M,
Befestigung mit bauaufsichtlich zugelassenen Befestigungsmitteln.</br>Beplankung innen aus Gipsplatten GKFI DIN 18180:
Diamant, einlagig, Plattendicke 12,5 mm, Typ DFH2IR EN 520,
Verschraubung mit Knauf Diamantschrauben XTN,
Verarbeitung gemäß DIN 18181.
Beplankung außen aus Zementbauplatten DIN EN 12467:
AQUAPANEL Cement Board Indoor,
einlagig, Plattendicke 12,5 mm,
kraftschlüssige Fugenverklebung mit AQUAPANEL Fugenkleber,
Verschraubung mit AQUAPANEL Maxi Schrauben,
Verarbeitung gemäß Knauf Detailblatt W38.de.</br>Verspachtelung der Aquapanel Cement Board Indoor gemäß Knauf Detailblatt W38.de,
Qualitätsstufe AQ1 Standardverspachtelung.</br>Ausführung gemäß Knauf Detailblatt W38.de.
System: Knauf Metallständerwand W386.de mit Aquapanel Technologie"
W386-C5-90.de,"Nichttragende innere Trennwand DIN 4103-1 als Montagewand,</br>Brandschutztechnische Anforderungen an die Bekleidung,
Feuerwiderstandsklasse 30 Minuten nach DIN 4102-2.</br>Wandhöhe: … m
(max. zul. Wandhöhe: 3,00 m)</br>Wanddicke: … mm
(Wanddicke ≥ 230 mm)</br>Umlaufende Anschlüsse starr,
vorhandener Befestigungsuntergrund Stahlbeton/ Mauerwerk ... / Leichtbeton *,
Ausführung mit Unterkonstruktion aus verzinkten Stahlblechprofilen DIN 18182-1,
Metallständer als Einfach-Profile Knauf CW 100 C5-M, Ständerachsabstand 312,5 mm,
als Doppelständerwerk, Metallständer durch Laschen zug- und druckfest verbunden,
Boden und Deckenanschlüsse mit Randprofilen UW 100/40/06 C5-M,
Befestigung mit bauaufsichtlich zugelassenen Befestigungsmitteln.</br>Beplankung innen aus Gipsplatten GKFI DIN 18180:
Diamant, einlagig, Plattendicke 12,5 mm, Typ DFH2IR EN 520,
Verschraubung mit Knauf Diamantschrauben XTN,
Verarbeitung gemäß DIN 18181.
Beplankung außen aus Zementbauplatten DIN EN 12467:
AQUAPANEL Cement Board Indoor,
einlagig, Plattendicke 12,5 mm,
kraftschlüssige Fugenverklebung mit AQUAPANEL Fugenkleber,
Verschraubung mit AQUAPANEL Maxi Schrauben,
Verarbeitung gemäß Knauf Detailblatt W38.de.</br>Verspachtelung der Aquapanel Cement Board Indoor gemäß Knauf Detailblatt W38.de,
Qualitätsstufe AQ1 Standardverspachtelung.</br>Ausführung gemäß Knauf Detailblatt W38.de.
System: Knauf Metallständerwand W386.de mit Aquapanel Technologie"
W386-C5-91.de,"Nichttragende innere Trennwand DIN 4103-1 als Montagewand,</br>Brandschutztechnische Anforderungen an die Bekleidung,
Feuerwiderstandsklasse 30 Minuten nach DIN 4102-2.</br>Rechenwert des bewerteten Schalldämm-Maßes Rw,R ≥ 51 dB.</br>Bewertetes Schalldämm-Maß Rw ≥ 53,0 dB</br>Wandhöhe: … m
(max. zul. Wandhöhe: 3,00 m)</br>Wanddicke: … mm
(Wanddicke ≥ 130 mm)</br>Umlaufende Anschlüsse starr,
vorhandener Befestigungsuntergrund Stahlbeton/ Mauerwerk ... / Leichtbeton *,
Ausführung mit Unterkonstruktion aus verzinkten Stahlblechprofilen DIN 18182-1,
Metallständer als Einfach-Profile Knauf CW 50 C5-M, Ständerachsabstand 625 mm,
als Doppelständerwerk, Metallständer durch Laschen zug- und druckfest verbunden,
Boden und Deckenanschlüsse mit Randprofilen UW 50/40/06 C5-M,
Befestigung mit bauaufsichtlich zugelassenen Befestigungsmitteln.</br>Dämmschicht aus Mineralwolle nach DIN EN 13162, Dicke 50 mm,
Brandverhalten nach DIN EN 13501-1: A1,
Wärmeleitfähigkeit λ ≤ 0,040 W/(mK),*
längenbezogener Strömungswiderstand nach DIN EN 29053: r ≥ 5 kPa·s/m²,
einlagig, dicht stoßen, abrutschsicher verlegen,
Produkt: Knauf Insulation Trennwand-Dämmplatte TP 115
(Hergestellt mit Ecose® Technology, einem formaldehydfreien Bindemittel auf Basis vorwiegend natürlich-organischer Grundstoffe ohne Zusatz von künstlichen Farben oder Färbemitteln)
oder gleichwertig. *</br>Beplankung innen aus Gipsplatten GKFI DIN 18180:
Diamant, einlagig, Plattendicke 12,5 mm, Typ DFH2IR EN 520,
Verschraubung mit Knauf Diamantschrauben XTN,
Verarbeitung gemäß DIN 18181.
Beplankung außen aus Zementbauplatten DIN EN 12467:
AQUAPANEL Cement Board Indoor,
einlagig, Plattendicke 12,5 mm,
kraftschlüssige Fugenverklebung mit AQUAPANEL Fugenkleber,
Verschraubung mit AQUAPANEL Maxi Schrauben,
Verarbeitung gemäß Knauf Detailblatt W38.de.</br>Verspachtelung der Aquapanel Cement Board Indoor gemäß Knauf Detailblatt W38.de,
Qualitätsstufe AQ1 Standardverspachtelung.</br>Ausführung gemäß Knauf Detailblatt W38.de.
System: Knauf Metallständerwand W386.de mit Aquapanel Technologie"
W386-C5-92.de,"Nichttragende innere Trennwand DIN 4103-1 als Montagewand,</br>Brandschutztechnische Anforderungen an die Bekleidung,
Feuerwiderstandsklasse 30 Minuten nach DIN 4102-2.</br>Rechenwert des bewerteten Schalldämm-Maßes Rw,R ≥ 51 dB.</br>Bewertetes Schalldämm-Maß Rw ≥ 53,0 dB</br>Wandhöhe: … m
(max. zul. Wandhöhe: 3,00 m)</br>Wanddicke: … mm
(Wanddicke ≥ 180 mm)</br>Umlaufende Anschlüsse starr,
vorhandener Befestigungsuntergrund Stahlbeton/ Mauerwerk ... / Leichtbeton *,
Ausführung mit Unterkonstruktion aus verzinkten Stahlblechprofilen DIN 18182-1,
Metallständer als Einfach-Profile Knauf CW 75 C5-M, Ständerachsabstand 625 mm,
als Doppelständerwerk, Metallständer durch Laschen zug- und druckfest verbunden,
Boden und Deckenanschlüsse mit Randprofilen UW 75/40/06 C5-M,
Befestigung mit bauaufsichtlich zugelassenen Befestigungsmitteln.</br>Dämmschicht aus Mineralwolle nach DIN EN 13162, Dicke 50 mm,
Brandverhalten nach DIN EN 13501-1: A1,
Wärmeleitfähigkeit λ ≤ 0,040 W/(mK),*
längenbezogener Strömungswiderstand nach DIN EN 29053: r ≥ 5 kPa·s/m²,
einlagig, dicht stoßen, abrutschsicher verlegen,
Produkt: Knauf Insulation Trennwand-Dämmplatte TP 115
(Hergestellt mit Ecose® Technology, einem formaldehydfreien Bindemittel auf Basis vorwiegend natürlich-organischer Grundstoffe ohne Zusatz von künstlichen Farben oder Färbemitteln)
oder gleichwertig. *</br>Beplankung innen aus Gipsplatten GKFI DIN 18180:
Diamant, einlagig, Plattendicke 12,5 mm, Typ DFH2IR EN 520,
Verschraubung mit Knauf Diamantschrauben XTN,
Verarbeitung gemäß DIN 18181.
Beplankung außen aus Zementbauplatten DIN EN 12467:
AQUAPANEL Cement Board Indoor,
einlagig, Plattendicke 12,5 mm,
kraftschlüssige Fugenverklebung mit AQUAPANEL Fugenkleber,
Verschraubung mit AQUAPANEL Maxi Schrauben,
Verarbeitung gemäß Knauf Detailblatt W38.de.</br>Verspachtelung der Aquapanel Cement Board Indoor gemäß Knauf Detailblatt W38.de,
Qualitätsstufe AQ1 Standardverspachtelung.</br>Ausführung gemäß Knauf Detailblatt W38.de.
System: Knauf Metallständerwand W386.de mit Aquapanel Technologie"
W386-C5-93.de,"Nichttragende innere Trennwand DIN 4103-1 als Montagewand,</br>Brandschutztechnische Anforderungen an die Bekleidung,
Feuerwiderstandsklasse 30 Minuten nach DIN 4102-2.</br>Rechenwert des bewerteten Schalldämm-Maßes Rw,R ≥ 51 dB.</br>Bewertetes Schalldämm-Maß Rw ≥ 53,0 dB</br>Wandhöhe: … m
(max. zul. Wandhöhe: 3,00 m)</br>Wanddicke: … mm
(Wanddicke ≥ 230 mm)</br>Umlaufende Anschlüsse starr,
vorhandener Befestigungsuntergrund Stahlbeton/ Mauerwerk ... / Leichtbeton *,
Ausführung mit Unterkonstruktion aus verzinkten Stahlblechprofilen DIN 18182-1,
Metallständer als Einfach-Profile Knauf CW 100 C5-M, Ständerachsabstand 625 mm,
als Doppelständerwerk, Metallständer durch Laschen zug- und druckfest verbunden,
Boden und Deckenanschlüsse mit Randprofilen UW 100/40/06 C5-M,
Befestigung mit bauaufsichtlich zugelassenen Befestigungsmitteln.</br>Dämmschicht aus Mineralwolle nach DIN EN 13162, Dicke 50 mm,
Brandverhalten nach DIN EN 13501-1: A1,
Wärmeleitfähigkeit λ ≤ 0,040 W/(mK),*
längenbezogener Strömungswiderstand nach DIN EN 29053: r ≥ 5 kPa·s/m²,
einlagig, dicht stoßen, abrutschsicher verlegen,
Produkt: Knauf Insulation Trennwand-Dämmplatte TP 115
(Hergestellt mit Ecose® Technology, einem formaldehydfreien Bindemittel auf Basis vorwiegend natürlich-organischer Grundstoffe ohne Zusatz von künstlichen Farben oder Färbemitteln)
oder gleichwertig. *</br>Beplankung innen aus Gipsplatten GKFI DIN 18180:
Diamant, einlagig, Plattendicke 12,5 mm, Typ DFH2IR EN 520,
Verschraubung mit Knauf Diamantschrauben XTN,
Verarbeitung gemäß DIN 18181.
Beplankung außen aus Zementbauplatten DIN EN 12467:
AQUAPANEL Cement Board Indoor,
einlagig, Plattendicke 12,5 mm,
kraftschlüssige Fugenverklebung mit AQUAPANEL Fugenkleber,
Verschraubung mit AQUAPANEL Maxi Schrauben,
Verarbeitung gemäß Knauf Detailblatt W38.de.</br>Verspachtelung der Aquapanel Cement Board Indoor gemäß Knauf Detailblatt W38.de,
Qualitätsstufe AQ1 Standardverspachtelung.</br>Ausführung gemäß Knauf Detailblatt W38.de.
System: Knauf Metallständerwand W386.de mit Aquapanel Technologie"
W386-C5-94.de,"Nichttragende innere Trennwand DIN 4103-1 als Montagewand,</br>Wandhöhe: … m
(max. zul. Wandhöhe: 6,15 m)</br>Wanddicke: … mm
(Wanddicke ≥ 205 mm)</br>Umlaufende Anschlüsse starr,
vorhandener Befestigungsuntergrund Stahlbeton/ Mauerwerk ... / Leichtbeton *,
Ausführung mit Unterkonstruktion aus verzinkten Stahlblechprofilen DIN 18182-1,
Metallständer als Einfach-Profile Knauf CW 75 C5-M, Ständerachsabstand 625 mm,
als Doppelständerwerk, Metallständer durch Laschen zug- und druckfest verbunden,
Boden und Deckenanschlüsse mit Randprofilen UW 75/40/06 C5-M,
Befestigung mit bauaufsichtlich zugelassenen Befestigungsmitteln.</br>Beplankung beidseitig aus Zementbauplatten DIN EN 12467:
AQUAPANEL Cement Board Indoor, zweilagig, Plattendicke 2x 12,5 mm,
kraftschlüssige Fugenverklebung mit AQUAPANEL Fugenkleber,
Verschraubung mit AQUAPANEL Maxi Schrauben,
Verarbeitung gemäß Knauf Detailblatt W38.de.</br>Verspachtelung der Aquapanel Cement Board Indoor gemäß Knauf Detailblatt W38.de,
Qualitätsstufe AQ1 Standardverspachtelung.</br>Ausführung gemäß Knauf Detailblatt W38.de.
System: Knauf Metallständerwand W386.de mit Aquapanel Technologie"
W386-C5-95.de,"Nichttragende innere Trennwand DIN 4103-1 als Montagewand,</br>Wandhöhe: … m
(max. zul. Wandhöhe: 6,15 m)</br>Wanddicke: … mm
(Wanddicke ≥ 205 mm)</br>Umlaufende Anschlüsse starr,
vorhandener Befestigungsuntergrund Stahlbeton/ Mauerwerk ... / Leichtbeton *,
Ausführung mit Unterkonstruktion aus verzinkten Stahlblechprofilen DIN 18182-1,
Metallständer als Einfach-Profile Knauf CW 75 C5-M, Ständerachsabstand 417 mm,
als Doppelständerwerk, Metallständer durch Laschen zug- und druckfest verbunden,
Boden und Deckenanschlüsse mit Randprofilen UW 75/40/06 C5-M,
Befestigung mit bauaufsichtlich zugelassenen Befestigungsmitteln.</br>Beplankung beidseitig aus Zementbauplatten DIN EN 12467:
AQUAPANEL Cement Board Indoor, zweilagig, Plattendicke 2x 12,5 mm,
kraftschlüssige Fugenverklebung mit AQUAPANEL Fugenkleber,
Verschraubung mit AQUAPANEL Maxi Schrauben,
Verarbeitung gemäß Knauf Detailblatt W38.de.</br>Verspachtelung der Aquapanel Cement Board Indoor gemäß Knauf Detailblatt W38.de,
Qualitätsstufe AQ1 Standardverspachtelung.</br>Ausführung gemäß Knauf Detailblatt W38.de.
System: Knauf Metallständerwand W386.de mit Aquapanel Technologie"
W386-C5-96.de,"Nichttragende innere Trennwand DIN 4103-1 als Montagewand,</br>Wandhöhe: … m
(max. zul. Wandhöhe: 6,15 m)</br>Wanddicke: … mm
(Wanddicke ≥ 205 mm)</br>Umlaufende Anschlüsse starr,
vorhandener Befestigungsuntergrund Stahlbeton/ Mauerwerk ... / Leichtbeton *,
Ausführung mit Unterkonstruktion aus verzinkten Stahlblechprofilen DIN 18182-1,
Metallständer als Einfach-Profile Knauf CW 75 C5-M, Ständerachsabstand 312,5 mm,
als Doppelständerwerk, Metallständer durch Laschen zug- und druckfest verbunden,
Boden und Deckenanschlüsse mit Randprofilen UW 75/40/06 C5-M,
Befestigung mit bauaufsichtlich zugelassenen Befestigungsmitteln.</br>Beplankung beidseitig aus Zementbauplatten DIN EN 12467:
AQUAPANEL Cement Board Indoor, zweilagig, Plattendicke 2x 12,5 mm,
kraftschlüssige Fugenverklebung mit AQUAPANEL Fugenkleber,
Verschraubung mit AQUAPANEL Maxi Schrauben,
Verarbeitung gemäß Knauf Detailblatt W38.de.</br>Verspachtelung der Aquapanel Cement Board Indoor gemäß Knauf Detailblatt W38.de,
Qualitätsstufe AQ1 Standardverspachtelung.</br>Ausführung gemäß Knauf Detailblatt W38.de.
System: Knauf Metallständerwand W386.de mit Aquapanel Technologie"
W386-C5-97.de,"Nichttragende innere Trennwand DIN 4103-1 als Montagewand,</br>Wandhöhe: … m
(max. zul. Wandhöhe: 7,90 m)</br>Wanddicke: … mm
(Wanddicke ≥ 255 mm)</br>Umlaufende Anschlüsse starr,
vorhandener Befestigungsuntergrund Stahlbeton/ Mauerwerk ... / Leichtbeton *,
Ausführung mit Unterkonstruktion aus verzinkten Stahlblechprofilen DIN 18182-1,
Metallständer als Einfach-Profile Knauf CW 100 C5-M, Ständerachsabstand 625 mm,
als Doppelständerwerk, Metallständer durch Laschen zug- und druckfest verbunden,
Boden und Deckenanschlüsse mit Randprofilen UW 100/40/06 C5-M,
Befestigung mit bauaufsichtlich zugelassenen Befestigungsmitteln.</br>Beplankung beidseitig aus Zementbauplatten DIN EN 12467:
AQUAPANEL Cement Board Indoor, zweilagig, Plattendicke 2x 12,5 mm,
kraftschlüssige Fugenverklebung mit AQUAPANEL Fugenkleber,
Verschraubung mit AQUAPANEL Maxi Schrauben,
Verarbeitung gemäß Knauf Detailblatt W38.de.</br>Verspachtelung der Aquapanel Cement Board Indoor gemäß Knauf Detailblatt W38.de,
Qualitätsstufe AQ1 Standardverspachtelung.</br>Ausführung gemäß Knauf Detailblatt W38.de.
System: Knauf Metallständerwand W386.de mit Aquapanel Technologie"
W386-C5-98.de,"Nichttragende innere Trennwand DIN 4103-1 als Montagewand,</br>Wandhöhe: … m
(max. zul. Wandhöhe: 7,90 m)</br>Wanddicke: … mm
(Wanddicke ≥ 255 mm)</br>Umlaufende Anschlüsse starr,
vorhandener Befestigungsuntergrund Stahlbeton/ Mauerwerk ... / Leichtbeton *,
Ausführung mit Unterkonstruktion aus verzinkten Stahlblechprofilen DIN 18182-1,
Metallständer als Einfach-Profile Knauf CW 100 C5-M, Ständerachsabstand 417 mm,
als Doppelständerwerk, Metallständer durch Laschen zug- und druckfest verbunden,
Boden und Deckenanschlüsse mit Randprofilen UW 100/40/06 C5-M,
Befestigung mit bauaufsichtlich zugelassenen Befestigungsmitteln.</br>Beplankung beidseitig aus Zementbauplatten DIN EN 12467:
AQUAPANEL Cement Board Indoor, zweilagig, Plattendicke 2x 12,5 mm,
kraftschlüssige Fugenverklebung mit AQUAPANEL Fugenkleber,
Verschraubung mit AQUAPANEL Maxi Schrauben,
Verarbeitung gemäß Knauf Detailblatt W38.de.</br>Verspachtelung der Aquapanel Cement Board Indoor gemäß Knauf Detailblatt W38.de,
Qualitätsstufe AQ1 Standardverspachtelung.</br>Ausführung gemäß Knauf Detailblatt W38.de.
System: Knauf Metallständerwand W386.de mit Aquapanel Technologie"
W386-C5-99.de,"Nichttragende innere Trennwand DIN 4103-1 als Montagewand,</br>Wandhöhe: … m
(max. zul. Wandhöhe: 7,90 m)</br>Wanddicke: … mm
(Wanddicke ≥ 255 mm)</br>Umlaufende Anschlüsse starr,
vorhandener Befestigungsuntergrund Stahlbeton/ Mauerwerk ... / Leichtbeton *,
Ausführung mit Unterkonstruktion aus verzinkten Stahlblechprofilen DIN 18182-1,
Metallständer als Einfach-Profile Knauf CW 100 C5-M, Ständerachsabstand 312,5 mm,
als Doppelständerwerk, Metallständer durch Laschen zug- und druckfest verbunden,
Boden und Deckenanschlüsse mit Randprofilen UW 100/40/06 C5-M,
Befestigung mit bauaufsichtlich zugelassenen Befestigungsmitteln.</br>Beplankung beidseitig aus Zementbauplatten DIN EN 12467:
AQUAPANEL Cement Board Indoor, zweilagig, Plattendicke 2x 12,5 mm,
kraftschlüssige Fugenverklebung mit AQUAPANEL Fugenkleber,
Verschraubung mit AQUAPANEL Maxi Schrauben,
Verarbeitung gemäß Knauf Detailblatt W38.de.</br>Verspachtelung der Aquapanel Cement Board Indoor gemäß Knauf Detailblatt W38.de,
Qualitätsstufe AQ1 Standardverspachtelung.</br>Ausführung gemäß Knauf Detailblatt W38.de.
System: Knauf Metallständerwand W386.de mit Aquapanel Technologie"
W386-C5-100.de,"Nichttragende innere Trennwand DIN 4103-1 als Montagewand,</br>Rechenwert des bewerteten Schalldämm-Maßes Rw,R = 55 dB.</br>Bewertetes Schalldämm-Maß Rw = 57,0 dB</br>Wandhöhe: … m
(max. zul. Wandhöhe: 4,50 m)</br>Wanddicke: … mm
(Wanddicke ≥ 155 mm)</br>Umlaufende Anschlüsse starr,
vorhandener Befestigungsuntergrund Stahlbeton/ Mauerwerk ... / Leichtbeton *,
Ausführung mit Unterkonstruktion aus verzinkten Stahlblechprofilen DIN 18182-1,
Metallständer als Einfach-Profile Knauf CW 50 C5-M, Ständerachsabstand 625 mm,
als Doppelständerwerk, Metallständer durch Laschen zug- und druckfest verbunden,
Boden und Deckenanschlüsse mit Randprofilen UW 50/40/06 C5-M,
Befestigung mit bauaufsichtlich zugelassenen Befestigungsmitteln.</br>Dämmschicht aus Mineralwolle nach DIN EN 13162, Dicke 50 mm,
Brandverhalten nach DIN EN 13501-1: A1,
Wärmeleitfähigkeit λ ≤ 0,040 W/(mK),*
längenbezogener Strömungswiderstand nach DIN EN 29053: r ≥ 5 kPa·s/m²,
einlagig, dicht stoßen, abrutschsicher verlegen,
Produkt: Knauf Insulation Trennwand-Dämmplatte TP 115
(Hergestellt mit Ecose® Technology, einem formaldehydfreien Bindemittel auf Basis vorwiegend natürlich-organischer Grundstoffe ohne Zusatz von künstlichen Farben oder Färbemitteln)
oder gleichwertig. *</br>Beplankung beidseitig aus Zementbauplatten DIN EN 12467:
AQUAPANEL Cement Board Indoor, zweilagig, Plattendicke 2x 12,5 mm,
kraftschlüssige Fugenverklebung mit AQUAPANEL Fugenkleber,
Verschraubung mit AQUAPANEL Maxi Schrauben,
Verarbeitung gemäß Knauf Detailblatt W38.de.</br>Verspachtelung der Aquapanel Cement Board Indoor gemäß Knauf Detailblatt W38.de,
Qualitätsstufe AQ1 Standardverspachtelung.</br>Ausführung gemäß Knauf Detailblatt W38.de.
System: Knauf Metallständerwand W386.de mit Aquapanel Technologie"
W386-C5-101.de,"Nichttragende innere Trennwand DIN 4103-1 als Montagewand,</br>Rechenwert des bewerteten Schalldämm-Maßes Rw,R ≥ 55 dB.</br>Bewertetes Schalldämm-Maß Rw ≥ 57,0 dB</br>Wandhöhe: … m
(max. zul. Wandhöhe: 6,15 m)</br>Wanddicke: … mm
(Wanddicke ≥ 205 mm)</br>Umlaufende Anschlüsse starr,
vorhandener Befestigungsuntergrund Stahlbeton/ Mauerwerk ... / Leichtbeton *,
Ausführung mit Unterkonstruktion aus verzinkten Stahlblechprofilen DIN 18182-1,
Metallständer als Einfach-Profile Knauf CW 75 C5-M, Ständerachsabstand 625 mm,
als Doppelständerwerk, Metallständer durch Laschen zug- und druckfest verbunden,
Boden und Deckenanschlüsse mit Randprofilen UW 75/40/06 C5-M,
Befestigung mit bauaufsichtlich zugelassenen Befestigungsmitteln.</br>Dämmschicht aus Mineralwolle nach DIN EN 13162, Dicke 50 mm,
Brandverhalten nach DIN EN 13501-1: A1,
Wärmeleitfähigkeit λ ≤ 0,040 W/(mK),*
längenbezogener Strömungswiderstand nach DIN EN 29053: r ≥ 5 kPa·s/m²,
einlagig, dicht stoßen, abrutschsicher verlegen,
Produkt: Knauf Insulation Trennwand-Dämmplatte TP 115
(Hergestellt mit Ecose® Technology, einem formaldehydfreien Bindemittel auf Basis vorwiegend natürlich-organischer Grundstoffe ohne Zusatz von künstlichen Farben oder Färbemitteln)
oder gleichwertig. *</br>Beplankung beidseitig aus Zementbauplatten DIN EN 12467:
AQUAPANEL Cement Board Indoor, zweilagig, Plattendicke 2x 12,5 mm,
kraftschlüssige Fugenverklebung mit AQUAPANEL Fugenkleber,
Verschraubung mit AQUAPANEL Maxi Schrauben,
Verarbeitung gemäß Knauf Detailblatt W38.de.</br>Verspachtelung der Aquapanel Cement Board Indoor gemäß Knauf Detailblatt W38.de,
Qualitätsstufe AQ1 Standardverspachtelung.</br>Ausführung gemäß Knauf Detailblatt W38.de.
System: Knauf Metallständerwand W386.de mit Aquapanel Technologie"
W386-C5-102.de,"Nichttragende innere Trennwand DIN 4103-1 als Montagewand,</br>Rechenwert des bewerteten Schalldämm-Maßes Rw,R ≥ 55 dB.</br>Bewertetes Schalldämm-Maß Rw ≥ 57,0 dB</br>Wandhöhe: … m
(max. zul. Wandhöhe: 7,90 m)</br>Wanddicke: … mm
(Wanddicke ≥ 255 mm)</br>Umlaufende Anschlüsse starr,
vorhandener Befestigungsuntergrund Stahlbeton/ Mauerwerk ... / Leichtbeton *,
Ausführung mit Unterkonstruktion aus verzinkten Stahlblechprofilen DIN 18182-1,
Metallständer als Einfach-Profile Knauf CW 100 C5-M, Ständerachsabstand 625 mm,
als Doppelständerwerk, Metallständer durch Laschen zug- und druckfest verbunden,
Boden und Deckenanschlüsse mit Randprofilen UW 100/40/06 C5-M,
Befestigung mit bauaufsichtlich zugelassenen Befestigungsmitteln.</br>Dämmschicht aus Mineralwolle nach DIN EN 13162, Dicke 50 mm,
Brandverhalten nach DIN EN 13501-1: A1,
Wärmeleitfähigkeit λ ≤ 0,040 W/(mK),*
längenbezogener Strömungswiderstand nach DIN EN 29053: r ≥ 5 kPa·s/m²,
einlagig, dicht stoßen, abrutschsicher verlegen,
Produkt: Knauf Insulation Trennwand-Dämmplatte TP 115
(Hergestellt mit Ecose® Technology, einem formaldehydfreien Bindemittel auf Basis vorwiegend natürlich-organischer Grundstoffe ohne Zusatz von künstlichen Farben oder Färbemitteln)
oder gleichwertig. *</br>Beplankung beidseitig aus Zementbauplatten DIN EN 12467:
AQUAPANEL Cement Board Indoor, zweilagig, Plattendicke 2x 12,5 mm,
kraftschlüssige Fugenverklebung mit AQUAPANEL Fugenkleber,
Verschraubung mit AQUAPANEL Maxi Schrauben,
Verarbeitung gemäß Knauf Detailblatt W38.de.</br>Verspachtelung der Aquapanel Cement Board Indoor gemäß Knauf Detailblatt W38.de,
Qualitätsstufe AQ1 Standardverspachtelung.</br>Ausführung gemäß Knauf Detailblatt W38.de.
System: Knauf Metallständerwand W386.de mit Aquapanel Technologie"
W386-C5-103.de,"Nichttragende innere Trennwand DIN 4103-1 als Montagewand,</br>Brandschutztechnische Anforderungen an die Bekleidung,
Feuerwiderstandsklasse 90 Minuten nach DIN 4102-2.</br>Wandhöhe: … m
(max. zul. Wandhöhe: 4,50 m)</br>Wanddicke: … mm
(Wanddicke ≥ 155 mm)</br>Umlaufende Anschlüsse starr,
vorhandener Befestigungsuntergrund Stahlbeton/ Mauerwerk ... / Leichtbeton *,
Ausführung mit Unterkonstruktion aus verzinkten Stahlblechprofilen DIN 18182-1,
Metallständer als Einfach-Profile Knauf CW 50 C5-M, Ständerachsabstand 625 mm,
als Doppelständerwerk, Metallständer durch Laschen zug- und druckfest verbunden,
Boden und Deckenanschlüsse mit Randprofilen UW 50/40/06 C5-M,
Befestigung mit bauaufsichtlich zugelassenen Befestigungsmitteln.</br>Beplankung beidseitig aus Zementbauplatten DIN EN 12467:
AQUAPANEL Cement Board Indoor, zweilagig, Plattendicke 2x 12,5 mm,
kraftschlüssige Fugenverklebung mit AQUAPANEL Fugenkleber,
Verschraubung mit AQUAPANEL Maxi Schrauben,
Verarbeitung gemäß Knauf Detailblatt W38.de.</br>Verspachtelung der Aquapanel Cement Board Indoor gemäß Knauf Detailblatt W38.de,
Qualitätsstufe AQ1 Standardverspachtelung.</br>Ausführung gemäß Knauf Detailblatt W38.de.
System: Knauf Metallständerwand W386.de mit Aquapanel Technologie"
W386-C5-104.de,"Nichttragende innere Trennwand DIN 4103-1 als Montagewand,</br>Brandschutztechnische Anforderungen an die Bekleidung,
Feuerwiderstandsklasse 90 Minuten nach DIN 4102-2.</br>Wandhöhe: … m
(max. zul. Wandhöhe: 4,50 m)</br>Wanddicke: … mm
(Wanddicke ≥ 155 mm)</br>Umlaufende Anschlüsse starr,
vorhandener Befestigungsuntergrund Stahlbeton/ Mauerwerk ... / Leichtbeton *,
Ausführung mit Unterkonstruktion aus verzinkten Stahlblechprofilen DIN 18182-1,
Metallständer als Einfach-Profile Knauf CW 50 C5-M, Ständerachsabstand 417 mm,
als Doppelständerwerk, Metallständer durch Laschen zug- und druckfest verbunden,
Boden und Deckenanschlüsse mit Randprofilen UW 50/40/06 C5-M,
Befestigung mit bauaufsichtlich zugelassenen Befestigungsmitteln.</br>Beplankung beidseitig aus Zementbauplatten DIN EN 12467:
AQUAPANEL Cement Board Indoor, zweilagig, Plattendicke 2x 12,5 mm,
kraftschlüssige Fugenverklebung mit AQUAPANEL Fugenkleber,
Verschraubung mit AQUAPANEL Maxi Schrauben,
Verarbeitung gemäß Knauf Detailblatt W38.de.</br>Verspachtelung der Aquapanel Cement Board Indoor gemäß Knauf Detailblatt W38.de,
Qualitätsstufe AQ1 Standardverspachtelung.</br>Ausführung gemäß Knauf Detailblatt W38.de.
System: Knauf Metallständerwand W386.de mit Aquapanel Technologie"
W386-C5-105.de,"Nichttragende innere Trennwand DIN 4103-1 als Montagewand,</br>Brandschutztechnische Anforderungen an die Bekleidung,
Feuerwiderstandsklasse 90 Minuten nach DIN 4102-2.</br>Wandhöhe: … m
(max. zul. Wandhöhe: 4,50 m)</br>Wanddicke: … mm
(Wanddicke ≥ 155 mm)</br>Umlaufende Anschlüsse starr,
vorhandener Befestigungsuntergrund Stahlbeton/ Mauerwerk ... / Leichtbeton *,
Ausführung mit Unterkonstruktion aus verzinkten Stahlblechprofilen DIN 18182-1,
Metallständer als Einfach-Profile Knauf CW 50 C5-M, Ständerachsabstand 312,5 mm,
als Doppelständerwerk, Metallständer durch Laschen zug- und druckfest verbunden,
Boden und Deckenanschlüsse mit Randprofilen UW 50/40/06 C5-M,
Befestigung mit bauaufsichtlich zugelassenen Befestigungsmitteln.</br>Beplankung beidseitig aus Zementbauplatten DIN EN 12467:
AQUAPANEL Cement Board Indoor, zweilagig, Plattendicke 2x 12,5 mm,
kraftschlüssige Fugenverklebung mit AQUAPANEL Fugenkleber,
Verschraubung mit AQUAPANEL Maxi Schrauben,
Verarbeitung gemäß Knauf Detailblatt W38.de.</br>Verspachtelung der Aquapanel Cement Board Indoor gemäß Knauf Detailblatt W38.de,
Qualitätsstufe AQ1 Standardverspachtelung.</br>Ausführung gemäß Knauf Detailblatt W38.de.
System: Knauf Metallständerwand W386.de mit Aquapanel Technologie"
W386-C5-106.de,"Nichttragende innere Trennwand DIN 4103-1 als Montagewand,</br>Brandschutztechnische Anforderungen an die Bekleidung,
Feuerwiderstandsklasse 90 Minuten nach DIN 4102-2.</br>Wandhöhe: … m
(max. zul. Wandhöhe: 5,00 m)</br>Wanddicke: … mm
(Wanddicke ≥ 205 mm)</br>Umlaufende Anschlüsse starr,
vorhandener Befestigungsuntergrund Stahlbeton/ Mauerwerk ... / Leichtbeton *,
Ausführung mit Unterkonstruktion aus verzinkten Stahlblechprofilen DIN 18182-1,
Metallständer als Einfach-Profile Knauf CW 75 C5-M, Ständerachsabstand 625 mm,
als Doppelständerwerk, Metallständer durch Laschen zug- und druckfest verbunden,
Boden und Deckenanschlüsse mit Randprofilen UW 75/40/06 C5-M,
Befestigung mit bauaufsichtlich zugelassenen Befestigungsmitteln.</br>Beplankung beidseitig aus Zementbauplatten DIN EN 12467:
AQUAPANEL Cement Board Indoor, zweilagig, Plattendicke 2x 12,5 mm,
kraftschlüssige Fugenverklebung mit AQUAPANEL Fugenkleber,
Verschraubung mit AQUAPANEL Maxi Schrauben,
Verarbeitung gemäß Knauf Detailblatt W38.de.</br>Verspachtelung der Aquapanel Cement Board Indoor gemäß Knauf Detailblatt W38.de,
Qualitätsstufe AQ1 Standardverspachtelung.</br>Ausführung gemäß Knauf Detailblatt W38.de.
System: Knauf Metallständerwand W386.de mit Aquapanel Technologie"
W386-C5-107.de,"Nichttragende innere Trennwand DIN 4103-1 als Montagewand,</br>Brandschutztechnische Anforderungen an die Bekleidung,
Feuerwiderstandsklasse 90 Minuten nach DIN 4102-2.</br>Wandhöhe: … m
(max. zul. Wandhöhe: 5,00 m)</br>Wanddicke: … mm
(Wanddicke ≥ 205 mm)</br>Umlaufende Anschlüsse starr,
vorhandener Befestigungsuntergrund Stahlbeton/ Mauerwerk ... / Leichtbeton *,
Ausführung mit Unterkonstruktion aus verzinkten Stahlblechprofilen DIN 18182-1,
Metallständer als Einfach-Profile Knauf CW 75 C5-M, Ständerachsabstand 417 mm,
als Doppelständerwerk, Metallständer durch Laschen zug- und druckfest verbunden,
Boden und Deckenanschlüsse mit Randprofilen UW 75/40/06 C5-M,
Befestigung mit bauaufsichtlich zugelassenen Befestigungsmitteln.</br>Beplankung beidseitig aus Zementbauplatten DIN EN 12467:
AQUAPANEL Cement Board Indoor, zweilagig, Plattendicke 2x 12,5 mm,
kraftschlüssige Fugenverklebung mit AQUAPANEL Fugenkleber,
Verschraubung mit AQUAPANEL Maxi Schrauben,
Verarbeitung gemäß Knauf Detailblatt W38.de.</br>Verspachtelung der Aquapanel Cement Board Indoor gemäß Knauf Detailblatt W38.de,
Qualitätsstufe AQ1 Standardverspachtelung.</br>Ausführung gemäß Knauf Detailblatt W38.de.
System: Knauf Metallständerwand W386.de mit Aquapanel Technologie"
W386-C5-108.de,"Nichttragende innere Trennwand DIN 4103-1 als Montagewand,</br>Brandschutztechnische Anforderungen an die Bekleidung,
Feuerwiderstandsklasse 90 Minuten nach DIN 4102-2.</br>Wandhöhe: … m
(max. zul. Wandhöhe: 5,00 m)</br>Wanddicke: … mm
(Wanddicke ≥ 205 mm)</br>Umlaufende Anschlüsse starr,
vorhandener Befestigungsuntergrund Stahlbeton/ Mauerwerk ... / Leichtbeton *,
Ausführung mit Unterkonstruktion aus verzinkten Stahlblechprofilen DIN 18182-1,
Metallständer als Einfach-Profile Knauf CW 75 C5-M, Ständerachsabstand 312,5 mm,
als Doppelständerwerk, Metallständer durch Laschen zug- und druckfest verbunden,
Boden und Deckenanschlüsse mit Randprofilen UW 75/40/06 C5-M,
Befestigung mit bauaufsichtlich zugelassenen Befestigungsmitteln.</br>Beplankung beidseitig aus Zementbauplatten DIN EN 12467:
AQUAPANEL Cement Board Indoor, zweilagig, Plattendicke 2x 12,5 mm,
kraftschlüssige Fugenverklebung mit AQUAPANEL Fugenkleber,
Verschraubung mit AQUAPANEL Maxi Schrauben,
Verarbeitung gemäß Knauf Detailblatt W38.de.</br>Verspachtelung der Aquapanel Cement Board Indoor gemäß Knauf Detailblatt W38.de,
Qualitätsstufe AQ1 Standardverspachtelung.</br>Ausführung gemäß Knauf Detailblatt W38.de.
System: Knauf Metallständerwand W386.de mit Aquapanel Technologie"
W386-C5-109.de,"Nichttragende innere Trennwand DIN 4103-1 als Montagewand,</br>Brandschutztechnische Anforderungen an die Bekleidung,
Feuerwiderstandsklasse 90 Minuten nach DIN 4102-2.</br>Wandhöhe: … m
(max. zul. Wandhöhe: 5,00 m)</br>Wanddicke: … mm
(Wanddicke ≥ 255 mm)</br>Umlaufende Anschlüsse starr,
vorhandener Befestigungsuntergrund Stahlbeton/ Mauerwerk ... / Leichtbeton *,
Ausführung mit Unterkonstruktion aus verzinkten Stahlblechprofilen DIN 18182-1,
Metallständer als Einfach-Profile Knauf CW 100 C5-M, Ständerachsabstand 625 mm,
als Doppelständerwerk, Metallständer durch Laschen zug- und druckfest verbunden,
Boden und Deckenanschlüsse mit Randprofilen UW 100/40/06 C5-M,
Befestigung mit bauaufsichtlich zugelassenen Befestigungsmitteln.</br>Beplankung beidseitig aus Zementbauplatten DIN EN 12467:
AQUAPANEL Cement Board Indoor, zweilagig, Plattendicke 2x 12,5 mm,
kraftschlüssige Fugenverklebung mit AQUAPANEL Fugenkleber,
Verschraubung mit AQUAPANEL Maxi Schrauben,
Verarbeitung gemäß Knauf Detailblatt W38.de.</br>Verspachtelung der Aquapanel Cement Board Indoor gemäß Knauf Detailblatt W38.de,
Qualitätsstufe AQ1 Standardverspachtelung.</br>Ausführung gemäß Knauf Detailblatt W38.de.
System: Knauf Metallständerwand W386.de mit Aquapanel Technologie"
W386-C5-110.de,"Nichttragende innere Trennwand DIN 4103-1 als Montagewand,</br>Brandschutztechnische Anforderungen an die Bekleidung,
Feuerwiderstandsklasse 90 Minuten nach DIN 4102-2.</br>Wandhöhe: … m
(max. zul. Wandhöhe: 5,00 m)</br>Wanddicke: … mm
(Wanddicke ≥ 255 mm)</br>Umlaufende Anschlüsse starr,
vorhandener Befestigungsuntergrund Stahlbeton/ Mauerwerk ... / Leichtbeton *,
Ausführung mit Unterkonstruktion aus verzinkten Stahlblechprofilen DIN 18182-1,
Metallständer als Einfach-Profile Knauf CW 100 C5-M, Ständerachsabstand 417 mm,
als Doppelständerwerk, Metallständer durch Laschen zug- und druckfest verbunden,
Boden und Deckenanschlüsse mit Randprofilen UW 100/40/06 C5-M,
Befestigung mit bauaufsichtlich zugelassenen Befestigungsmitteln.</br>Beplankung beidseitig aus Zementbauplatten DIN EN 12467:
AQUAPANEL Cement Board Indoor, zweilagig, Plattendicke 2x 12,5 mm,
kraftschlüssige Fugenverklebung mit AQUAPANEL Fugenkleber,
Verschraubung mit AQUAPANEL Maxi Schrauben,
Verarbeitung gemäß Knauf Detailblatt W38.de.</br>Verspachtelung der Aquapanel Cement Board Indoor gemäß Knauf Detailblatt W38.de,
Qualitätsstufe AQ1 Standardverspachtelung.</br>Ausführung gemäß Knauf Detailblatt W38.de.
System: Knauf Metallständerwand W386.de mit Aquapanel Technologie"
W386-C5-111.de,"Nichttragende innere Trennwand DIN 4103-1 als Montagewand,</br>Brandschutztechnische Anforderungen an die Bekleidung,
Feuerwiderstandsklasse 90 Minuten nach DIN 4102-2.</br>Wandhöhe: … m
(max. zul. Wandhöhe: 5,00 m)</br>Wanddicke: … mm
(Wanddicke ≥ 255 mm)</br>Umlaufende Anschlüsse starr,
vorhandener Befestigungsuntergrund Stahlbeton/ Mauerwerk ... / Leichtbeton *,
Ausführung mit Unterkonstruktion aus verzinkten Stahlblechprofilen DIN 18182-1,
Metallständer als Einfach-Profile Knauf CW 100 C5-M, Ständerachsabstand 312,5 mm,
als Doppelständerwerk, Metallständer durch Laschen zug- und druckfest verbunden,
Boden und Deckenanschlüsse mit Randprofilen UW 100/40/06 C5-M,
Befestigung mit bauaufsichtlich zugelassenen Befestigungsmitteln.</br>Beplankung beidseitig aus Zementbauplatten DIN EN 12467:
AQUAPANEL Cement Board Indoor, zweilagig, Plattendicke 2x 12,5 mm,
kraftschlüssige Fugenverklebung mit AQUAPANEL Fugenkleber,
Verschraubung mit AQUAPANEL Maxi Schrauben,
Verarbeitung gemäß Knauf Detailblatt W38.de.</br>Verspachtelung der Aquapanel Cement Board Indoor gemäß Knauf Detailblatt W38.de,
Qualitätsstufe AQ1 Standardverspachtelung.</br>Ausführung gemäß Knauf Detailblatt W38.de.
System: Knauf Metallständerwand W386.de mit Aquapanel Technologie"
W386-C5-112.de,"Nichttragende innere Trennwand DIN 4103-1 als Montagewand,</br>Brandschutztechnische Anforderungen an die Bekleidung,
Feuerwiderstandsklasse 90 Minuten nach DIN 4102-2.</br>Rechenwert des bewerteten Schalldämm-Maßes Rw,R = 55 dB.</br>Bewertetes Schalldämm-Maß Rw = 57,0 dB</br>Wandhöhe: … m
(max. zul. Wandhöhe: 3,00 m)</br>Wanddicke: … mm
(Wanddicke ≥ 155 mm)</br>Umlaufende Anschlüsse starr,
vorhandener Befestigungsuntergrund Stahlbeton/ Mauerwerk ... / Leichtbeton *,
Ausführung mit Unterkonstruktion aus verzinkten Stahlblechprofilen DIN 18182-1,
Metallständer als Einfach-Profile Knauf CW 50 C5-M, Ständerachsabstand 625 mm,
als Doppelständerwerk, Metallständer durch Laschen zug- und druckfest verbunden,
Boden und Deckenanschlüsse mit Randprofilen UW 50/40/06 C5-M,
Befestigung mit bauaufsichtlich zugelassenen Befestigungsmitteln.</br>Dämmschicht aus Mineralwolle nach DIN EN 13162, Dicke 50 mm,
Brandverhalten nach DIN EN 13501-1: A1,
Wärmeleitfähigkeit λ ≤ 0,040 W/(mK),*
längenbezogener Strömungswiderstand nach DIN EN 29053: r ≥ 5 kPa·s/m²,
einlagig, dicht stoßen, abrutschsicher verlegen,
Produkt: Knauf Insulation Trennwand-Dämmplatte TP 115
(Hergestellt mit Ecose® Technology, einem formaldehydfreien Bindemittel auf Basis vorwiegend natürlich-organischer Grundstoffe ohne Zusatz von künstlichen Farben oder Färbemitteln)
oder gleichwertig. *</br>Beplankung beidseitig aus Zementbauplatten DIN EN 12467:
AQUAPANEL Cement Board Indoor, zweilagig, Plattendicke 2x 12,5 mm,
kraftschlüssige Fugenverklebung mit AQUAPANEL Fugenkleber,
Verschraubung mit AQUAPANEL Maxi Schrauben,
Verarbeitung gemäß Knauf Detailblatt W38.de.</br>Verspachtelung der Aquapanel Cement Board Indoor gemäß Knauf Detailblatt W38.de,
Qualitätsstufe AQ1 Standardverspachtelung.</br>Ausführung gemäß Knauf Detailblatt W38.de.
System: Knauf Metallständerwand W386.de mit Aquapanel Technologie"
W386-C5-113.de,"Nichttragende innere Trennwand DIN 4103-1 als Montagewand,</br>Brandschutztechnische Anforderungen an die Bekleidung,
Feuerwiderstandsklasse 90 Minuten nach DIN 4102-2.</br>Rechenwert des bewerteten Schalldämm-Maßes Rw,R ≥ 55 dB.</br>Bewertetes Schalldämm-Maß Rw ≥ 57,0 dB</br>Wandhöhe: … m
(max. zul. Wandhöhe: 5,00 m)</br>Wanddicke: … mm
(Wanddicke ≥ 205 mm)</br>Umlaufende Anschlüsse starr,
vorhandener Befestigungsuntergrund Stahlbeton/ Mauerwerk ... / Leichtbeton *,
Ausführung mit Unterkonstruktion aus verzinkten Stahlblechprofilen DIN 18182-1,
Metallständer als Einfach-Profile Knauf CW 75 C5-M, Ständerachsabstand 625 mm,
als Doppelständerwerk, Metallständer durch Laschen zug- und druckfest verbunden,
Boden und Deckenanschlüsse mit Randprofilen UW 75/40/06 C5-M,
Befestigung mit bauaufsichtlich zugelassenen Befestigungsmitteln.</br>Dämmschicht aus Mineralwolle nach DIN EN 13162, Dicke 50 mm,
Brandverhalten nach DIN EN 13501-1: A1,
Wärmeleitfähigkeit λ ≤ 0,040 W/(mK),*
längenbezogener Strömungswiderstand nach DIN EN 29053: r ≥ 5 kPa·s/m²,
einlagig, dicht stoßen, abrutschsicher verlegen,
Produkt: Knauf Insulation Trennwand-Dämmplatte TP 115
(Hergestellt mit Ecose® Technology, einem formaldehydfreien Bindemittel auf Basis vorwiegend natürlich-organischer Grundstoffe ohne Zusatz von künstlichen Farben oder Färbemitteln)
oder gleichwertig. *</br>Beplankung beidseitig aus Zementbauplatten DIN EN 12467:
AQUAPANEL Cement Board Indoor, zweilagig, Plattendicke 2x 12,5 mm,
kraftschlüssige Fugenverklebung mit AQUAPANEL Fugenkleber,
Verschraubung mit AQUAPANEL Maxi Schrauben,
Verarbeitung gemäß Knauf Detailblatt W38.de.</br>Verspachtelung der Aquapanel Cement Board Indoor gemäß Knauf Detailblatt W38.de,
Qualitätsstufe AQ1 Standardverspachtelung.</br>Ausführung gemäß Knauf Detailblatt W38.de.
System: Knauf Metallständerwand W386.de mit Aquapanel Technologie"
W386-C5-114.de,"Nichttragende innere Trennwand DIN 4103-1 als Montagewand,</br>Brandschutztechnische Anforderungen an die Bekleidung,
Feuerwiderstandsklasse 90 Minuten nach DIN 4102-2.</br>Rechenwert des bewerteten Schalldämm-Maßes Rw,R ≥ 55 dB.</br>Bewertetes Schalldämm-Maß Rw ≥ 57,0 dB</br>Wandhöhe: … m
(max. zul. Wandhöhe: 5,00 m)</br>Wanddicke: … mm
(Wanddicke ≥ 255 mm)</br>Umlaufende Anschlüsse starr,
vorhandener Befestigungsuntergrund Stahlbeton/ Mauerwerk ... / Leichtbeton *,
Ausführung mit Unterkonstruktion aus verzinkten Stahlblechprofilen DIN 18182-1,
Metallständer als Einfach-Profile Knauf CW 100 C5-M, Ständerachsabstand 625 mm,
als Doppelständerwerk, Metallständer durch Laschen zug- und druckfest verbunden,
Boden und Deckenanschlüsse mit Randprofilen UW 100/40/06 C5-M,
Befestigung mit bauaufsichtlich zugelassenen Befestigungsmitteln.</br>Dämmschicht aus Mineralwolle nach DIN EN 13162, Dicke 50 mm,
Brandverhalten nach DIN EN 13501-1: A1,
Wärmeleitfähigkeit λ ≤ 0,040 W/(mK),*
längenbezogener Strömungswiderstand nach DIN EN 29053: r ≥ 5 kPa·s/m²,
einlagig, dicht stoßen, abrutschsicher verlegen,
Produkt: Knauf Insulation Trennwand-Dämmplatte TP 115
(Hergestellt mit Ecose® Technology, einem formaldehydfreien Bindemittel auf Basis vorwiegend natürlich-organischer Grundstoffe ohne Zusatz von künstlichen Farben oder Färbemitteln)
oder gleichwertig. *</br>Beplankung beidseitig aus Zementbauplatten DIN EN 12467:
AQUAPANEL Cement Board Indoor, zweilagig, Plattendicke 2x 12,5 mm,
kraftschlüssige Fugenverklebung mit AQUAPANEL Fugenkleber,
Verschraubung mit AQUAPANEL Maxi Schrauben,
Verarbeitung gemäß Knauf Detailblatt W38.de.</br>Verspachtelung der Aquapanel Cement Board Indoor gemäß Knauf Detailblatt W38.de,
Qualitätsstufe AQ1 Standardverspachtelung.</br>Ausführung gemäß Knauf Detailblatt W38.de.
System: Knauf Metallständerwand W386.de mit Aquapanel Technologie"
W386-C5-115.de,"Nichttragende innere Trennwand DIN 4103-1 als Montagewand,</br>Wandhöhe: … m
(max. zul. Wandhöhe: 4,50 m)</br>Wanddicke: … mm
(Wanddicke ≥ 155 mm)</br>Umlaufende Anschlüsse starr,
vorhandener Befestigungsuntergrund Stahlbeton/ Mauerwerk ... / Leichtbeton *,
Ausführung mit Unterkonstruktion aus verzinkten Stahlblechprofilen DIN 18182-1,
Metallständer als Einfach-Profile Knauf CW 50 C5-M, Ständerachsabstand 625 mm,
als Doppelständerwerk, Metallständer durch Laschen zug- und druckfest verbunden,
Boden und Deckenanschlüsse mit Randprofilen UW 50/40/06 C5-M,
Befestigung mit bauaufsichtlich zugelassenen Befestigungsmitteln.</br>Beplankung innen aus Gipsplatten GKF DIN 18180:
Feuerschutzplatte Knauf Piano, Typ DF EN 520,
zweilagig, Plattendicke 2x 12,5 mm,
Verschraubung mit Knauf Schnellbauschraube TN,
Verarbeitung gemäß DIN 18181.
Beplankung außen aus Zementbauplatten DIN EN 12467:
AQUAPANEL Cement Board Indoor,
zweilagig, Plattendicke 2x 12,5 mm,
kraftschlüssige Fugenverklebung mit AQUAPANEL Fugenkleber,
Verschraubung mit AQUAPANEL Maxi Schrauben,
Verarbeitung gemäß Knauf Detailblatt W38.de.</br>Verspachtelung der Aquapanel Cement Board Indoor gemäß Knauf Detailblatt W38.de,
Qualitätsstufe AQ1 Standardverspachtelung.</br>Ausführung gemäß Knauf Detailblatt W38.de.
System: Knauf Metallständerwand W386.de mit Aquapanel Technologie"
W386-C5-116.de,"Nichttragende innere Trennwand DIN 4103-1 als Montagewand,</br>Wandhöhe: … m
(max. zul. Wandhöhe: 4,50 m)</br>Wanddicke: … mm
(Wanddicke ≥ 155 mm)</br>Umlaufende Anschlüsse starr,
vorhandener Befestigungsuntergrund Stahlbeton/ Mauerwerk ... / Leichtbeton *,
Ausführung mit Unterkonstruktion aus verzinkten Stahlblechprofilen DIN 18182-1,
Metallständer als Einfach-Profile Knauf CW 50 C5-M, Ständerachsabstand 625 mm,
als Doppelständerwerk, Metallständer durch Laschen zug- und druckfest verbunden,
Boden und Deckenanschlüsse mit Randprofilen UW 50/40/06 C5-M,
Befestigung mit bauaufsichtlich zugelassenen Befestigungsmitteln.</br>Beplankung innen aus Gipsplatten GKFI DIN 18180:
Feuerschutzplatte Knauf Piano imprägniert, Typ DFH2 EN 520,
zweilagig, Plattendicke 2x 12,5 mm,
Verschraubung mit Knauf Schnellbauschraube TN,
Verarbeitung gemäß DIN 18181.
Beplankung außen aus Zementbauplatten DIN EN 12467:
AQUAPANEL Cement Board Indoor,
zweilagig, Plattendicke 2x 12,5 mm,
kraftschlüssige Fugenverklebung mit AQUAPANEL Fugenkleber,
Verschraubung mit AQUAPANEL Maxi Schrauben,
Verarbeitung gemäß Knauf Detailblatt W38.de.</br>Verspachtelung der Aquapanel Cement Board Indoor gemäß Knauf Detailblatt W38.de,
Qualitätsstufe AQ1 Standardverspachtelung.</br>Ausführung gemäß Knauf Detailblatt W38.de.
System: Knauf Metallständerwand W386.de mit Aquapanel Technologie"
W386-C5-117.de,"Nichttragende innere Trennwand DIN 4103-1 als Montagewand,</br>Wandhöhe: … m
(max. zul. Wandhöhe: 4,50 m)</br>Wanddicke: … mm
(Wanddicke ≥ 155 mm)</br>Umlaufende Anschlüsse starr,
vorhandener Befestigungsuntergrund Stahlbeton/ Mauerwerk ... / Leichtbeton *,
Ausführung mit Unterkonstruktion aus verzinkten Stahlblechprofilen DIN 18182-1,
Metallständer als Einfach-Profile Knauf CW 50 C5-M, Ständerachsabstand 417 mm,
als Doppelständerwerk, Metallständer durch Laschen zug- und druckfest verbunden,
Boden und Deckenanschlüsse mit Randprofilen UW 50/40/06 C5-M,
Befestigung mit bauaufsichtlich zugelassenen Befestigungsmitteln.</br>Beplankung innen aus Gipsplatten GKF DIN 18180:
Feuerschutzplatte Knauf Piano, Typ DF EN 520,
zweilagig, Plattendicke 2x 12,5 mm,
Verschraubung mit Knauf Schnellbauschraube TN,
Verarbeitung gemäß DIN 18181.
Beplankung außen aus Zementbauplatten DIN EN 12467:
AQUAPANEL Cement Board Indoor,
zweilagig, Plattendicke 2x 12,5 mm,
kraftschlüssige Fugenverklebung mit AQUAPANEL Fugenkleber,
Verschraubung mit AQUAPANEL Maxi Schrauben,
Verarbeitung gemäß Knauf Detailblatt W38.de.</br>Verspachtelung der Aquapanel Cement Board Indoor gemäß Knauf Detailblatt W38.de,
Qualitätsstufe AQ1 Standardverspachtelung.</br>Ausführung gemäß Knauf Detailblatt W38.de.
System: Knauf Metallständerwand W386.de mit Aquapanel Technologie"
W386-C5-118.de,"Nichttragende innere Trennwand DIN 4103-1 als Montagewand,</br>Wandhöhe: … m
(max. zul. Wandhöhe: 4,50 m)</br>Wanddicke: … mm
(Wanddicke ≥ 155 mm)</br>Umlaufende Anschlüsse starr,
vorhandener Befestigungsuntergrund Stahlbeton/ Mauerwerk ... / Leichtbeton *,
Ausführung mit Unterkonstruktion aus verzinkten Stahlblechprofilen DIN 18182-1,
Metallständer als Einfach-Profile Knauf CW 50 C5-M, Ständerachsabstand 417 mm,
als Doppelständerwerk, Metallständer durch Laschen zug- und druckfest verbunden,
Boden und Deckenanschlüsse mit Randprofilen UW 50/40/06 C5-M,
Befestigung mit bauaufsichtlich zugelassenen Befestigungsmitteln.</br>Beplankung innen aus Gipsplatten GKFI DIN 18180:
Feuerschutzplatte Knauf Piano imprägniert, Typ DFH2 EN 520,
zweilagig, Plattendicke 2x 12,5 mm,
Verschraubung mit Knauf Schnellbauschraube TN,
Verarbeitung gemäß DIN 18181.
Beplankung außen aus Zementbauplatten DIN EN 12467:
AQUAPANEL Cement Board Indoor,
zweilagig, Plattendicke 2x 12,5 mm,
kraftschlüssige Fugenverklebung mit AQUAPANEL Fugenkleber,
Verschraubung mit AQUAPANEL Maxi Schrauben,
Verarbeitung gemäß Knauf Detailblatt W38.de.</br>Verspachtelung der Aquapanel Cement Board Indoor gemäß Knauf Detailblatt W38.de,
Qualitätsstufe AQ1 Standardverspachtelung.</br>Ausführung gemäß Knauf Detailblatt W38.de.
System: Knauf Metallständerwand W386.de mit Aquapanel Technologie"
W386-C5-119.de,"Nichttragende innere Trennwand DIN 4103-1 als Montagewand,</br>Wandhöhe: … m
(max. zul. Wandhöhe: 4,50 m)</br>Wanddicke: … mm
(Wanddicke ≥ 155 mm)</br>Umlaufende Anschlüsse starr,
vorhandener Befestigungsuntergrund Stahlbeton/ Mauerwerk ... / Leichtbeton *,
Ausführung mit Unterkonstruktion aus verzinkten Stahlblechprofilen DIN 18182-1,
Metallständer als Einfach-Profile Knauf CW 50 C5-M, Ständerachsabstand 312,5 mm,
als Doppelständerwerk, Metallständer durch Laschen zug- und druckfest verbunden,
Boden und Deckenanschlüsse mit Randprofilen UW 50/40/06 C5-M,
Befestigung mit bauaufsichtlich zugelassenen Befestigungsmitteln.</br>Beplankung innen aus Gipsplatten GKF DIN 18180:
Feuerschutzplatte Knauf Piano, Typ DF EN 520,
zweilagig, Plattendicke 2x 12,5 mm,
Verschraubung mit Knauf Schnellbauschraube TN,
Verarbeitung gemäß DIN 18181.
Beplankung außen aus Zementbauplatten DIN EN 12467:
AQUAPANEL Cement Board Indoor,
zweilagig, Plattendicke 2x 12,5 mm,
kraftschlüssige Fugenverklebung mit AQUAPANEL Fugenkleber,
Verschraubung mit AQUAPANEL Maxi Schrauben,
Verarbeitung gemäß Knauf Detailblatt W38.de.</br>Verspachtelung der Aquapanel Cement Board Indoor gemäß Knauf Detailblatt W38.de,
Qualitätsstufe AQ1 Standardverspachtelung.</br>Ausführung gemäß Knauf Detailblatt W38.de.
System: Knauf Metallständerwand W386.de mit Aquapanel Technologie"
W386-C5-120.de,"Nichttragende innere Trennwand DIN 4103-1 als Montagewand,</br>Wandhöhe: … m
(max. zul. Wandhöhe: 4,50 m)</br>Wanddicke: … mm
(Wanddicke ≥ 155 mm)</br>Umlaufende Anschlüsse starr,
vorhandener Befestigungsuntergrund Stahlbeton/ Mauerwerk ... / Leichtbeton *,
Ausführung mit Unterkonstruktion aus verzinkten Stahlblechprofilen DIN 18182-1,
Metallständer als Einfach-Profile Knauf CW 50 C5-M, Ständerachsabstand 312,5 mm,
als Doppelständerwerk, Metallständer durch Laschen zug- und druckfest verbunden,
Boden und Deckenanschlüsse mit Randprofilen UW 50/40/06 C5-M,
Befestigung mit bauaufsichtlich zugelassenen Befestigungsmitteln.</br>Beplankung innen aus Gipsplatten GKFI DIN 18180:
Feuerschutzplatte Knauf Piano imprägniert, Typ DFH2 EN 520,
zweilagig, Plattendicke 2x 12,5 mm,
Verschraubung mit Knauf Schnellbauschraube TN,
Verarbeitung gemäß DIN 18181.
Beplankung außen aus Zementbauplatten DIN EN 12467:
AQUAPANEL Cement Board Indoor,
zweilagig, Plattendicke 2x 12,5 mm,
kraftschlüssige Fugenverklebung mit AQUAPANEL Fugenkleber,
Verschraubung mit AQUAPANEL Maxi Schrauben,
Verarbeitung gemäß Knauf Detailblatt W38.de.</br>Verspachtelung der Aquapanel Cement Board Indoor gemäß Knauf Detailblatt W38.de,
Qualitätsstufe AQ1 Standardverspachtelung.</br>Ausführung gemäß Knauf Detailblatt W38.de.
System: Knauf Metallständerwand W386.de mit Aquapanel Technologie"
W386-C5-121.de,"Nichttragende innere Trennwand DIN 4103-1 als Montagewand,</br>Wandhöhe: … m
(max. zul. Wandhöhe: 6,15 m)</br>Wanddicke: … mm
(Wanddicke ≥ 205 mm)</br>Umlaufende Anschlüsse starr,
vorhandener Befestigungsuntergrund Stahlbeton/ Mauerwerk ... / Leichtbeton *,
Ausführung mit Unterkonstruktion aus verzinkten Stahlblechprofilen DIN 18182-1,
Metallständer als Einfach-Profile Knauf CW 75 C5-M, Ständerachsabstand 625 mm,
als Doppelständerwerk, Metallständer durch Laschen zug- und druckfest verbunden,
Boden und Deckenanschlüsse mit Randprofilen UW 75/40/06 C5-M,
Befestigung mit bauaufsichtlich zugelassenen Befestigungsmitteln.</br>Beplankung innen aus Gipsplatten GKF DIN 18180:
Feuerschutzplatte Knauf Piano, Typ DF EN 520,
zweilagig, Plattendicke 2x 12,5 mm,
Verschraubung mit Knauf Schnellbauschraube TN,
Verarbeitung gemäß DIN 18181.
Beplankung außen aus Zementbauplatten DIN EN 12467:
AQUAPANEL Cement Board Indoor,
zweilagig, Plattendicke 2x 12,5 mm,
kraftschlüssige Fugenverklebung mit AQUAPANEL Fugenkleber,
Verschraubung mit AQUAPANEL Maxi Schrauben,
Verarbeitung gemäß Knauf Detailblatt W38.de.</br>Verspachtelung der Aquapanel Cement Board Indoor gemäß Knauf Detailblatt W38.de,
Qualitätsstufe AQ1 Standardverspachtelung.</br>Ausführung gemäß Knauf Detailblatt W38.de.
System: Knauf Metallständerwand W386.de mit Aquapanel Technologie"
W386-C5-122.de,"Nichttragende innere Trennwand DIN 4103-1 als Montagewand,</br>Wandhöhe: … m
(max. zul. Wandhöhe: 6,15 m)</br>Wanddicke: … mm
(Wanddicke ≥ 205 mm)</br>Umlaufende Anschlüsse starr,
vorhandener Befestigungsuntergrund Stahlbeton/ Mauerwerk ... / Leichtbeton *,
Ausführung mit Unterkonstruktion aus verzinkten Stahlblechprofilen DIN 18182-1,
Metallständer als Einfach-Profile Knauf CW 75 C5-M, Ständerachsabstand 625 mm,
als Doppelständerwerk, Metallständer durch Laschen zug- und druckfest verbunden,
Boden und Deckenanschlüsse mit Randprofilen UW 75/40/06 C5-M,
Befestigung mit bauaufsichtlich zugelassenen Befestigungsmitteln.</br>Beplankung innen aus Gipsplatten GKFI DIN 18180:
Feuerschutzplatte Knauf Piano imprägniert, Typ DFH2 EN 520,
zweilagig, Plattendicke 2x 12,5 mm,
Verschraubung mit Knauf Schnellbauschraube TN,
Verarbeitung gemäß DIN 18181.
Beplankung außen aus Zementbauplatten DIN EN 12467:
AQUAPANEL Cement Board Indoor,
zweilagig, Plattendicke 2x 12,5 mm,
kraftschlüssige Fugenverklebung mit AQUAPANEL Fugenkleber,
Verschraubung mit AQUAPANEL Maxi Schrauben,
Verarbeitung gemäß Knauf Detailblatt W38.de.</br>Verspachtelung der Aquapanel Cement Board Indoor gemäß Knauf Detailblatt W38.de,
Qualitätsstufe AQ1 Standardverspachtelung.</br>Ausführung gemäß Knauf Detailblatt W38.de.
System: Knauf Metallständerwand W386.de mit Aquapanel Technologie"
W386-C5-123.de,"Nichttragende innere Trennwand DIN 4103-1 als Montagewand,</br>Wandhöhe: … m
(max. zul. Wandhöhe: 6,15 m)</br>Wanddicke: … mm
(Wanddicke ≥ 205 mm)</br>Umlaufende Anschlüsse starr,
vorhandener Befestigungsuntergrund Stahlbeton/ Mauerwerk ... / Leichtbeton *,
Ausführung mit Unterkonstruktion aus verzinkten Stahlblechprofilen DIN 18182-1,
Metallständer als Einfach-Profile Knauf CW 75 C5-M, Ständerachsabstand 417 mm,
als Doppelständerwerk, Metallständer durch Laschen zug- und druckfest verbunden,
Boden und Deckenanschlüsse mit Randprofilen UW 75/40/06 C5-M,
Befestigung mit bauaufsichtlich zugelassenen Befestigungsmitteln.</br>Beplankung innen aus Gipsplatten GKF DIN 18180:
Feuerschutzplatte Knauf Piano, Typ DF EN 520,
zweilagig, Plattendicke 2x 12,5 mm,
Verschraubung mit Knauf Schnellbauschraube TN,
Verarbeitung gemäß DIN 18181.
Beplankung außen aus Zementbauplatten DIN EN 12467:
AQUAPANEL Cement Board Indoor,
zweilagig, Plattendicke 2x 12,5 mm,
kraftschlüssige Fugenverklebung mit AQUAPANEL Fugenkleber,
Verschraubung mit AQUAPANEL Maxi Schrauben,
Verarbeitung gemäß Knauf Detailblatt W38.de.</br>Verspachtelung der Aquapanel Cement Board Indoor gemäß Knauf Detailblatt W38.de,
Qualitätsstufe AQ1 Standardverspachtelung.</br>Ausführung gemäß Knauf Detailblatt W38.de.
System: Knauf Metallständerwand W386.de mit Aquapanel Technologie"
W386-C5-124.de,"Nichttragende innere Trennwand DIN 4103-1 als Montagewand,</br>Wandhöhe: … m
(max. zul. Wandhöhe: 6,15 m)</br>Wanddicke: … mm
(Wanddicke ≥ 205 mm)</br>Umlaufende Anschlüsse starr,
vorhandener Befestigungsuntergrund Stahlbeton/ Mauerwerk ... / Leichtbeton *,
Ausführung mit Unterkonstruktion aus verzinkten Stahlblechprofilen DIN 18182-1,
Metallständer als Einfach-Profile Knauf CW 75 C5-M, Ständerachsabstand 417 mm,
als Doppelständerwerk, Metallständer durch Laschen zug- und druckfest verbunden,
Boden und Deckenanschlüsse mit Randprofilen UW 75/40/06 C5-M,
Befestigung mit bauaufsichtlich zugelassenen Befestigungsmitteln.</br>Beplankung innen aus Gipsplatten GKFI DIN 18180:
Feuerschutzplatte Knauf Piano imprägniert, Typ DFH2 EN 520,
zweilagig, Plattendicke 2x 12,5 mm,
Verschraubung mit Knauf Schnellbauschraube TN,
Verarbeitung gemäß DIN 18181.
Beplankung außen aus Zementbauplatten DIN EN 12467:
AQUAPANEL Cement Board Indoor,
zweilagig, Plattendicke 2x 12,5 mm,
kraftschlüssige Fugenverklebung mit AQUAPANEL Fugenkleber,
Verschraubung mit AQUAPANEL Maxi Schrauben,
Verarbeitung gemäß Knauf Detailblatt W38.de.</br>Verspachtelung der Aquapanel Cement Board Indoor gemäß Knauf Detailblatt W38.de,
Qualitätsstufe AQ1 Standardverspachtelung.</br>Ausführung gemäß Knauf Detailblatt W38.de.
System: Knauf Metallständerwand W386.de mit Aquapanel Technologie"
W386-C5-125.de,"Nichttragende innere Trennwand DIN 4103-1 als Montagewand,</br>Wandhöhe: … m
(max. zul. Wandhöhe: 6,15 m)</br>Wanddicke: … mm
(Wanddicke ≥ 205 mm)</br>Umlaufende Anschlüsse starr,
vorhandener Befestigungsuntergrund Stahlbeton/ Mauerwerk ... / Leichtbeton *,
Ausführung mit Unterkonstruktion aus verzinkten Stahlblechprofilen DIN 18182-1,
Metallständer als Einfach-Profile Knauf CW 75 C5-M, Ständerachsabstand 312,5 mm,
als Doppelständerwerk, Metallständer durch Laschen zug- und druckfest verbunden,
Boden und Deckenanschlüsse mit Randprofilen UW 75/40/06 C5-M,
Befestigung mit bauaufsichtlich zugelassenen Befestigungsmitteln.</br>Beplankung innen aus Gipsplatten GKF DIN 18180:
Feuerschutzplatte Knauf Piano, Typ DF EN 520,
zweilagig, Plattendicke 2x 12,5 mm,
Verschraubung mit Knauf Schnellbauschraube TN,
Verarbeitung gemäß DIN 18181.
Beplankung außen aus Zementbauplatten DIN EN 12467:
AQUAPANEL Cement Board Indoor,
zweilagig, Plattendicke 2x 12,5 mm,
kraftschlüssige Fugenverklebung mit AQUAPANEL Fugenkleber,
Verschraubung mit AQUAPANEL Maxi Schrauben,
Verarbeitung gemäß Knauf Detailblatt W38.de.</br>Verspachtelung der Aquapanel Cement Board Indoor gemäß Knauf Detailblatt W38.de,
Qualitätsstufe AQ1 Standardverspachtelung.</br>Ausführung gemäß Knauf Detailblatt W38.de.
System: Knauf Metallständerwand W386.de mit Aquapanel Technologie"
W386-C5-126.de,"Nichttragende innere Trennwand DIN 4103-1 als Montagewand,</br>Wandhöhe: … m
(max. zul. Wandhöhe: 6,15 m)</br>Wanddicke: … mm
(Wanddicke ≥ 205 mm)</br>Umlaufende Anschlüsse starr,
vorhandener Befestigungsuntergrund Stahlbeton/ Mauerwerk ... / Leichtbeton *,
Ausführung mit Unterkonstruktion aus verzinkten Stahlblechprofilen DIN 18182-1,
Metallständer als Einfach-Profile Knauf CW 75 C5-M, Ständerachsabstand 312,5 mm,
als Doppelständerwerk, Metallständer durch Laschen zug- und druckfest verbunden,
Boden und Deckenanschlüsse mit Randprofilen UW 75/40/06 C5-M,
Befestigung mit bauaufsichtlich zugelassenen Befestigungsmitteln.</br>Beplankung innen aus Gipsplatten GKFI DIN 18180:
Feuerschutzplatte Knauf Piano imprägniert, Typ DFH2 EN 520,
zweilagig, Plattendicke 2x 12,5 mm,
Verschraubung mit Knauf Schnellbauschraube TN,
Verarbeitung gemäß DIN 18181.
Beplankung außen aus Zementbauplatten DIN EN 12467:
AQUAPANEL Cement Board Indoor,
zweilagig, Plattendicke 2x 12,5 mm,
kraftschlüssige Fugenverklebung mit AQUAPANEL Fugenkleber,
Verschraubung mit AQUAPANEL Maxi Schrauben,
Verarbeitung gemäß Knauf Detailblatt W38.de.</br>Verspachtelung der Aquapanel Cement Board Indoor gemäß Knauf Detailblatt W38.de,
Qualitätsstufe AQ1 Standardverspachtelung.</br>Ausführung gemäß Knauf Detailblatt W38.de.
System: Knauf Metallständerwand W386.de mit Aquapanel Technologie"
W386-C5-127.de,"Nichttragende innere Trennwand DIN 4103-1 als Montagewand,</br>Wandhöhe: … m
(max. zul. Wandhöhe: 7,90 m)</br>Wanddicke: … mm
(Wanddicke ≥ 255 mm)</br>Umlaufende Anschlüsse starr,
vorhandener Befestigungsuntergrund Stahlbeton/ Mauerwerk ... / Leichtbeton *,
Ausführung mit Unterkonstruktion aus verzinkten Stahlblechprofilen DIN 18182-1,
Metallständer als Einfach-Profile Knauf CW 100 C5-M, Ständerachsabstand 625 mm,
als Doppelständerwerk, Metallständer durch Laschen zug- und druckfest verbunden,
Boden und Deckenanschlüsse mit Randprofilen UW 100/40/06 C5-M,
Befestigung mit bauaufsichtlich zugelassenen Befestigungsmitteln.</br>Beplankung innen aus Gipsplatten GKF DIN 18180:
Feuerschutzplatte Knauf Piano, Typ DF EN 520,
zweilagig, Plattendicke 2x 12,5 mm,
Verschraubung mit Knauf Schnellbauschraube TN,
Verarbeitung gemäß DIN 18181.
Beplankung außen aus Zementbauplatten DIN EN 12467:
AQUAPANEL Cement Board Indoor,
zweilagig, Plattendicke 2x 12,5 mm,
kraftschlüssige Fugenverklebung mit AQUAPANEL Fugenkleber,
Verschraubung mit AQUAPANEL Maxi Schrauben,
Verarbeitung gemäß Knauf Detailblatt W38.de.</br>Verspachtelung der Aquapanel Cement Board Indoor gemäß Knauf Detailblatt W38.de,
Qualitätsstufe AQ1 Standardverspachtelung.</br>Ausführung gemäß Knauf Detailblatt W38.de.
System: Knauf Metallständerwand W386.de mit Aquapanel Technologie"
W386-C5-128.de,"Nichttragende innere Trennwand DIN 4103-1 als Montagewand,</br>Wandhöhe: … m
(max. zul. Wandhöhe: 7,90 m)</br>Wanddicke: … mm
(Wanddicke ≥ 255 mm)</br>Umlaufende Anschlüsse starr,
vorhandener Befestigungsuntergrund Stahlbeton/ Mauerwerk ... / Leichtbeton *,
Ausführung mit Unterkonstruktion aus verzinkten Stahlblechprofilen DIN 18182-1,
Metallständer als Einfach-Profile Knauf CW 100 C5-M, Ständerachsabstand 625 mm,
als Doppelständerwerk, Metallständer durch Laschen zug- und druckfest verbunden,
Boden und Deckenanschlüsse mit Randprofilen UW 100/40/06 C5-M,
Befestigung mit bauaufsichtlich zugelassenen Befestigungsmitteln.</br>Beplankung innen aus Gipsplatten GKFI DIN 18180:
Feuerschutzplatte Knauf Piano imprägniert, Typ DFH2 EN 520,
zweilagig, Plattendicke 2x 12,5 mm,
Verschraubung mit Knauf Schnellbauschraube TN,
Verarbeitung gemäß DIN 18181.
Beplankung außen aus Zementbauplatten DIN EN 12467:
AQUAPANEL Cement Board Indoor,
zweilagig, Plattendicke 2x 12,5 mm,
kraftschlüssige Fugenverklebung mit AQUAPANEL Fugenkleber,
Verschraubung mit AQUAPANEL Maxi Schrauben,
Verarbeitung gemäß Knauf Detailblatt W38.de.</br>Verspachtelung der Aquapanel Cement Board Indoor gemäß Knauf Detailblatt W38.de,
Qualitätsstufe AQ1 Standardverspachtelung.</br>Ausführung gemäß Knauf Detailblatt W38.de.
System: Knauf Metallständerwand W386.de mit Aquapanel Technologie"
W386-C5-129.de,"Nichttragende innere Trennwand DIN 4103-1 als Montagewand,</br>Wandhöhe: … m
(max. zul. Wandhöhe: 7,90 m)</br>Wanddicke: … mm
(Wanddicke ≥ 255 mm)</br>Umlaufende Anschlüsse starr,
vorhandener Befestigungsuntergrund Stahlbeton/ Mauerwerk ... / Leichtbeton *,
Ausführung mit Unterkonstruktion aus verzinkten Stahlblechprofilen DIN 18182-1,
Metallständer als Einfach-Profile Knauf CW 100 C5-M, Ständerachsabstand 417 mm,
als Doppelständerwerk, Metallständer durch Laschen zug- und druckfest verbunden,
Boden und Deckenanschlüsse mit Randprofilen UW 100/40/06 C5-M,
Befestigung mit bauaufsichtlich zugelassenen Befestigungsmitteln.</br>Beplankung innen aus Gipsplatten GKF DIN 18180:
Feuerschutzplatte Knauf Piano, Typ DF EN 520,
zweilagig, Plattendicke 2x 12,5 mm,
Verschraubung mit Knauf Schnellbauschraube TN,
Verarbeitung gemäß DIN 18181.
Beplankung außen aus Zementbauplatten DIN EN 12467:
AQUAPANEL Cement Board Indoor,
zweilagig, Plattendicke 2x 12,5 mm,
kraftschlüssige Fugenverklebung mit AQUAPANEL Fugenkleber,
Verschraubung mit AQUAPANEL Maxi Schrauben,
Verarbeitung gemäß Knauf Detailblatt W38.de.</br>Verspachtelung der Aquapanel Cement Board Indoor gemäß Knauf Detailblatt W38.de,
Qualitätsstufe AQ1 Standardverspachtelung.</br>Ausführung gemäß Knauf Detailblatt W38.de.
System: Knauf Metallständerwand W386.de mit Aquapanel Technologie"
W386-C5-130.de,"Nichttragende innere Trennwand DIN 4103-1 als Montagewand,</br>Wandhöhe: … m
(max. zul. Wandhöhe: 7,90 m)</br>Wanddicke: … mm
(Wanddicke ≥ 255 mm)</br>Umlaufende Anschlüsse starr,
vorhandener Befestigungsuntergrund Stahlbeton/ Mauerwerk ... / Leichtbeton *,
Ausführung mit Unterkonstruktion aus verzinkten Stahlblechprofilen DIN 18182-1,
Metallständer als Einfach-Profile Knauf CW 100 C5-M, Ständerachsabstand 417 mm,
als Doppelständerwerk, Metallständer durch Laschen zug- und druckfest verbunden,
Boden und Deckenanschlüsse mit Randprofilen UW 100/40/06 C5-M,
Befestigung mit bauaufsichtlich zugelassenen Befestigungsmitteln.</br>Beplankung innen aus Gipsplatten GKFI DIN 18180:
Feuerschutzplatte Knauf Piano imprägniert, Typ DFH2 EN 520,
zweilagig, Plattendicke 2x 12,5 mm,
Verschraubung mit Knauf Schnellbauschraube TN,
Verarbeitung gemäß DIN 18181.
Beplankung außen aus Zementbauplatten DIN EN 12467:
AQUAPANEL Cement Board Indoor,
zweilagig, Plattendicke 2x 12,5 mm,
kraftschlüssige Fugenverklebung mit AQUAPANEL Fugenkleber,
Verschraubung mit AQUAPANEL Maxi Schrauben,
Verarbeitung gemäß Knauf Detailblatt W38.de.</br>Verspachtelung der Aquapanel Cement Board Indoor gemäß Knauf Detailblatt W38.de,
Qualitätsstufe AQ1 Standardverspachtelung.</br>Ausführung gemäß Knauf Detailblatt W38.de.
System: Knauf Metallständerwand W386.de mit Aquapanel Technologie"
W386-C5-131.de,"Nichttragende innere Trennwand DIN 4103-1 als Montagewand,</br>Wandhöhe: … m
(max. zul. Wandhöhe: 7,90 m)</br>Wanddicke: … mm
(Wanddicke ≥ 255 mm)</br>Umlaufende Anschlüsse starr,
vorhandener Befestigungsuntergrund Stahlbeton/ Mauerwerk ... / Leichtbeton *,
Ausführung mit Unterkonstruktion aus verzinkten Stahlblechprofilen DIN 18182-1,
Metallständer als Einfach-Profile Knauf CW 100 C5-M, Ständerachsabstand 312,5 mm,
als Doppelständerwerk, Metallständer durch Laschen zug- und druckfest verbunden,
Boden und Deckenanschlüsse mit Randprofilen UW 100/40/06 C5-M,
Befestigung mit bauaufsichtlich zugelassenen Befestigungsmitteln.</br>Beplankung innen aus Gipsplatten GKF DIN 18180:
Feuerschutzplatte Knauf Piano, Typ DF EN 520,
zweilagig, Plattendicke 2x 12,5 mm,
Verschraubung mit Knauf Schnellbauschraube TN,
Verarbeitung gemäß DIN 18181.
Beplankung außen aus Zementbauplatten DIN EN 12467:
AQUAPANEL Cement Board Indoor,
zweilagig, Plattendicke 2x 12,5 mm,
kraftschlüssige Fugenverklebung mit AQUAPANEL Fugenkleber,
Verschraubung mit AQUAPANEL Maxi Schrauben,
Verarbeitung gemäß Knauf Detailblatt W38.de.</br>Verspachtelung der Aquapanel Cement Board Indoor gemäß Knauf Detailblatt W38.de,
Qualitätsstufe AQ1 Standardverspachtelung.</br>Ausführung gemäß Knauf Detailblatt W38.de.
System: Knauf Metallständerwand W386.de mit Aquapanel Technologie"
W386-C5-132.de,"Nichttragende innere Trennwand DIN 4103-1 als Montagewand,</br>Wandhöhe: … m
(max. zul. Wandhöhe: 7,90 m)</br>Wanddicke: … mm
(Wanddicke ≥ 255 mm)</br>Umlaufende Anschlüsse starr,
vorhandener Befestigungsuntergrund Stahlbeton/ Mauerwerk ... / Leichtbeton *,
Ausführung mit Unterkonstruktion aus verzinkten Stahlblechprofilen DIN 18182-1,
Metallständer als Einfach-Profile Knauf CW 100 C5-M, Ständerachsabstand 312,5 mm,
als Doppelständerwerk, Metallständer durch Laschen zug- und druckfest verbunden,
Boden und Deckenanschlüsse mit Randprofilen UW 100/40/06 C5-M,
Befestigung mit bauaufsichtlich zugelassenen Befestigungsmitteln.</br>Beplankung innen aus Gipsplatten GKFI DIN 18180:
Feuerschutzplatte Knauf Piano imprägniert, Typ DFH2 EN 520,
zweilagig, Plattendicke 2x 12,5 mm,
Verschraubung mit Knauf Schnellbauschraube TN,
Verarbeitung gemäß DIN 18181.
Beplankung außen aus Zementbauplatten DIN EN 12467:
AQUAPANEL Cement Board Indoor,
zweilagig, Plattendicke 2x 12,5 mm,
kraftschlüssige Fugenverklebung mit AQUAPANEL Fugenkleber,
Verschraubung mit AQUAPANEL Maxi Schrauben,
Verarbeitung gemäß Knauf Detailblatt W38.de.</br>Verspachtelung der Aquapanel Cement Board Indoor gemäß Knauf Detailblatt W38.de,
Qualitätsstufe AQ1 Standardverspachtelung.</br>Ausführung gemäß Knauf Detailblatt W38.de.
System: Knauf Metallständerwand W386.de mit Aquapanel Technologie"
W386-C5-133.de,"Nichttragende innere Trennwand DIN 4103-1 als Montagewand,</br>Rechenwert des bewerteten Schalldämm-Maßes Rw,R = 59 dB.</br>Bewertetes Schalldämm-Maß Rw = 61,4 dB</br>Wandhöhe: … m
(max. zul. Wandhöhe: 4,50 m)</br>Wanddicke: … mm
(Wanddicke ≥ 155 mm)</br>Umlaufende Anschlüsse starr,
vorhandener Befestigungsuntergrund Stahlbeton/ Mauerwerk ... / Leichtbeton *,
Ausführung mit Unterkonstruktion aus verzinkten Stahlblechprofilen DIN 18182-1,
Metallständer als Einfach-Profile Knauf CW 50 C5-M, Ständerachsabstand 625 mm,
als Doppelständerwerk, Metallständer durch Laschen zug- und druckfest verbunden,
Boden und Deckenanschlüsse mit Randprofilen UW 50/40/06 C5-M,
Befestigung mit bauaufsichtlich zugelassenen Befestigungsmitteln.</br>Dämmschicht aus Mineralwolle nach DIN EN 13162, Dicke 50 mm,
Brandverhalten nach DIN EN 13501-1: A1,
Wärmeleitfähigkeit λ ≤ 0,040 W/(mK),*
längenbezogener Strömungswiderstand nach DIN EN 29053: r ≥ 5 kPa·s/m²,
einlagig, dicht stoßen, abrutschsicher verlegen,
Produkt: Knauf Insulation Trennwand-Dämmplatte TP 115
(Hergestellt mit Ecose® Technology, einem formaldehydfreien Bindemittel auf Basis vorwiegend natürlich-organischer Grundstoffe ohne Zusatz von künstlichen Farben oder Färbemitteln)
oder gleichwertig. *</br>Beplankung innen aus Gipsplatten GKF DIN 18180:
Feuerschutzplatte Knauf Piano, Typ DF EN 520,
zweilagig, Plattendicke 2x 12,5 mm,
Verschraubung mit Knauf Schnellbauschraube TN,
Verarbeitung gemäß DIN 18181.
Beplankung außen aus Zementbauplatten DIN EN 12467:
AQUAPANEL Cement Board Indoor,
zweilagig, Plattendicke 2x 12,5 mm,
kraftschlüssige Fugenverklebung mit AQUAPANEL Fugenkleber,
Verschraubung mit AQUAPANEL Maxi Schrauben,
Verarbeitung gemäß Knauf Detailblatt W38.de.</br>Verspachtelung der Aquapanel Cement Board Indoor gemäß Knauf Detailblatt W38.de,
Qualitätsstufe AQ1 Standardverspachtelung.</br>Ausführung gemäß Knauf Detailblatt W38.de.
System: Knauf Metallständerwand W386.de mit Aquapanel Technologie"
W386-C5-134.de,"Nichttragende innere Trennwand DIN 4103-1 als Montagewand,</br>Rechenwert des bewerteten Schalldämm-Maßes Rw,R = 59 dB.</br>Bewertetes Schalldämm-Maß Rw = 61,4 dB</br>Wandhöhe: … m
(max. zul. Wandhöhe: 4,50 m)</br>Wanddicke: … mm
(Wanddicke ≥ 155 mm)</br>Umlaufende Anschlüsse starr,
vorhandener Befestigungsuntergrund Stahlbeton/ Mauerwerk ... / Leichtbeton *,
Ausführung mit Unterkonstruktion aus verzinkten Stahlblechprofilen DIN 18182-1,
Metallständer als Einfach-Profile Knauf CW 50 C5-M, Ständerachsabstand 625 mm,
als Doppelständerwerk, Metallständer durch Laschen zug- und druckfest verbunden,
Boden und Deckenanschlüsse mit Randprofilen UW 50/40/06 C5-M,
Befestigung mit bauaufsichtlich zugelassenen Befestigungsmitteln.</br>Dämmschicht aus Mineralwolle nach DIN EN 13162, Dicke 50 mm,
Brandverhalten nach DIN EN 13501-1: A1,
Wärmeleitfähigkeit λ ≤ 0,040 W/(mK),*
längenbezogener Strömungswiderstand nach DIN EN 29053: r ≥ 5 kPa·s/m²,
einlagig, dicht stoßen, abrutschsicher verlegen,
Produkt: Knauf Insulation Trennwand-Dämmplatte TP 115
(Hergestellt mit Ecose® Technology, einem formaldehydfreien Bindemittel auf Basis vorwiegend natürlich-organischer Grundstoffe ohne Zusatz von künstlichen Farben oder Färbemitteln)
oder gleichwertig. *</br>Beplankung innen aus Gipsplatten GKFI DIN 18180:
Feuerschutzplatte Knauf Piano imprägniert, Typ DFH2 EN 520,
zweilagig, Plattendicke 2x 12,5 mm,
Verschraubung mit Knauf Schnellbauschraube TN,
Verarbeitung gemäß DIN 18181.
Beplankung außen aus Zementbauplatten DIN EN 12467:
AQUAPANEL Cement Board Indoor,
zweilagig, Plattendicke 2x 12,5 mm,
kraftschlüssige Fugenverklebung mit AQUAPANEL Fugenkleber,
Verschraubung mit AQUAPANEL Maxi Schrauben,
Verarbeitung gemäß Knauf Detailblatt W38.de.</br>Verspachtelung der Aquapanel Cement Board Indoor gemäß Knauf Detailblatt W38.de,
Qualitätsstufe AQ1 Standardverspachtelung.</br>Ausführung gemäß Knauf Detailblatt W38.de.
System: Knauf Metallständerwand W386.de mit Aquapanel Technologie"
W386-C5-135.de,"Nichttragende innere Trennwand DIN 4103-1 als Montagewand,</br>Rechenwert des bewerteten Schalldämm-Maßes Rw,R ≥ 59 dB.</br>Bewertetes Schalldämm-Maß Rw ≥ 61,0 dB</br>Wandhöhe: … m
(max. zul. Wandhöhe: 6,15 m)</br>Wanddicke: … mm
(Wanddicke ≥ 205 mm)</br>Umlaufende Anschlüsse starr,
vorhandener Befestigungsuntergrund Stahlbeton/ Mauerwerk ... / Leichtbeton *,
Ausführung mit Unterkonstruktion aus verzinkten Stahlblechprofilen DIN 18182-1,
Metallständer als Einfach-Profile Knauf CW 75 C5-M, Ständerachsabstand 625 mm,
als Doppelständerwerk, Metallständer durch Laschen zug- und druckfest verbunden,
Boden und Deckenanschlüsse mit Randprofilen UW 75/40/06 C5-M,
Befestigung mit bauaufsichtlich zugelassenen Befestigungsmitteln.</br>Dämmschicht aus Mineralwolle nach DIN EN 13162, Dicke 50 mm,
Brandverhalten nach DIN EN 13501-1: A1,
Wärmeleitfähigkeit λ ≤ 0,040 W/(mK),*
längenbezogener Strömungswiderstand nach DIN EN 29053: r ≥ 5 kPa·s/m²,
einlagig, dicht stoßen, abrutschsicher verlegen,
Produkt: Knauf Insulation Trennwand-Dämmplatte TP 115
(Hergestellt mit Ecose® Technology, einem formaldehydfreien Bindemittel auf Basis vorwiegend natürlich-organischer Grundstoffe ohne Zusatz von künstlichen Farben oder Färbemitteln)
oder gleichwertig. *</br>Beplankung innen aus Gipsplatten GKF DIN 18180:
Feuerschutzplatte Knauf Piano, Typ DF EN 520,
zweilagig, Plattendicke 2x 12,5 mm,
Verschraubung mit Knauf Schnellbauschraube TN,
Verarbeitung gemäß DIN 18181.
Beplankung außen aus Zementbauplatten DIN EN 12467:
AQUAPANEL Cement Board Indoor,
zweilagig, Plattendicke 2x 12,5 mm,
kraftschlüssige Fugenverklebung mit AQUAPANEL Fugenkleber,
Verschraubung mit AQUAPANEL Maxi Schrauben,
Verarbeitung gemäß Knauf Detailblatt W38.de.</br>Verspachtelung der Aquapanel Cement Board Indoor gemäß Knauf Detailblatt W38.de,
Qualitätsstufe AQ1 Standardverspachtelung.</br>Ausführung gemäß Knauf Detailblatt W38.de.
System: Knauf Metallständerwand W386.de mit Aquapanel Technologie"
W386-C5-136.de,"Nichttragende innere Trennwand DIN 4103-1 als Montagewand,</br>Rechenwert des bewerteten Schalldämm-Maßes Rw,R ≥ 59 dB.</br>Bewertetes Schalldämm-Maß Rw ≥ 61,0 dB</br>Wandhöhe: … m
(max. zul. Wandhöhe: 6,15 m)</br>Wanddicke: … mm
(Wanddicke ≥ 205 mm)</br>Umlaufende Anschlüsse starr,
vorhandener Befestigungsuntergrund Stahlbeton/ Mauerwerk ... / Leichtbeton *,
Ausführung mit Unterkonstruktion aus verzinkten Stahlblechprofilen DIN 18182-1,
Metallständer als Einfach-Profile Knauf CW 75 C5-M, Ständerachsabstand 625 mm,
als Doppelständerwerk, Metallständer durch Laschen zug- und druckfest verbunden,
Boden und Deckenanschlüsse mit Randprofilen UW 75/40/06 C5-M,
Befestigung mit bauaufsichtlich zugelassenen Befestigungsmitteln.</br>Dämmschicht aus Mineralwolle nach DIN EN 13162, Dicke 50 mm,
Brandverhalten nach DIN EN 13501-1: A1,
Wärmeleitfähigkeit λ ≤ 0,040 W/(mK),*
längenbezogener Strömungswiderstand nach DIN EN 29053: r ≥ 5 kPa·s/m²,
einlagig, dicht stoßen, abrutschsicher verlegen,
Produkt: Knauf Insulation Trennwand-Dämmplatte TP 115
(Hergestellt mit Ecose® Technology, einem formaldehydfreien Bindemittel auf Basis vorwiegend natürlich-organischer Grundstoffe ohne Zusatz von künstlichen Farben oder Färbemitteln)
oder gleichwertig. *</br>Beplankung innen aus Gipsplatten GKFI DIN 18180:
Feuerschutzplatte Knauf Piano imprägniert, Typ DFH2 EN 520,
zweilagig, Plattendicke 2x 12,5 mm,
Verschraubung mit Knauf Schnellbauschraube TN,
Verarbeitung gemäß DIN 18181.
Beplankung außen aus Zementbauplatten DIN EN 12467:
AQUAPANEL Cement Board Indoor,
zweilagig, Plattendicke 2x 12,5 mm,
kraftschlüssige Fugenverklebung mit AQUAPANEL Fugenkleber,
Verschraubung mit AQUAPANEL Maxi Schrauben,
Verarbeitung gemäß Knauf Detailblatt W38.de.</br>Verspachtelung der Aquapanel Cement Board Indoor gemäß Knauf Detailblatt W38.de,
Qualitätsstufe AQ1 Standardverspachtelung.</br>Ausführung gemäß Knauf Detailblatt W38.de.
System: Knauf Metallständerwand W386.de mit Aquapanel Technologie"
W386-C5-137.de,"Nichttragende innere Trennwand DIN 4103-1 als Montagewand,</br>Rechenwert des bewerteten Schalldämm-Maßes Rw,R ≥ 59 dB.</br>Bewertetes Schalldämm-Maß Rw ≥ 61,0 dB</br>Wandhöhe: … m
(max. zul. Wandhöhe: 7,90 m)</br>Wanddicke: … mm
(Wanddicke ≥ 255 mm)</br>Umlaufende Anschlüsse starr,
vorhandener Befestigungsuntergrund Stahlbeton/ Mauerwerk ... / Leichtbeton *,
Ausführung mit Unterkonstruktion aus verzinkten Stahlblechprofilen DIN 18182-1,
Metallständer als Einfach-Profile Knauf CW 100 C5-M, Ständerachsabstand 625 mm,
als Doppelständerwerk, Metallständer durch Laschen zug- und druckfest verbunden,
Boden und Deckenanschlüsse mit Randprofilen UW 100/40/06 C5-M,
Befestigung mit bauaufsichtlich zugelassenen Befestigungsmitteln.</br>Dämmschicht aus Mineralwolle nach DIN EN 13162, Dicke 50 mm,
Brandverhalten nach DIN EN 13501-1: A1,
Wärmeleitfähigkeit λ ≤ 0,040 W/(mK),*
längenbezogener Strömungswiderstand nach DIN EN 29053: r ≥ 5 kPa·s/m²,
einlagig, dicht stoßen, abrutschsicher verlegen,
Produkt: Knauf Insulation Trennwand-Dämmplatte TP 115
(Hergestellt mit Ecose® Technology, einem formaldehydfreien Bindemittel auf Basis vorwiegend natürlich-organischer Grundstoffe ohne Zusatz von künstlichen Farben oder Färbemitteln)
oder gleichwertig. *</br>Beplankung innen aus Gipsplatten GKF DIN 18180:
Feuerschutzplatte Knauf Piano, Typ DF EN 520,
zweilagig, Plattendicke 2x 12,5 mm,
Verschraubung mit Knauf Schnellbauschraube TN,
Verarbeitung gemäß DIN 18181.
Beplankung außen aus Zementbauplatten DIN EN 12467:
AQUAPANEL Cement Board Indoor,
zweilagig, Plattendicke 2x 12,5 mm,
kraftschlüssige Fugenverklebung mit AQUAPANEL Fugenkleber,
Verschraubung mit AQUAPANEL Maxi Schrauben,
Verarbeitung gemäß Knauf Detailblatt W38.de.</br>Verspachtelung der Aquapanel Cement Board Indoor gemäß Knauf Detailblatt W38.de,
Qualitätsstufe AQ1 Standardverspachtelung.</br>Ausführung gemäß Knauf Detailblatt W38.de.
System: Knauf Metallständerwand W386.de mit Aquapanel Technologie"
W386-C5-138.de,"Nichttragende innere Trennwand DIN 4103-1 als Montagewand,</br>Rechenwert des bewerteten Schalldämm-Maßes Rw,R ≥ 59 dB.</br>Bewertetes Schalldämm-Maß Rw ≥ 61,0 dB</br>Wandhöhe: … m
(max. zul. Wandhöhe: 7,90 m)</br>Wanddicke: … mm
(Wanddicke ≥ 255 mm)</br>Umlaufende Anschlüsse starr,
vorhandener Befestigungsuntergrund Stahlbeton/ Mauerwerk ... / Leichtbeton *,
Ausführung mit Unterkonstruktion aus verzinkten Stahlblechprofilen DIN 18182-1,
Metallständer als Einfach-Profile Knauf CW 100 C5-M, Ständerachsabstand 625 mm,
als Doppelständerwerk, Metallständer durch Laschen zug- und druckfest verbunden,
Boden und Deckenanschlüsse mit Randprofilen UW 100/40/06 C5-M,
Befestigung mit bauaufsichtlich zugelassenen Befestigungsmitteln.</br>Dämmschicht aus Mineralwolle nach DIN EN 13162, Dicke 50 mm,
Brandverhalten nach DIN EN 13501-1: A1,
Wärmeleitfähigkeit λ ≤ 0,040 W/(mK),*
längenbezogener Strömungswiderstand nach DIN EN 29053: r ≥ 5 kPa·s/m²,
einlagig, dicht stoßen, abrutschsicher verlegen,
Produkt: Knauf Insulation Trennwand-Dämmplatte TP 115
(Hergestellt mit Ecose® Technology, einem formaldehydfreien Bindemittel auf Basis vorwiegend natürlich-organischer Grundstoffe ohne Zusatz von künstlichen Farben oder Färbemitteln)
oder gleichwertig. *</br>Beplankung innen aus Gipsplatten GKFI DIN 18180:
Feuerschutzplatte Knauf Piano imprägniert, Typ DFH2 EN 520,
zweilagig, Plattendicke 2x 12,5 mm,
Verschraubung mit Knauf Schnellbauschraube TN,
Verarbeitung gemäß DIN 18181.
Beplankung außen aus Zementbauplatten DIN EN 12467:
AQUAPANEL Cement Board Indoor,
zweilagig, Plattendicke 2x 12,5 mm,
kraftschlüssige Fugenverklebung mit AQUAPANEL Fugenkleber,
Verschraubung mit AQUAPANEL Maxi Schrauben,
Verarbeitung gemäß Knauf Detailblatt W38.de.</br>Verspachtelung der Aquapanel Cement Board Indoor gemäß Knauf Detailblatt W38.de,
Qualitätsstufe AQ1 Standardverspachtelung.</br>Ausführung gemäß Knauf Detailblatt W38.de.
System: Knauf Metallständerwand W386.de mit Aquapanel Technologie"
W386-C5-139.de,"Nichttragende innere Trennwand DIN 4103-1 als Montagewand,</br>Brandschutztechnische Anforderungen an die Bekleidung,
Feuerwiderstandsklasse 90 Minuten nach DIN 4102-2.</br>Wandhöhe: … m
(max. zul. Wandhöhe: 3,00 m)</br>Wanddicke: … mm
(Wanddicke ≥ 155 mm)</br>Umlaufende Anschlüsse starr,
vorhandener Befestigungsuntergrund Stahlbeton/ Mauerwerk ... / Leichtbeton *,
Ausführung mit Unterkonstruktion aus verzinkten Stahlblechprofilen DIN 18182-1,
Metallständer als Einfach-Profile Knauf CW 50 C5-M, Ständerachsabstand 625 mm,
als Doppelständerwerk, Metallständer durch Laschen zug- und druckfest verbunden,
Boden und Deckenanschlüsse mit Randprofilen UW 50/40/06 C5-M,
Befestigung mit bauaufsichtlich zugelassenen Befestigungsmitteln.</br>Beplankung innen aus Gipsplatten GKF DIN 18180:
Feuerschutzplatte Knauf Piano, Typ DF EN 520,
zweilagig, Plattendicke 2x 12,5 mm,
Verschraubung mit Knauf Schnellbauschraube TN,
Verarbeitung gemäß DIN 18181.
Beplankung außen aus Zementbauplatten DIN EN 12467:
AQUAPANEL Cement Board Indoor,
zweilagig, Plattendicke 2x 12,5 mm,
kraftschlüssige Fugenverklebung mit AQUAPANEL Fugenkleber,
Verschraubung mit AQUAPANEL Maxi Schrauben,
Verarbeitung gemäß Knauf Detailblatt W38.de.</br>Verspachtelung der Aquapanel Cement Board Indoor gemäß Knauf Detailblatt W38.de,
Qualitätsstufe AQ1 Standardverspachtelung.</br>Ausführung gemäß Knauf Detailblatt W38.de.
System: Knauf Metallständerwand W386.de mit Aquapanel Technologie"
W386-C5-140.de,"Nichttragende innere Trennwand DIN 4103-1 als Montagewand,</br>Brandschutztechnische Anforderungen an die Bekleidung,
Feuerwiderstandsklasse 90 Minuten nach DIN 4102-2.</br>Wandhöhe: … m
(max. zul. Wandhöhe: 3,00 m)</br>Wanddicke: … mm
(Wanddicke ≥ 155 mm)</br>Umlaufende Anschlüsse starr,
vorhandener Befestigungsuntergrund Stahlbeton/ Mauerwerk ... / Leichtbeton *,
Ausführung mit Unterkonstruktion aus verzinkten Stahlblechprofilen DIN 18182-1,
Metallständer als Einfach-Profile Knauf CW 50 C5-M, Ständerachsabstand 625 mm,
als Doppelständerwerk, Metallständer durch Laschen zug- und druckfest verbunden,
Boden und Deckenanschlüsse mit Randprofilen UW 50/40/06 C5-M,
Befestigung mit bauaufsichtlich zugelassenen Befestigungsmitteln.</br>Beplankung innen aus Gipsplatten GKFI DIN 18180:
Feuerschutzplatte Knauf Piano imprägniert, Typ DFH2 EN 520,
zweilagig, Plattendicke 2x 12,5 mm,
Verschraubung mit Knauf Schnellbauschraube TN,
Verarbeitung gemäß DIN 18181.
Beplankung außen aus Zementbauplatten DIN EN 12467:
AQUAPANEL Cement Board Indoor,
zweilagig, Plattendicke 2x 12,5 mm,
kraftschlüssige Fugenverklebung mit AQUAPANEL Fugenkleber,
Verschraubung mit AQUAPANEL Maxi Schrauben,
Verarbeitung gemäß Knauf Detailblatt W38.de.</br>Verspachtelung der Aquapanel Cement Board Indoor gemäß Knauf Detailblatt W38.de,
Qualitätsstufe AQ1 Standardverspachtelung.</br>Ausführung gemäß Knauf Detailblatt W38.de.
System: Knauf Metallständerwand W386.de mit Aquapanel Technologie"
W386-C5-141.de,"Nichttragende innere Trennwand DIN 4103-1 als Montagewand,</br>Brandschutztechnische Anforderungen an die Bekleidung,
Feuerwiderstandsklasse 90 Minuten nach DIN 4102-2.</br>Wandhöhe: … m
(max. zul. Wandhöhe: 3,00 m)</br>Wanddicke: … mm
(Wanddicke ≥ 155 mm)</br>Umlaufende Anschlüsse starr,
vorhandener Befestigungsuntergrund Stahlbeton/ Mauerwerk ... / Leichtbeton *,
Ausführung mit Unterkonstruktion aus verzinkten Stahlblechprofilen DIN 18182-1,
Metallständer als Einfach-Profile Knauf CW 50 C5-M, Ständerachsabstand 417 mm,
als Doppelständerwerk, Metallständer durch Laschen zug- und druckfest verbunden,
Boden und Deckenanschlüsse mit Randprofilen UW 50/40/06 C5-M,
Befestigung mit bauaufsichtlich zugelassenen Befestigungsmitteln.</br>Beplankung innen aus Gipsplatten GKF DIN 18180:
Feuerschutzplatte Knauf Piano, Typ DF EN 520,
zweilagig, Plattendicke 2x 12,5 mm,
Verschraubung mit Knauf Schnellbauschraube TN,
Verarbeitung gemäß DIN 18181.
Beplankung außen aus Zementbauplatten DIN EN 12467:
AQUAPANEL Cement Board Indoor,
zweilagig, Plattendicke 2x 12,5 mm,
kraftschlüssige Fugenverklebung mit AQUAPANEL Fugenkleber,
Verschraubung mit AQUAPANEL Maxi Schrauben,
Verarbeitung gemäß Knauf Detailblatt W38.de.</br>Verspachtelung der Aquapanel Cement Board Indoor gemäß Knauf Detailblatt W38.de,
Qualitätsstufe AQ1 Standardverspachtelung.</br>Ausführung gemäß Knauf Detailblatt W38.de.
System: Knauf Metallständerwand W386.de mit Aquapanel Technologie"
W386-C5-142.de,"Nichttragende innere Trennwand DIN 4103-1 als Montagewand,</br>Brandschutztechnische Anforderungen an die Bekleidung,
Feuerwiderstandsklasse 90 Minuten nach DIN 4102-2.</br>Wandhöhe: … m
(max. zul. Wandhöhe: 3,00 m)</br>Wanddicke: … mm
(Wanddicke ≥ 155 mm)</br>Umlaufende Anschlüsse starr,
vorhandener Befestigungsuntergrund Stahlbeton/ Mauerwerk ... / Leichtbeton *,
Ausführung mit Unterkonstruktion aus verzinkten Stahlblechprofilen DIN 18182-1,
Metallständer als Einfach-Profile Knauf CW 50 C5-M, Ständerachsabstand 417 mm,
als Doppelständerwerk, Metallständer durch Laschen zug- und druckfest verbunden,
Boden und Deckenanschlüsse mit Randprofilen UW 50/40/06 C5-M,
Befestigung mit bauaufsichtlich zugelassenen Befestigungsmitteln.</br>Beplankung innen aus Gipsplatten GKFI DIN 18180:
Feuerschutzplatte Knauf Piano imprägniert, Typ DFH2 EN 520,
zweilagig, Plattendicke 2x 12,5 mm,
Verschraubung mit Knauf Schnellbauschraube TN,
Verarbeitung gemäß DIN 18181.
Beplankung außen aus Zementbauplatten DIN EN 12467:
AQUAPANEL Cement Board Indoor,
zweilagig, Plattendicke 2x 12,5 mm,
kraftschlüssige Fugenverklebung mit AQUAPANEL Fugenkleber,
Verschraubung mit AQUAPANEL Maxi Schrauben,
Verarbeitung gemäß Knauf Detailblatt W38.de.</br>Verspachtelung der Aquapanel Cement Board Indoor gemäß Knauf Detailblatt W38.de,
Qualitätsstufe AQ1 Standardverspachtelung.</br>Ausführung gemäß Knauf Detailblatt W38.de.
System: Knauf Metallständerwand W386.de mit Aquapanel Technologie"
W386-C5-143.de,"Nichttragende innere Trennwand DIN 4103-1 als Montagewand,</br>Brandschutztechnische Anforderungen an die Bekleidung,
Feuerwiderstandsklasse 90 Minuten nach DIN 4102-2.</br>Wandhöhe: … m
(max. zul. Wandhöhe: 3,00 m)</br>Wanddicke: … mm
(Wanddicke ≥ 155 mm)</br>Umlaufende Anschlüsse starr,
vorhandener Befestigungsuntergrund Stahlbeton/ Mauerwerk ... / Leichtbeton *,
Ausführung mit Unterkonstruktion aus verzinkten Stahlblechprofilen DIN 18182-1,
Metallständer als Einfach-Profile Knauf CW 50 C5-M, Ständerachsabstand 312,5 mm,
als Doppelständerwerk, Metallständer durch Laschen zug- und druckfest verbunden,
Boden und Deckenanschlüsse mit Randprofilen UW 50/40/06 C5-M,
Befestigung mit bauaufsichtlich zugelassenen Befestigungsmitteln.</br>Beplankung innen aus Gipsplatten GKF DIN 18180:
Feuerschutzplatte Knauf Piano, Typ DF EN 520,
zweilagig, Plattendicke 2x 12,5 mm,
Verschraubung mit Knauf Schnellbauschraube TN,
Verarbeitung gemäß DIN 18181.
Beplankung außen aus Zementbauplatten DIN EN 12467:
AQUAPANEL Cement Board Indoor,
zweilagig, Plattendicke 2x 12,5 mm,
kraftschlüssige Fugenverklebung mit AQUAPANEL Fugenkleber,
Verschraubung mit AQUAPANEL Maxi Schrauben,
Verarbeitung gemäß Knauf Detailblatt W38.de.</br>Verspachtelung der Aquapanel Cement Board Indoor gemäß Knauf Detailblatt W38.de,
Qualitätsstufe AQ1 Standardverspachtelung.</br>Ausführung gemäß Knauf Detailblatt W38.de.
System: Knauf Metallständerwand W386.de mit Aquapanel Technologie"
W386-C5-144.de,"Nichttragende innere Trennwand DIN 4103-1 als Montagewand,</br>Brandschutztechnische Anforderungen an die Bekleidung,
Feuerwiderstandsklasse 90 Minuten nach DIN 4102-2.</br>Wandhöhe: … m
(max. zul. Wandhöhe: 3,00 m)</br>Wanddicke: … mm
(Wanddicke ≥ 155 mm)</br>Umlaufende Anschlüsse starr,
vorhandener Befestigungsuntergrund Stahlbeton/ Mauerwerk ... / Leichtbeton *,
Ausführung mit Unterkonstruktion aus verzinkten Stahlblechprofilen DIN 18182-1,
Metallständer als Einfach-Profile Knauf CW 50 C5-M, Ständerachsabstand 312,5 mm,
als Doppelständerwerk, Metallständer durch Laschen zug- und druckfest verbunden,
Boden und Deckenanschlüsse mit Randprofilen UW 50/40/06 C5-M,
Befestigung mit bauaufsichtlich zugelassenen Befestigungsmitteln.</br>Beplankung innen aus Gipsplatten GKFI DIN 18180:
Feuerschutzplatte Knauf Piano imprägniert, Typ DFH2 EN 520,
zweilagig, Plattendicke 2x 12,5 mm,
Verschraubung mit Knauf Schnellbauschraube TN,
Verarbeitung gemäß DIN 18181.
Beplankung außen aus Zementbauplatten DIN EN 12467:
AQUAPANEL Cement Board Indoor,
zweilagig, Plattendicke 2x 12,5 mm,
kraftschlüssige Fugenverklebung mit AQUAPANEL Fugenkleber,
Verschraubung mit AQUAPANEL Maxi Schrauben,
Verarbeitung gemäß Knauf Detailblatt W38.de.</br>Verspachtelung der Aquapanel Cement Board Indoor gemäß Knauf Detailblatt W38.de,
Qualitätsstufe AQ1 Standardverspachtelung.</br>Ausführung gemäß Knauf Detailblatt W38.de.
System: Knauf Metallständerwand W386.de mit Aquapanel Technologie"
W386-C5-145.de,"Nichttragende innere Trennwand DIN 4103-1 als Montagewand,</br>Brandschutztechnische Anforderungen an die Bekleidung,
Feuerwiderstandsklasse 90 Minuten nach DIN 4102-2.</br>Wandhöhe: … m
(max. zul. Wandhöhe: 3,00 m)</br>Wanddicke: … mm
(Wanddicke ≥ 205 mm)</br>Umlaufende Anschlüsse starr,
vorhandener Befestigungsuntergrund Stahlbeton/ Mauerwerk ... / Leichtbeton *,
Ausführung mit Unterkonstruktion aus verzinkten Stahlblechprofilen DIN 18182-1,
Metallständer als Einfach-Profile Knauf CW 75 C5-M, Ständerachsabstand 625 mm,
als Doppelständerwerk, Metallständer durch Laschen zug- und druckfest verbunden,
Boden und Deckenanschlüsse mit Randprofilen UW 75/40/06 C5-M,
Befestigung mit bauaufsichtlich zugelassenen Befestigungsmitteln.</br>Beplankung innen aus Gipsplatten GKF DIN 18180:
Feuerschutzplatte Knauf Piano, Typ DF EN 520,
zweilagig, Plattendicke 2x 12,5 mm,
Verschraubung mit Knauf Schnellbauschraube TN,
Verarbeitung gemäß DIN 18181.
Beplankung außen aus Zementbauplatten DIN EN 12467:
AQUAPANEL Cement Board Indoor,
zweilagig, Plattendicke 2x 12,5 mm,
kraftschlüssige Fugenverklebung mit AQUAPANEL Fugenkleber,
Verschraubung mit AQUAPANEL Maxi Schrauben,
Verarbeitung gemäß Knauf Detailblatt W38.de.</br>Verspachtelung der Aquapanel Cement Board Indoor gemäß Knauf Detailblatt W38.de,
Qualitätsstufe AQ1 Standardverspachtelung.</br>Ausführung gemäß Knauf Detailblatt W38.de.
System: Knauf Metallständerwand W386.de mit Aquapanel Technologie"
W386-C5-146.de,"Nichttragende innere Trennwand DIN 4103-1 als Montagewand,</br>Brandschutztechnische Anforderungen an die Bekleidung,
Feuerwiderstandsklasse 90 Minuten nach DIN 4102-2.</br>Wandhöhe: … m
(max. zul. Wandhöhe: 3,00 m)</br>Wanddicke: … mm
(Wanddicke ≥ 205 mm)</br>Umlaufende Anschlüsse starr,
vorhandener Befestigungsuntergrund Stahlbeton/ Mauerwerk ... / Leichtbeton *,
Ausführung mit Unterkonstruktion aus verzinkten Stahlblechprofilen DIN 18182-1,
Metallständer als Einfach-Profile Knauf CW 75 C5-M, Ständerachsabstand 625 mm,
als Doppelständerwerk, Metallständer durch Laschen zug- und druckfest verbunden,
Boden und Deckenanschlüsse mit Randprofilen UW 75/40/06 C5-M,
Befestigung mit bauaufsichtlich zugelassenen Befestigungsmitteln.</br>Beplankung innen aus Gipsplatten GKFI DIN 18180:
Feuerschutzplatte Knauf Piano imprägniert, Typ DFH2 EN 520,
zweilagig, Plattendicke 2x 12,5 mm,
Verschraubung mit Knauf Schnellbauschraube TN,
Verarbeitung gemäß DIN 18181.
Beplankung außen aus Zementbauplatten DIN EN 12467:
AQUAPANEL Cement Board Indoor,
zweilagig, Plattendicke 2x 12,5 mm,
kraftschlüssige Fugenverklebung mit AQUAPANEL Fugenkleber,
Verschraubung mit AQUAPANEL Maxi Schrauben,
Verarbeitung gemäß Knauf Detailblatt W38.de.</br>Verspachtelung der Aquapanel Cement Board Indoor gemäß Knauf Detailblatt W38.de,
Qualitätsstufe AQ1 Standardverspachtelung.</br>Ausführung gemäß Knauf Detailblatt W38.de.
System: Knauf Metallständerwand W386.de mit Aquapanel Technologie"
W386-C5-147.de,"Nichttragende innere Trennwand DIN 4103-1 als Montagewand,</br>Brandschutztechnische Anforderungen an die Bekleidung,
Feuerwiderstandsklasse 90 Minuten nach DIN 4102-2.</br>Wandhöhe: … m
(max. zul. Wandhöhe: 3,00 m)</br>Wanddicke: … mm
(Wanddicke ≥ 205 mm)</br>Umlaufende Anschlüsse starr,
vorhandener Befestigungsuntergrund Stahlbeton/ Mauerwerk ... / Leichtbeton *,
Ausführung mit Unterkonstruktion aus verzinkten Stahlblechprofilen DIN 18182-1,
Metallständer als Einfach-Profile Knauf CW 75 C5-M, Ständerachsabstand 417 mm,
als Doppelständerwerk, Metallständer durch Laschen zug- und druckfest verbunden,
Boden und Deckenanschlüsse mit Randprofilen UW 75/40/06 C5-M,
Befestigung mit bauaufsichtlich zugelassenen Befestigungsmitteln.</br>Beplankung innen aus Gipsplatten GKF DIN 18180:
Feuerschutzplatte Knauf Piano, Typ DF EN 520,
zweilagig, Plattendicke 2x 12,5 mm,
Verschraubung mit Knauf Schnellbauschraube TN,
Verarbeitung gemäß DIN 18181.
Beplankung außen aus Zementbauplatten DIN EN 12467:
AQUAPANEL Cement Board Indoor,
zweilagig, Plattendicke 2x 12,5 mm,
kraftschlüssige Fugenverklebung mit AQUAPANEL Fugenkleber,
Verschraubung mit AQUAPANEL Maxi Schrauben,
Verarbeitung gemäß Knauf Detailblatt W38.de.</br>Verspachtelung der Aquapanel Cement Board Indoor gemäß Knauf Detailblatt W38.de,
Qualitätsstufe AQ1 Standardverspachtelung.</br>Ausführung gemäß Knauf Detailblatt W38.de.
System: Knauf Metallständerwand W386.de mit Aquapanel Technologie"
W386-C5-148.de,"Nichttragende innere Trennwand DIN 4103-1 als Montagewand,</br>Brandschutztechnische Anforderungen an die Bekleidung,
Feuerwiderstandsklasse 90 Minuten nach DIN 4102-2.</br>Wandhöhe: … m
(max. zul. Wandhöhe: 3,00 m)</br>Wanddicke: … mm
(Wanddicke ≥ 205 mm)</br>Umlaufende Anschlüsse starr,
vorhandener Befestigungsuntergrund Stahlbeton/ Mauerwerk ... / Leichtbeton *,
Ausführung mit Unterkonstruktion aus verzinkten Stahlblechprofilen DIN 18182-1,
Metallständer als Einfach-Profile Knauf CW 75 C5-M, Ständerachsabstand 417 mm,
als Doppelständerwerk, Metallständer durch Laschen zug- und druckfest verbunden,
Boden und Deckenanschlüsse mit Randprofilen UW 75/40/06 C5-M,
Befestigung mit bauaufsichtlich zugelassenen Befestigungsmitteln.</br>Beplankung innen aus Gipsplatten GKFI DIN 18180:
Feuerschutzplatte Knauf Piano imprägniert, Typ DFH2 EN 520,
zweilagig, Plattendicke 2x 12,5 mm,
Verschraubung mit Knauf Schnellbauschraube TN,
Verarbeitung gemäß DIN 18181.
Beplankung außen aus Zementbauplatten DIN EN 12467:
AQUAPANEL Cement Board Indoor,
zweilagig, Plattendicke 2x 12,5 mm,
kraftschlüssige Fugenverklebung mit AQUAPANEL Fugenkleber,
Verschraubung mit AQUAPANEL Maxi Schrauben,
Verarbeitung gemäß Knauf Detailblatt W38.de.</br>Verspachtelung der Aquapanel Cement Board Indoor gemäß Knauf Detailblatt W38.de,
Qualitätsstufe AQ1 Standardverspachtelung.</br>Ausführung gemäß Knauf Detailblatt W38.de.
System: Knauf Metallständerwand W386.de mit Aquapanel Technologie"
W386-C5-149.de,"Nichttragende innere Trennwand DIN 4103-1 als Montagewand,</br>Brandschutztechnische Anforderungen an die Bekleidung,
Feuerwiderstandsklasse 90 Minuten nach DIN 4102-2.</br>Wandhöhe: … m
(max. zul. Wandhöhe: 3,00 m)</br>Wanddicke: … mm
(Wanddicke ≥ 205 mm)</br>Umlaufende Anschlüsse starr,
vorhandener Befestigungsuntergrund Stahlbeton/ Mauerwerk ... / Leichtbeton *,
Ausführung mit Unterkonstruktion aus verzinkten Stahlblechprofilen DIN 18182-1,
Metallständer als Einfach-Profile Knauf CW 75 C5-M, Ständerachsabstand 312,5 mm,
als Doppelständerwerk, Metallständer durch Laschen zug- und druckfest verbunden,
Boden und Deckenanschlüsse mit Randprofilen UW 75/40/06 C5-M,
Befestigung mit bauaufsichtlich zugelassenen Befestigungsmitteln.</br>Beplankung innen aus Gipsplatten GKF DIN 18180:
Feuerschutzplatte Knauf Piano, Typ DF EN 520,
zweilagig, Plattendicke 2x 12,5 mm,
Verschraubung mit Knauf Schnellbauschraube TN,
Verarbeitung gemäß DIN 18181.
Beplankung außen aus Zementbauplatten DIN EN 12467:
AQUAPANEL Cement Board Indoor,
zweilagig, Plattendicke 2x 12,5 mm,
kraftschlüssige Fugenverklebung mit AQUAPANEL Fugenkleber,
Verschraubung mit AQUAPANEL Maxi Schrauben,
Verarbeitung gemäß Knauf Detailblatt W38.de.</br>Verspachtelung der Aquapanel Cement Board Indoor gemäß Knauf Detailblatt W38.de,
Qualitätsstufe AQ1 Standardverspachtelung.</br>Ausführung gemäß Knauf Detailblatt W38.de.
System: Knauf Metallständerwand W386.de mit Aquapanel Technologie"
W386-C5-150.de,"Nichttragende innere Trennwand DIN 4103-1 als Montagewand,</br>Brandschutztechnische Anforderungen an die Bekleidung,
Feuerwiderstandsklasse 90 Minuten nach DIN 4102-2.</br>Wandhöhe: … m
(max. zul. Wandhöhe: 3,00 m)</br>Wanddicke: … mm
(Wanddicke ≥ 205 mm)</br>Umlaufende Anschlüsse starr,
vorhandener Befestigungsuntergrund Stahlbeton/ Mauerwerk ... / Leichtbeton *,
Ausführung mit Unterkonstruktion aus verzinkten Stahlblechprofilen DIN 18182-1,
Metallständer als Einfach-Profile Knauf CW 75 C5-M, Ständerachsabstand 312,5 mm,
als Doppelständerwerk, Metallständer durch Laschen zug- und druckfest verbunden,
Boden und Deckenanschlüsse mit Randprofilen UW 75/40/06 C5-M,
Befestigung mit bauaufsichtlich zugelassenen Befestigungsmitteln.</br>Beplankung innen aus Gipsplatten GKFI DIN 18180:
Feuerschutzplatte Knauf Piano imprägniert, Typ DFH2 EN 520,
zweilagig, Plattendicke 2x 12,5 mm,
Verschraubung mit Knauf Schnellbauschraube TN,
Verarbeitung gemäß DIN 18181.
Beplankung außen aus Zementbauplatten DIN EN 12467:
AQUAPANEL Cement Board Indoor,
zweilagig, Plattendicke 2x 12,5 mm,
kraftschlüssige Fugenverklebung mit AQUAPANEL Fugenkleber,
Verschraubung mit AQUAPANEL Maxi Schrauben,
Verarbeitung gemäß Knauf Detailblatt W38.de.</br>Verspachtelung der Aquapanel Cement Board Indoor gemäß Knauf Detailblatt W38.de,
Qualitätsstufe AQ1 Standardverspachtelung.</br>Ausführung gemäß Knauf Detailblatt W38.de.
System: Knauf Metallständerwand W386.de mit Aquapanel Technologie"
W386-C5-151.de,"Nichttragende innere Trennwand DIN 4103-1 als Montagewand,</br>Brandschutztechnische Anforderungen an die Bekleidung,
Feuerwiderstandsklasse 90 Minuten nach DIN 4102-2.</br>Wandhöhe: … m
(max. zul. Wandhöhe: 3,00 m)</br>Wanddicke: … mm
(Wanddicke ≥ 255 mm)</br>Umlaufende Anschlüsse starr,
vorhandener Befestigungsuntergrund Stahlbeton/ Mauerwerk ... / Leichtbeton *,
Ausführung mit Unterkonstruktion aus verzinkten Stahlblechprofilen DIN 18182-1,
Metallständer als Einfach-Profile Knauf CW 100 C5-M, Ständerachsabstand 625 mm,
als Doppelständerwerk, Metallständer durch Laschen zug- und druckfest verbunden,
Boden und Deckenanschlüsse mit Randprofilen UW 100/40/06 C5-M,
Befestigung mit bauaufsichtlich zugelassenen Befestigungsmitteln.</br>Beplankung innen aus Gipsplatten GKF DIN 18180:
Feuerschutzplatte Knauf Piano, Typ DF EN 520,
zweilagig, Plattendicke 2x 12,5 mm,
Verschraubung mit Knauf Schnellbauschraube TN,
Verarbeitung gemäß DIN 18181.
Beplankung außen aus Zementbauplatten DIN EN 12467:
AQUAPANEL Cement Board Indoor,
zweilagig, Plattendicke 2x 12,5 mm,
kraftschlüssige Fugenverklebung mit AQUAPANEL Fugenkleber,
Verschraubung mit AQUAPANEL Maxi Schrauben,
Verarbeitung gemäß Knauf Detailblatt W38.de.</br>Verspachtelung der Aquapanel Cement Board Indoor gemäß Knauf Detailblatt W38.de,
Qualitätsstufe AQ1 Standardverspachtelung.</br>Ausführung gemäß Knauf Detailblatt W38.de.
System: Knauf Metallständerwand W386.de mit Aquapanel Technologie"
W386-C5-152.de,"Nichttragende innere Trennwand DIN 4103-1 als Montagewand,</br>Brandschutztechnische Anforderungen an die Bekleidung,
Feuerwiderstandsklasse 90 Minuten nach DIN 4102-2.</br>Wandhöhe: … m
(max. zul. Wandhöhe: 3,00 m)</br>Wanddicke: … mm
(Wanddicke ≥ 255 mm)</br>Umlaufende Anschlüsse starr,
vorhandener Befestigungsuntergrund Stahlbeton/ Mauerwerk ... / Leichtbeton *,
Ausführung mit Unterkonstruktion aus verzinkten Stahlblechprofilen DIN 18182-1,
Metallständer als Einfach-Profile Knauf CW 100 C5-M, Ständerachsabstand 625 mm,
als Doppelständerwerk, Metallständer durch Laschen zug- und druckfest verbunden,
Boden und Deckenanschlüsse mit Randprofilen UW 100/40/06 C5-M,
Befestigung mit bauaufsichtlich zugelassenen Befestigungsmitteln.</br>Beplankung innen aus Gipsplatten GKFI DIN 18180:
Feuerschutzplatte Knauf Piano imprägniert, Typ DFH2 EN 520,
zweilagig, Plattendicke 2x 12,5 mm,
Verschraubung mit Knauf Schnellbauschraube TN,
Verarbeitung gemäß DIN 18181.
Beplankung außen aus Zementbauplatten DIN EN 12467:
AQUAPANEL Cement Board Indoor,
zweilagig, Plattendicke 2x 12,5 mm,
kraftschlüssige Fugenverklebung mit AQUAPANEL Fugenkleber,
Verschraubung mit AQUAPANEL Maxi Schrauben,
Verarbeitung gemäß Knauf Detailblatt W38.de.</br>Verspachtelung der Aquapanel Cement Board Indoor gemäß Knauf Detailblatt W38.de,
Qualitätsstufe AQ1 Standardverspachtelung.</br>Ausführung gemäß Knauf Detailblatt W38.de.
System: Knauf Metallständerwand W386.de mit Aquapanel Technologie"
W386-C5-153.de,"Nichttragende innere Trennwand DIN 4103-1 als Montagewand,</br>Brandschutztechnische Anforderungen an die Bekleidung,
Feuerwiderstandsklasse 90 Minuten nach DIN 4102-2.</br>Wandhöhe: … m
(max. zul. Wandhöhe: 3,00 m)</br>Wanddicke: … mm
(Wanddicke ≥ 255 mm)</br>Umlaufende Anschlüsse starr,
vorhandener Befestigungsuntergrund Stahlbeton/ Mauerwerk ... / Leichtbeton *,
Ausführung mit Unterkonstruktion aus verzinkten Stahlblechprofilen DIN 18182-1,
Metallständer als Einfach-Profile Knauf CW 100 C5-M, Ständerachsabstand 417 mm,
als Doppelständerwerk, Metallständer durch Laschen zug- und druckfest verbunden,
Boden und Deckenanschlüsse mit Randprofilen UW 100/40/06 C5-M,
Befestigung mit bauaufsichtlich zugelassenen Befestigungsmitteln.</br>Beplankung innen aus Gipsplatten GKF DIN 18180:
Feuerschutzplatte Knauf Piano, Typ DF EN 520,
zweilagig, Plattendicke 2x 12,5 mm,
Verschraubung mit Knauf Schnellbauschraube TN,
Verarbeitung gemäß DIN 18181.
Beplankung außen aus Zementbauplatten DIN EN 12467:
AQUAPANEL Cement Board Indoor,
zweilagig, Plattendicke 2x 12,5 mm,
kraftschlüssige Fugenverklebung mit AQUAPANEL Fugenkleber,
Verschraubung mit AQUAPANEL Maxi Schrauben,
Verarbeitung gemäß Knauf Detailblatt W38.de.</br>Verspachtelung der Aquapanel Cement Board Indoor gemäß Knauf Detailblatt W38.de,
Qualitätsstufe AQ1 Standardverspachtelung.</br>Ausführung gemäß Knauf Detailblatt W38.de.
System: Knauf Metallständerwand W386.de mit Aquapanel Technologie"
W386-C5-154.de,"Nichttragende innere Trennwand DIN 4103-1 als Montagewand,</br>Brandschutztechnische Anforderungen an die Bekleidung,
Feuerwiderstandsklasse 90 Minuten nach DIN 4102-2.</br>Wandhöhe: … m
(max. zul. Wandhöhe: 3,00 m)</br>Wanddicke: … mm
(Wanddicke ≥ 255 mm)</br>Umlaufende Anschlüsse starr,
vorhandener Befestigungsuntergrund Stahlbeton/ Mauerwerk ... / Leichtbeton *,
Ausführung mit Unterkonstruktion aus verzinkten Stahlblechprofilen DIN 18182-1,
Metallständer als Einfach-Profile Knauf CW 100 C5-M, Ständerachsabstand 417 mm,
als Doppelständerwerk, Metallständer durch Laschen zug- und druckfest verbunden,
Boden und Deckenanschlüsse mit Randprofilen UW 100/40/06 C5-M,
Befestigung mit bauaufsichtlich zugelassenen Befestigungsmitteln.</br>Beplankung innen aus Gipsplatten GKFI DIN 18180:
Feuerschutzplatte Knauf Piano imprägniert, Typ DFH2 EN 520,
zweilagig, Plattendicke 2x 12,5 mm,
Verschraubung mit Knauf Schnellbauschraube TN,
Verarbeitung gemäß DIN 18181.
Beplankung außen aus Zementbauplatten DIN EN 12467:
AQUAPANEL Cement Board Indoor,
zweilagig, Plattendicke 2x 12,5 mm,
kraftschlüssige Fugenverklebung mit AQUAPANEL Fugenkleber,
Verschraubung mit AQUAPANEL Maxi Schrauben,
Verarbeitung gemäß Knauf Detailblatt W38.de.</br>Verspachtelung der Aquapanel Cement Board Indoor gemäß Knauf Detailblatt W38.de,
Qualitätsstufe AQ1 Standardverspachtelung.</br>Ausführung gemäß Knauf Detailblatt W38.de.
System: Knauf Metallständerwand W386.de mit Aquapanel Technologie"
W386-C5-155.de,"Nichttragende innere Trennwand DIN 4103-1 als Montagewand,</br>Brandschutztechnische Anforderungen an die Bekleidung,
Feuerwiderstandsklasse 90 Minuten nach DIN 4102-2.</br>Wandhöhe: … m
(max. zul. Wandhöhe: 3,00 m)</br>Wanddicke: … mm
(Wanddicke ≥ 255 mm)</br>Umlaufende Anschlüsse starr,
vorhandener Befestigungsuntergrund Stahlbeton/ Mauerwerk ... / Leichtbeton *,
Ausführung mit Unterkonstruktion aus verzinkten Stahlblechprofilen DIN 18182-1,
Metallständer als Einfach-Profile Knauf CW 100 C5-M, Ständerachsabstand 312,5 mm,
als Doppelständerwerk, Metallständer durch Laschen zug- und druckfest verbunden,
Boden und Deckenanschlüsse mit Randprofilen UW 100/40/06 C5-M,
Befestigung mit bauaufsichtlich zugelassenen Befestigungsmitteln.</br>Beplankung innen aus Gipsplatten GKF DIN 18180:
Feuerschutzplatte Knauf Piano, Typ DF EN 520,
zweilagig, Plattendicke 2x 12,5 mm,
Verschraubung mit Knauf Schnellbauschraube TN,
Verarbeitung gemäß DIN 18181.
Beplankung außen aus Zementbauplatten DIN EN 12467:
AQUAPANEL Cement Board Indoor,
zweilagig, Plattendicke 2x 12,5 mm,
kraftschlüssige Fugenverklebung mit AQUAPANEL Fugenkleber,
Verschraubung mit AQUAPANEL Maxi Schrauben,
Verarbeitung gemäß Knauf Detailblatt W38.de.</br>Verspachtelung der Aquapanel Cement Board Indoor gemäß Knauf Detailblatt W38.de,
Qualitätsstufe AQ1 Standardverspachtelung.</br>Ausführung gemäß Knauf Detailblatt W38.de.
System: Knauf Metallständerwand W386.de mit Aquapanel Technologie"
W386-C5-156.de,"Nichttragende innere Trennwand DIN 4103-1 als Montagewand,</br>Brandschutztechnische Anforderungen an die Bekleidung,
Feuerwiderstandsklasse 90 Minuten nach DIN 4102-2.</br>Wandhöhe: … m
(max. zul. Wandhöhe: 3,00 m)</br>Wanddicke: … mm
(Wanddicke ≥ 255 mm)</br>Umlaufende Anschlüsse starr,
vorhandener Befestigungsuntergrund Stahlbeton/ Mauerwerk ... / Leichtbeton *,
Ausführung mit Unterkonstruktion aus verzinkten Stahlblechprofilen DIN 18182-1,
Metallständer als Einfach-Profile Knauf CW 100 C5-M, Ständerachsabstand 312,5 mm,
als Doppelständerwerk, Metallständer durch Laschen zug- und druckfest verbunden,
Boden und Deckenanschlüsse mit Randprofilen UW 100/40/06 C5-M,
Befestigung mit bauaufsichtlich zugelassenen Befestigungsmitteln.</br>Beplankung innen aus Gipsplatten GKFI DIN 18180:
Feuerschutzplatte Knauf Piano imprägniert, Typ DFH2 EN 520,
zweilagig, Plattendicke 2x 12,5 mm,
Verschraubung mit Knauf Schnellbauschraube TN,
Verarbeitung gemäß DIN 18181.
Beplankung außen aus Zementbauplatten DIN EN 12467:
AQUAPANEL Cement Board Indoor,
zweilagig, Plattendicke 2x 12,5 mm,
kraftschlüssige Fugenverklebung mit AQUAPANEL Fugenkleber,
Verschraubung mit AQUAPANEL Maxi Schrauben,
Verarbeitung gemäß Knauf Detailblatt W38.de.</br>Verspachtelung der Aquapanel Cement Board Indoor gemäß Knauf Detailblatt W38.de,
Qualitätsstufe AQ1 Standardverspachtelung.</br>Ausführung gemäß Knauf Detailblatt W38.de.
System: Knauf Metallständerwand W386.de mit Aquapanel Technologie"
W386-C5-157.de,"Nichttragende innere Trennwand DIN 4103-1 als Montagewand,</br>Brandschutztechnische Anforderungen an die Bekleidung,
Feuerwiderstandsklasse 90 Minuten nach DIN 4102-2.</br>Rechenwert des bewerteten Schalldämm-Maßes Rw,R = 59 dB.</br>Bewertetes Schalldämm-Maß Rw = 61,4 dB</br>Wandhöhe: … m
(max. zul. Wandhöhe: 3,00 m)</br>Wanddicke: … mm
(Wanddicke ≥ 155 mm)</br>Umlaufende Anschlüsse starr,
vorhandener Befestigungsuntergrund Stahlbeton/ Mauerwerk ... / Leichtbeton *,
Ausführung mit Unterkonstruktion aus verzinkten Stahlblechprofilen DIN 18182-1,
Metallständer als Einfach-Profile Knauf CW 50 C5-M, Ständerachsabstand 625 mm,
als Doppelständerwerk, Metallständer durch Laschen zug- und druckfest verbunden,
Boden und Deckenanschlüsse mit Randprofilen UW 50/40/06 C5-M,
Befestigung mit bauaufsichtlich zugelassenen Befestigungsmitteln.</br>Dämmschicht aus Mineralwolle nach DIN EN 13162, Dicke 50 mm,
Brandverhalten nach DIN EN 13501-1: A1,
Wärmeleitfähigkeit λ ≤ 0,040 W/(mK),*
längenbezogener Strömungswiderstand nach DIN EN 29053: r ≥ 5 kPa·s/m²,
einlagig, dicht stoßen, abrutschsicher verlegen,
Produkt: Knauf Insulation Trennwand-Dämmplatte TP 115
(Hergestellt mit Ecose® Technology, einem formaldehydfreien Bindemittel auf Basis vorwiegend natürlich-organischer Grundstoffe ohne Zusatz von künstlichen Farben oder Färbemitteln)
oder gleichwertig. *</br>Beplankung innen aus Gipsplatten GKF DIN 18180:
Feuerschutzplatte Knauf Piano, Typ DF EN 520,
zweilagig, Plattendicke 2x 12,5 mm,
Verschraubung mit Knauf Schnellbauschraube TN,
Verarbeitung gemäß DIN 18181.
Beplankung außen aus Zementbauplatten DIN EN 12467:
AQUAPANEL Cement Board Indoor,
zweilagig, Plattendicke 2x 12,5 mm,
kraftschlüssige Fugenverklebung mit AQUAPANEL Fugenkleber,
Verschraubung mit AQUAPANEL Maxi Schrauben,
Verarbeitung gemäß Knauf Detailblatt W38.de.</br>Verspachtelung der Aquapanel Cement Board Indoor gemäß Knauf Detailblatt W38.de,
Qualitätsstufe AQ1 Standardverspachtelung.</br>Ausführung gemäß Knauf Detailblatt W38.de.
System: Knauf Metallständerwand W386.de mit Aquapanel Technologie"
W386-C5-158.de,"Nichttragende innere Trennwand DIN 4103-1 als Montagewand,</br>Brandschutztechnische Anforderungen an die Bekleidung,
Feuerwiderstandsklasse 90 Minuten nach DIN 4102-2.</br>Rechenwert des bewerteten Schalldämm-Maßes Rw,R = 59 dB.</br>Bewertetes Schalldämm-Maß Rw = 61,4 dB</br>Wandhöhe: … m
(max. zul. Wandhöhe: 3,00 m)</br>Wanddicke: … mm
(Wanddicke ≥ 155 mm)</br>Umlaufende Anschlüsse starr,
vorhandener Befestigungsuntergrund Stahlbeton/ Mauerwerk ... / Leichtbeton *,
Ausführung mit Unterkonstruktion aus verzinkten Stahlblechprofilen DIN 18182-1,
Metallständer als Einfach-Profile Knauf CW 50 C5-M, Ständerachsabstand 625 mm,
als Doppelständerwerk, Metallständer durch Laschen zug- und druckfest verbunden,
Boden und Deckenanschlüsse mit Randprofilen UW 50/40/06 C5-M,
Befestigung mit bauaufsichtlich zugelassenen Befestigungsmitteln.</br>Dämmschicht aus Mineralwolle nach DIN EN 13162, Dicke 50 mm,
Brandverhalten nach DIN EN 13501-1: A1,
Wärmeleitfähigkeit λ ≤ 0,040 W/(mK),*
längenbezogener Strömungswiderstand nach DIN EN 29053: r ≥ 5 kPa·s/m²,
einlagig, dicht stoßen, abrutschsicher verlegen,
Produkt: Knauf Insulation Trennwand-Dämmplatte TP 115
(Hergestellt mit Ecose® Technology, einem formaldehydfreien Bindemittel auf Basis vorwiegend natürlich-organischer Grundstoffe ohne Zusatz von künstlichen Farben oder Färbemitteln)
oder gleichwertig. *</br>Beplankung innen aus Gipsplatten GKFI DIN 18180:
Feuerschutzplatte Knauf Piano imprägniert, Typ DFH2 EN 520,
zweilagig, Plattendicke 2x 12,5 mm,
Verschraubung mit Knauf Schnellbauschraube TN,
Verarbeitung gemäß DIN 18181.
Beplankung außen aus Zementbauplatten DIN EN 12467:
AQUAPANEL Cement Board Indoor,
zweilagig, Plattendicke 2x 12,5 mm,
kraftschlüssige Fugenverklebung mit AQUAPANEL Fugenkleber,
Verschraubung mit AQUAPANEL Maxi Schrauben,
Verarbeitung gemäß Knauf Detailblatt W38.de.</br>Verspachtelung der Aquapanel Cement Board Indoor gemäß Knauf Detailblatt W38.de,
Qualitätsstufe AQ1 Standardverspachtelung.</br>Ausführung gemäß Knauf Detailblatt W38.de.
System: Knauf Metallständerwand W386.de mit Aquapanel Technologie"
W386-C5-159.de,"Nichttragende innere Trennwand DIN 4103-1 als Montagewand,</br>Brandschutztechnische Anforderungen an die Bekleidung,
Feuerwiderstandsklasse 90 Minuten nach DIN 4102-2.</br>Rechenwert des bewerteten Schalldämm-Maßes Rw,R ≥ 59 dB.</br>Bewertetes Schalldämm-Maß Rw ≥ 61,0 dB</br>Wandhöhe: … m
(max. zul. Wandhöhe: 3,00 m)</br>Wanddicke: … mm
(Wanddicke ≥ 205 mm)</br>Umlaufende Anschlüsse starr,
vorhandener Befestigungsuntergrund Stahlbeton/ Mauerwerk ... / Leichtbeton *,
Ausführung mit Unterkonstruktion aus verzinkten Stahlblechprofilen DIN 18182-1,
Metallständer als Einfach-Profile Knauf CW 75 C5-M, Ständerachsabstand 625 mm,
als Doppelständerwerk, Metallständer durch Laschen zug- und druckfest verbunden,
Boden und Deckenanschlüsse mit Randprofilen UW 75/40/06 C5-M,
Befestigung mit bauaufsichtlich zugelassenen Befestigungsmitteln.</br>Dämmschicht aus Mineralwolle nach DIN EN 13162, Dicke 50 mm,
Brandverhalten nach DIN EN 13501-1: A1,
Wärmeleitfähigkeit λ ≤ 0,040 W/(mK),*
längenbezogener Strömungswiderstand nach DIN EN 29053: r ≥ 5 kPa·s/m²,
einlagig, dicht stoßen, abrutschsicher verlegen,
Produkt: Knauf Insulation Trennwand-Dämmplatte TP 115
(Hergestellt mit Ecose® Technology, einem formaldehydfreien Bindemittel auf Basis vorwiegend natürlich-organischer Grundstoffe ohne Zusatz von künstlichen Farben oder Färbemitteln)
oder gleichwertig. *</br>Beplankung innen aus Gipsplatten GKF DIN 18180:
Feuerschutzplatte Knauf Piano, Typ DF EN 520,
zweilagig, Plattendicke 2x 12,5 mm,
Verschraubung mit Knauf Schnellbauschraube TN,
Verarbeitung gemäß DIN 18181.
Beplankung außen aus Zementbauplatten DIN EN 12467:
AQUAPANEL Cement Board Indoor,
zweilagig, Plattendicke 2x 12,5 mm,
kraftschlüssige Fugenverklebung mit AQUAPANEL Fugenkleber,
Verschraubung mit AQUAPANEL Maxi Schrauben,
Verarbeitung gemäß Knauf Detailblatt W38.de.</br>Verspachtelung der Aquapanel Cement Board Indoor gemäß Knauf Detailblatt W38.de,
Qualitätsstufe AQ1 Standardverspachtelung.</br>Ausführung gemäß Knauf Detailblatt W38.de.
System: Knauf Metallständerwand W386.de mit Aquapanel Technologie"
W386-C5-160.de,"Nichttragende innere Trennwand DIN 4103-1 als Montagewand,</br>Brandschutztechnische Anforderungen an die Bekleidung,
Feuerwiderstandsklasse 90 Minuten nach DIN 4102-2.</br>Rechenwert des bewerteten Schalldämm-Maßes Rw,R ≥ 59 dB.</br>Bewertetes Schalldämm-Maß Rw ≥ 61,0 dB</br>Wandhöhe: … m
(max. zul. Wandhöhe: 3,00 m)</br>Wanddicke: … mm
(Wanddicke ≥ 205 mm)</br>Umlaufende Anschlüsse starr,
vorhandener Befestigungsuntergrund Stahlbeton/ Mauerwerk ... / Leichtbeton *,
Ausführung mit Unterkonstruktion aus verzinkten Stahlblechprofilen DIN 18182-1,
Metallständer als Einfach-Profile Knauf CW 75 C5-M, Ständerachsabstand 625 mm,
als Doppelständerwerk, Metallständer durch Laschen zug- und druckfest verbunden,
Boden und Deckenanschlüsse mit Randprofilen UW 75/40/06 C5-M,
Befestigung mit bauaufsichtlich zugelassenen Befestigungsmitteln.</br>Dämmschicht aus Mineralwolle nach DIN EN 13162, Dicke 50 mm,
Brandverhalten nach DIN EN 13501-1: A1,
Wärmeleitfähigkeit λ ≤ 0,040 W/(mK),*
längenbezogener Strömungswiderstand nach DIN EN 29053: r ≥ 5 kPa·s/m²,
einlagig, dicht stoßen, abrutschsicher verlegen,
Produkt: Knauf Insulation Trennwand-Dämmplatte TP 115
(Hergestellt mit Ecose® Technology, einem formaldehydfreien Bindemittel auf Basis vorwiegend natürlich-organischer Grundstoffe ohne Zusatz von künstlichen Farben oder Färbemitteln)
oder gleichwertig. *</br>Beplankung innen aus Gipsplatten GKFI DIN 18180:
Feuerschutzplatte Knauf Piano imprägniert, Typ DFH2 EN 520,
zweilagig, Plattendicke 2x 12,5 mm,
Verschraubung mit Knauf Schnellbauschraube TN,
Verarbeitung gemäß DIN 18181.
Beplankung außen aus Zementbauplatten DIN EN 12467:
AQUAPANEL Cement Board Indoor,
zweilagig, Plattendicke 2x 12,5 mm,
kraftschlüssige Fugenverklebung mit AQUAPANEL Fugenkleber,
Verschraubung mit AQUAPANEL Maxi Schrauben,
Verarbeitung gemäß Knauf Detailblatt W38.de.</br>Verspachtelung der Aquapanel Cement Board Indoor gemäß Knauf Detailblatt W38.de,
Qualitätsstufe AQ1 Standardverspachtelung.</br>Ausführung gemäß Knauf Detailblatt W38.de.
System: Knauf Metallständerwand W386.de mit Aquapanel Technologie"
W386-C5-161.de,"Nichttragende innere Trennwand DIN 4103-1 als Montagewand,</br>Brandschutztechnische Anforderungen an die Bekleidung,
Feuerwiderstandsklasse 90 Minuten nach DIN 4102-2.</br>Rechenwert des bewerteten Schalldämm-Maßes Rw,R ≥ 59 dB.</br>Bewertetes Schalldämm-Maß Rw ≥ 61,0 dB</br>Wandhöhe: … m
(max. zul. Wandhöhe: 3,00 m)</br>Wanddicke: … mm
(Wanddicke ≥ 255 mm)</br>Umlaufende Anschlüsse starr,
vorhandener Befestigungsuntergrund Stahlbeton/ Mauerwerk ... / Leichtbeton *,
Ausführung mit Unterkonstruktion aus verzinkten Stahlblechprofilen DIN 18182-1,
Metallständer als Einfach-Profile Knauf CW 100 C5-M, Ständerachsabstand 625 mm,
als Doppelständerwerk, Metallständer durch Laschen zug- und druckfest verbunden,
Boden und Deckenanschlüsse mit Randprofilen UW 100/40/06 C5-M,
Befestigung mit bauaufsichtlich zugelassenen Befestigungsmitteln.</br>Dämmschicht aus Mineralwolle nach DIN EN 13162, Dicke 50 mm,
Brandverhalten nach DIN EN 13501-1: A1,
Wärmeleitfähigkeit λ ≤ 0,040 W/(mK),*
längenbezogener Strömungswiderstand nach DIN EN 29053: r ≥ 5 kPa·s/m²,
einlagig, dicht stoßen, abrutschsicher verlegen,
Produkt: Knauf Insulation Trennwand-Dämmplatte TP 115
(Hergestellt mit Ecose® Technology, einem formaldehydfreien Bindemittel auf Basis vorwiegend natürlich-organischer Grundstoffe ohne Zusatz von künstlichen Farben oder Färbemitteln)
oder gleichwertig. *</br>Beplankung innen aus Gipsplatten GKF DIN 18180:
Feuerschutzplatte Knauf Piano, Typ DF EN 520,
zweilagig, Plattendicke 2x 12,5 mm,
Verschraubung mit Knauf Schnellbauschraube TN,
Verarbeitung gemäß DIN 18181.
Beplankung außen aus Zementbauplatten DIN EN 12467:
AQUAPANEL Cement Board Indoor,
zweilagig, Plattendicke 2x 12,5 mm,
kraftschlüssige Fugenverklebung mit AQUAPANEL Fugenkleber,
Verschraubung mit AQUAPANEL Maxi Schrauben,
Verarbeitung gemäß Knauf Detailblatt W38.de.</br>Verspachtelung der Aquapanel Cement Board Indoor gemäß Knauf Detailblatt W38.de,
Qualitätsstufe AQ1 Standardverspachtelung.</br>Ausführung gemäß Knauf Detailblatt W38.de.
System: Knauf Metallständerwand W386.de mit Aquapanel Technologie"
W386-C5-162.de,"Nichttragende innere Trennwand DIN 4103-1 als Montagewand,</br>Brandschutztechnische Anforderungen an die Bekleidung,
Feuerwiderstandsklasse 90 Minuten nach DIN 4102-2.</br>Rechenwert des bewerteten Schalldämm-Maßes Rw,R ≥ 59 dB.</br>Bewertetes Schalldämm-Maß Rw ≥ 61,0 dB</br>Wandhöhe: … m
(max. zul. Wandhöhe: 3,00 m)</br>Wanddicke: … mm
(Wanddicke ≥ 255 mm)</br>Umlaufende Anschlüsse starr,
vorhandener Befestigungsuntergrund Stahlbeton/ Mauerwerk ... / Leichtbeton *,
Ausführung mit Unterkonstruktion aus verzinkten Stahlblechprofilen DIN 18182-1,
Metallständer als Einfach-Profile Knauf CW 100 C5-M, Ständerachsabstand 625 mm,
als Doppelständerwerk, Metallständer durch Laschen zug- und druckfest verbunden,
Boden und Deckenanschlüsse mit Randprofilen UW 100/40/06 C5-M,
Befestigung mit bauaufsichtlich zugelassenen Befestigungsmitteln.</br>Dämmschicht aus Mineralwolle nach DIN EN 13162, Dicke 50 mm,
Brandverhalten nach DIN EN 13501-1: A1,
Wärmeleitfähigkeit λ ≤ 0,040 W/(mK),*
längenbezogener Strömungswiderstand nach DIN EN 29053: r ≥ 5 kPa·s/m²,
einlagig, dicht stoßen, abrutschsicher verlegen,
Produkt: Knauf Insulation Trennwand-Dämmplatte TP 115
(Hergestellt mit Ecose® Technology, einem formaldehydfreien Bindemittel auf Basis vorwiegend natürlich-organischer Grundstoffe ohne Zusatz von künstlichen Farben oder Färbemitteln)
oder gleichwertig. *</br>Beplankung innen aus Gipsplatten GKFI DIN 18180:
Feuerschutzplatte Knauf Piano imprägniert, Typ DFH2 EN 520,
zweilagig, Plattendicke 2x 12,5 mm,
Verschraubung mit Knauf Schnellbauschraube TN,
Verarbeitung gemäß DIN 18181.
Beplankung außen aus Zementbauplatten DIN EN 12467:
AQUAPANEL Cement Board Indoor,
zweilagig, Plattendicke 2x 12,5 mm,
kraftschlüssige Fugenverklebung mit AQUAPANEL Fugenkleber,
Verschraubung mit AQUAPANEL Maxi Schrauben,
Verarbeitung gemäß Knauf Detailblatt W38.de.</br>Verspachtelung der Aquapanel Cement Board Indoor gemäß Knauf Detailblatt W38.de,
Qualitätsstufe AQ1 Standardverspachtelung.</br>Ausführung gemäß Knauf Detailblatt W38.de.
System: Knauf Metallständerwand W386.de mit Aquapanel Technologie"
W386-C5-163.de,"Nichttragende innere Trennwand DIN 4103-1 als Montagewand,</br>Wandhöhe: … m
(max. zul. Wandhöhe: 4,50 m)</br>Wanddicke: … mm
(Wanddicke ≥ 155 mm)</br>Umlaufende Anschlüsse starr,
vorhandener Befestigungsuntergrund Stahlbeton/ Mauerwerk ... / Leichtbeton *,
Ausführung mit Unterkonstruktion aus verzinkten Stahlblechprofilen DIN 18182-1,
Metallständer als Einfach-Profile Knauf CW 50 C5-M, Ständerachsabstand 625 mm,
als Doppelständerwerk, Metallständer durch Laschen zug- und druckfest verbunden,
Boden und Deckenanschlüsse mit Randprofilen UW 50/40/06 C5-M,
Befestigung mit bauaufsichtlich zugelassenen Befestigungsmitteln.</br>Beplankung innen aus Gipsplatten GKFI DIN 18180:
Diamant, Typ DFH2IR EN 520, zweilagig, Plattendicke 2x 12,5 mm,
Verschraubung mit Knauf Diamantschrauben XTN,
Verarbeitung gemäß DIN 18181.
Beplankung außen aus Zementbauplatten DIN EN 12467:
AQUAPANEL Cement Board Indoor,
zweilagig, Plattendicke 2x 12,5 mm,
kraftschlüssige Fugenverklebung mit AQUAPANEL Fugenkleber,
Verschraubung mit AQUAPANEL Maxi Schrauben,
Verarbeitung gemäß Knauf Detailblatt W38.de.</br>Verspachtelung der Aquapanel Cement Board Indoor gemäß Knauf Detailblatt W38.de,
Qualitätsstufe AQ1 Standardverspachtelung.</br>Ausführung gemäß Knauf Detailblatt W38.de.
System: Knauf Metallständerwand W386.de mit Aquapanel Technologie"
W386-C5-164.de,"Nichttragende innere Trennwand DIN 4103-1 als Montagewand,</br>Wandhöhe: … m
(max. zul. Wandhöhe: 4,50 m)</br>Wanddicke: … mm
(Wanddicke ≥ 155 mm)</br>Umlaufende Anschlüsse starr,
vorhandener Befestigungsuntergrund Stahlbeton/ Mauerwerk ... / Leichtbeton *,
Ausführung mit Unterkonstruktion aus verzinkten Stahlblechprofilen DIN 18182-1,
Metallständer als Einfach-Profile Knauf CW 50 C5-M, Ständerachsabstand 417 mm,
als Doppelständerwerk, Metallständer durch Laschen zug- und druckfest verbunden,
Boden und Deckenanschlüsse mit Randprofilen UW 50/40/06 C5-M,
Befestigung mit bauaufsichtlich zugelassenen Befestigungsmitteln.</br>Beplankung innen aus Gipsplatten GKFI DIN 18180:
Diamant, Typ DFH2IR EN 520, zweilagig, Plattendicke 2x 12,5 mm,
Verschraubung mit Knauf Diamantschrauben XTN,
Verarbeitung gemäß DIN 18181.
Beplankung außen aus Zementbauplatten DIN EN 12467:
AQUAPANEL Cement Board Indoor,
zweilagig, Plattendicke 2x 12,5 mm,
kraftschlüssige Fugenverklebung mit AQUAPANEL Fugenkleber,
Verschraubung mit AQUAPANEL Maxi Schrauben,
Verarbeitung gemäß Knauf Detailblatt W38.de.</br>Verspachtelung der Aquapanel Cement Board Indoor gemäß Knauf Detailblatt W38.de,
Qualitätsstufe AQ1 Standardverspachtelung.</br>Ausführung gemäß Knauf Detailblatt W38.de.
System: Knauf Metallständerwand W386.de mit Aquapanel Technologie"
W386-C5-165.de,"Nichttragende innere Trennwand DIN 4103-1 als Montagewand,</br>Wandhöhe: … m
(max. zul. Wandhöhe: 4,50 m)</br>Wanddicke: … mm
(Wanddicke ≥ 155 mm)</br>Umlaufende Anschlüsse starr,
vorhandener Befestigungsuntergrund Stahlbeton/ Mauerwerk ... / Leichtbeton *,
Ausführung mit Unterkonstruktion aus verzinkten Stahlblechprofilen DIN 18182-1,
Metallständer als Einfach-Profile Knauf CW 50 C5-M, Ständerachsabstand 312,5 mm,
als Doppelständerwerk, Metallständer durch Laschen zug- und druckfest verbunden,
Boden und Deckenanschlüsse mit Randprofilen UW 50/40/06 C5-M,
Befestigung mit bauaufsichtlich zugelassenen Befestigungsmitteln.</br>Beplankung innen aus Gipsplatten GKFI DIN 18180:
Diamant, Typ DFH2IR EN 520, zweilagig, Plattendicke 2x 12,5 mm,
Verschraubung mit Knauf Diamantschrauben XTN,
Verarbeitung gemäß DIN 18181.
Beplankung außen aus Zementbauplatten DIN EN 12467:
AQUAPANEL Cement Board Indoor,
zweilagig, Plattendicke 2x 12,5 mm,
kraftschlüssige Fugenverklebung mit AQUAPANEL Fugenkleber,
Verschraubung mit AQUAPANEL Maxi Schrauben,
Verarbeitung gemäß Knauf Detailblatt W38.de.</br>Verspachtelung der Aquapanel Cement Board Indoor gemäß Knauf Detailblatt W38.de,
Qualitätsstufe AQ1 Standardverspachtelung.</br>Ausführung gemäß Knauf Detailblatt W38.de.
System: Knauf Metallständerwand W386.de mit Aquapanel Technologie"
W386-C5-166.de,"Nichttragende innere Trennwand DIN 4103-1 als Montagewand,</br>Wandhöhe: … m
(max. zul. Wandhöhe: 6,15 m)</br>Wanddicke: … mm
(Wanddicke ≥ 205 mm)</br>Umlaufende Anschlüsse starr,
vorhandener Befestigungsuntergrund Stahlbeton/ Mauerwerk ... / Leichtbeton *,
Ausführung mit Unterkonstruktion aus verzinkten Stahlblechprofilen DIN 18182-1,
Metallständer als Einfach-Profile Knauf CW 75 C5-M, Ständerachsabstand 625 mm,
als Doppelständerwerk, Metallständer durch Laschen zug- und druckfest verbunden,
Boden und Deckenanschlüsse mit Randprofilen UW 75/40/06 C5-M,
Befestigung mit bauaufsichtlich zugelassenen Befestigungsmitteln.</br>Beplankung innen aus Gipsplatten GKFI DIN 18180:
Diamant, Typ DFH2IR EN 520, zweilagig, Plattendicke 2x 12,5 mm,
Verschraubung mit Knauf Diamantschrauben XTN,
Verarbeitung gemäß DIN 18181.
Beplankung außen aus Zementbauplatten DIN EN 12467:
AQUAPANEL Cement Board Indoor,
zweilagig, Plattendicke 2x 12,5 mm,
kraftschlüssige Fugenverklebung mit AQUAPANEL Fugenkleber,
Verschraubung mit AQUAPANEL Maxi Schrauben,
Verarbeitung gemäß Knauf Detailblatt W38.de.</br>Verspachtelung der Aquapanel Cement Board Indoor gemäß Knauf Detailblatt W38.de,
Qualitätsstufe AQ1 Standardverspachtelung.</br>Ausführung gemäß Knauf Detailblatt W38.de.
System: Knauf Metallständerwand W386.de mit Aquapanel Technologie"
W386-C5-167.de,"Nichttragende innere Trennwand DIN 4103-1 als Montagewand,</br>Wandhöhe: … m
(max. zul. Wandhöhe: 6,15 m)</br>Wanddicke: … mm
(Wanddicke ≥ 205 mm)</br>Umlaufende Anschlüsse starr,
vorhandener Befestigungsuntergrund Stahlbeton/ Mauerwerk ... / Leichtbeton *,
Ausführung mit Unterkonstruktion aus verzinkten Stahlblechprofilen DIN 18182-1,
Metallständer als Einfach-Profile Knauf CW 75 C5-M, Ständerachsabstand 417 mm,
als Doppelständerwerk, Metallständer durch Laschen zug- und druckfest verbunden,
Boden und Deckenanschlüsse mit Randprofilen UW 75/40/06 C5-M,
Befestigung mit bauaufsichtlich zugelassenen Befestigungsmitteln.</br>Beplankung innen aus Gipsplatten GKFI DIN 18180:
Diamant, Typ DFH2IR EN 520, zweilagig, Plattendicke 2x 12,5 mm,
Verschraubung mit Knauf Diamantschrauben XTN,
Verarbeitung gemäß DIN 18181.
Beplankung außen aus Zementbauplatten DIN EN 12467:
AQUAPANEL Cement Board Indoor,
zweilagig, Plattendicke 2x 12,5 mm,
kraftschlüssige Fugenverklebung mit AQUAPANEL Fugenkleber,
Verschraubung mit AQUAPANEL Maxi Schrauben,
Verarbeitung gemäß Knauf Detailblatt W38.de.</br>Verspachtelung der Aquapanel Cement Board Indoor gemäß Knauf Detailblatt W38.de,
Qualitätsstufe AQ1 Standardverspachtelung.</br>Ausführung gemäß Knauf Detailblatt W38.de.
System: Knauf Metallständerwand W386.de mit Aquapanel Technologie"
W386-C5-168.de,"Nichttragende innere Trennwand DIN 4103-1 als Montagewand,</br>Wandhöhe: … m
(max. zul. Wandhöhe: 6,15 m)</br>Wanddicke: … mm
(Wanddicke ≥ 205 mm)</br>Umlaufende Anschlüsse starr,
vorhandener Befestigungsuntergrund Stahlbeton/ Mauerwerk ... / Leichtbeton *,
Ausführung mit Unterkonstruktion aus verzinkten Stahlblechprofilen DIN 18182-1,
Metallständer als Einfach-Profile Knauf CW 75 C5-M, Ständerachsabstand 312,5 mm,
als Doppelständerwerk, Metallständer durch Laschen zug- und druckfest verbunden,
Boden und Deckenanschlüsse mit Randprofilen UW 75/40/06 C5-M,
Befestigung mit bauaufsichtlich zugelassenen Befestigungsmitteln.</br>Beplankung innen aus Gipsplatten GKFI DIN 18180:
Diamant, Typ DFH2IR EN 520, zweilagig, Plattendicke 2x 12,5 mm,
Verschraubung mit Knauf Diamantschrauben XTN,
Verarbeitung gemäß DIN 18181.
Beplankung außen aus Zementbauplatten DIN EN 12467:
AQUAPANEL Cement Board Indoor,
zweilagig, Plattendicke 2x 12,5 mm,
kraftschlüssige Fugenverklebung mit AQUAPANEL Fugenkleber,
Verschraubung mit AQUAPANEL Maxi Schrauben,
Verarbeitung gemäß Knauf Detailblatt W38.de.</br>Verspachtelung der Aquapanel Cement Board Indoor gemäß Knauf Detailblatt W38.de,
Qualitätsstufe AQ1 Standardverspachtelung.</br>Ausführung gemäß Knauf Detailblatt W38.de.
System: Knauf Metallständerwand W386.de mit Aquapanel Technologie"
W386-C5-169.de,"Nichttragende innere Trennwand DIN 4103-1 als Montagewand,</br>Wandhöhe: … m
(max. zul. Wandhöhe: 7,90 m)</br>Wanddicke: … mm
(Wanddicke ≥ 255 mm)</br>Umlaufende Anschlüsse starr,
vorhandener Befestigungsuntergrund Stahlbeton/ Mauerwerk ... / Leichtbeton *,
Ausführung mit Unterkonstruktion aus verzinkten Stahlblechprofilen DIN 18182-1,
Metallständer als Einfach-Profile Knauf CW 100 C5-M, Ständerachsabstand 625 mm,
als Doppelständerwerk, Metallständer durch Laschen zug- und druckfest verbunden,
Boden und Deckenanschlüsse mit Randprofilen UW 100/40/06 C5-M,
Befestigung mit bauaufsichtlich zugelassenen Befestigungsmitteln.</br>Beplankung innen aus Gipsplatten GKFI DIN 18180:
Diamant, Typ DFH2IR EN 520, zweilagig, Plattendicke 2x 12,5 mm,
Verschraubung mit Knauf Diamantschrauben XTN,
Verarbeitung gemäß DIN 18181.
Beplankung außen aus Zementbauplatten DIN EN 12467:
AQUAPANEL Cement Board Indoor,
zweilagig, Plattendicke 2x 12,5 mm,
kraftschlüssige Fugenverklebung mit AQUAPANEL Fugenkleber,
Verschraubung mit AQUAPANEL Maxi Schrauben,
Verarbeitung gemäß Knauf Detailblatt W38.de.</br>Verspachtelung der Aquapanel Cement Board Indoor gemäß Knauf Detailblatt W38.de,
Qualitätsstufe AQ1 Standardverspachtelung.</br>Ausführung gemäß Knauf Detailblatt W38.de.
System: Knauf Metallständerwand W386.de mit Aquapanel Technologie"
W386-C5-170.de,"Nichttragende innere Trennwand DIN 4103-1 als Montagewand,</br>Wandhöhe: … m
(max. zul. Wandhöhe: 7,90 m)</br>Wanddicke: … mm
(Wanddicke ≥ 255 mm)</br>Umlaufende Anschlüsse starr,
vorhandener Befestigungsuntergrund Stahlbeton/ Mauerwerk ... / Leichtbeton *,
Ausführung mit Unterkonstruktion aus verzinkten Stahlblechprofilen DIN 18182-1,
Metallständer als Einfach-Profile Knauf CW 100 C5-M, Ständerachsabstand 417 mm,
als Doppelständerwerk, Metallständer durch Laschen zug- und druckfest verbunden,
Boden und Deckenanschlüsse mit Randprofilen UW 100/40/06 C5-M,
Befestigung mit bauaufsichtlich zugelassenen Befestigungsmitteln.</br>Beplankung innen aus Gipsplatten GKFI DIN 18180:
Diamant, Typ DFH2IR EN 520, zweilagig, Plattendicke 2x 12,5 mm,
Verschraubung mit Knauf Diamantschrauben XTN,
Verarbeitung gemäß DIN 18181.
Beplankung außen aus Zementbauplatten DIN EN 12467:
AQUAPANEL Cement Board Indoor,
zweilagig, Plattendicke 2x 12,5 mm,
kraftschlüssige Fugenverklebung mit AQUAPANEL Fugenkleber,
Verschraubung mit AQUAPANEL Maxi Schrauben,
Verarbeitung gemäß Knauf Detailblatt W38.de.</br>Verspachtelung der Aquapanel Cement Board Indoor gemäß Knauf Detailblatt W38.de,
Qualitätsstufe AQ1 Standardverspachtelung.</br>Ausführung gemäß Knauf Detailblatt W38.de.
System: Knauf Metallständerwand W386.de mit Aquapanel Technologie"
W386-C5-171.de,"Nichttragende innere Trennwand DIN 4103-1 als Montagewand,</br>Wandhöhe: … m
(max. zul. Wandhöhe: 7,90 m)</br>Wanddicke: … mm
(Wanddicke ≥ 255 mm)</br>Umlaufende Anschlüsse starr,
vorhandener Befestigungsuntergrund Stahlbeton/ Mauerwerk ... / Leichtbeton *,
Ausführung mit Unterkonstruktion aus verzinkten Stahlblechprofilen DIN 18182-1,
Metallständer als Einfach-Profile Knauf CW 100 C5-M, Ständerachsabstand 312,5 mm,
als Doppelständerwerk, Metallständer durch Laschen zug- und druckfest verbunden,
Boden und Deckenanschlüsse mit Randprofilen UW 100/40/06 C5-M,
Befestigung mit bauaufsichtlich zugelassenen Befestigungsmitteln.</br>Beplankung innen aus Gipsplatten GKFI DIN 18180:
Diamant, Typ DFH2IR EN 520, zweilagig, Plattendicke 2x 12,5 mm,
Verschraubung mit Knauf Diamantschrauben XTN,
Verarbeitung gemäß DIN 18181.
Beplankung außen aus Zementbauplatten DIN EN 12467:
AQUAPANEL Cement Board Indoor,
zweilagig, Plattendicke 2x 12,5 mm,
kraftschlüssige Fugenverklebung mit AQUAPANEL Fugenkleber,
Verschraubung mit AQUAPANEL Maxi Schrauben,
Verarbeitung gemäß Knauf Detailblatt W38.de.</br>Verspachtelung der Aquapanel Cement Board Indoor gemäß Knauf Detailblatt W38.de,
Qualitätsstufe AQ1 Standardverspachtelung.</br>Ausführung gemäß Knauf Detailblatt W38.de.
System: Knauf Metallständerwand W386.de mit Aquapanel Technologie"
W386-C5-172.de,"Nichttragende innere Trennwand DIN 4103-1 als Montagewand,</br>Rechenwert des bewerteten Schalldämm-Maßes Rw,R ≥ 59 dB.</br>Bewertetes Schalldämm-Maß Rw ≥ 61,0 dB</br>Wandhöhe: … m
(max. zul. Wandhöhe: 4,50 m)</br>Wanddicke: … mm
(Wanddicke ≥ 155 mm)</br>Umlaufende Anschlüsse starr,
vorhandener Befestigungsuntergrund Stahlbeton/ Mauerwerk ... / Leichtbeton *,
Ausführung mit Unterkonstruktion aus verzinkten Stahlblechprofilen DIN 18182-1,
Metallständer als Einfach-Profile Knauf CW 50 C5-M, Ständerachsabstand 625 mm,
als Doppelständerwerk, Metallständer durch Laschen zug- und druckfest verbunden,
Boden und Deckenanschlüsse mit Randprofilen UW 50/40/06 C5-M,
Befestigung mit bauaufsichtlich zugelassenen Befestigungsmitteln.</br>Dämmschicht aus Mineralwolle nach DIN EN 13162, Dicke 50 mm,
Brandverhalten nach DIN EN 13501-1: A1,
Wärmeleitfähigkeit λ ≤ 0,040 W/(mK),*
längenbezogener Strömungswiderstand nach DIN EN 29053: r ≥ 5 kPa·s/m²,
einlagig, dicht stoßen, abrutschsicher verlegen,
Produkt: Knauf Insulation Trennwand-Dämmplatte TP 115
(Hergestellt mit Ecose® Technology, einem formaldehydfreien Bindemittel auf Basis vorwiegend natürlich-organischer Grundstoffe ohne Zusatz von künstlichen Farben oder Färbemitteln)
oder gleichwertig. *</br>Beplankung innen aus Gipsplatten GKFI DIN 18180:
Diamant, Typ DFH2IR EN 520, zweilagig, Plattendicke 2x 12,5 mm,
Verschraubung mit Knauf Diamantschrauben XTN,
Verarbeitung gemäß DIN 18181.
Beplankung außen aus Zementbauplatten DIN EN 12467:
AQUAPANEL Cement Board Indoor,
zweilagig, Plattendicke 2x 12,5 mm,
kraftschlüssige Fugenverklebung mit AQUAPANEL Fugenkleber,
Verschraubung mit AQUAPANEL Maxi Schrauben,
Verarbeitung gemäß Knauf Detailblatt W38.de.</br>Verspachtelung der Aquapanel Cement Board Indoor gemäß Knauf Detailblatt W38.de,
Qualitätsstufe AQ1 Standardverspachtelung.</br>Ausführung gemäß Knauf Detailblatt W38.de.
System: Knauf Metallständerwand W386.de mit Aquapanel Technologie"
W386-C5-173.de,"Nichttragende innere Trennwand DIN 4103-1 als Montagewand,</br>Rechenwert des bewerteten Schalldämm-Maßes Rw,R ≥ 59 dB.</br>Bewertetes Schalldämm-Maß Rw ≥ 61,0 dB</br>Wandhöhe: … m
(max. zul. Wandhöhe: 6,15 m)</br>Wanddicke: … mm
(Wanddicke ≥ 205 mm)</br>Umlaufende Anschlüsse starr,
vorhandener Befestigungsuntergrund Stahlbeton/ Mauerwerk ... / Leichtbeton *,
Ausführung mit Unterkonstruktion aus verzinkten Stahlblechprofilen DIN 18182-1,
Metallständer als Einfach-Profile Knauf CW 75 C5-M, Ständerachsabstand 625 mm,
als Doppelständerwerk, Metallständer durch Laschen zug- und druckfest verbunden,
Boden und Deckenanschlüsse mit Randprofilen UW 75/40/06 C5-M,
Befestigung mit bauaufsichtlich zugelassenen Befestigungsmitteln.</br>Dämmschicht aus Mineralwolle nach DIN EN 13162, Dicke 50 mm,
Brandverhalten nach DIN EN 13501-1: A1,
Wärmeleitfähigkeit λ ≤ 0,040 W/(mK),*
längenbezogener Strömungswiderstand nach DIN EN 29053: r ≥ 5 kPa·s/m²,
einlagig, dicht stoßen, abrutschsicher verlegen,
Produkt: Knauf Insulation Trennwand-Dämmplatte TP 115
(Hergestellt mit Ecose® Technology, einem formaldehydfreien Bindemittel auf Basis vorwiegend natürlich-organischer Grundstoffe ohne Zusatz von künstlichen Farben oder Färbemitteln)
oder gleichwertig. *</br>Beplankung innen aus Gipsplatten GKFI DIN 18180:
Diamant, Typ DFH2IR EN 520, zweilagig, Plattendicke 2x 12,5 mm,
Verschraubung mit Knauf Diamantschrauben XTN,
Verarbeitung gemäß DIN 18181.
Beplankung außen aus Zementbauplatten DIN EN 12467:
AQUAPANEL Cement Board Indoor,
zweilagig, Plattendicke 2x 12,5 mm,
kraftschlüssige Fugenverklebung mit AQUAPANEL Fugenkleber,
Verschraubung mit AQUAPANEL Maxi Schrauben,
Verarbeitung gemäß Knauf Detailblatt W38.de.</br>Verspachtelung der Aquapanel Cement Board Indoor gemäß Knauf Detailblatt W38.de,
Qualitätsstufe AQ1 Standardverspachtelung.</br>Ausführung gemäß Knauf Detailblatt W38.de.
System: Knauf Metallständerwand W386.de mit Aquapanel Technologie"
W386-C5-174.de,"Nichttragende innere Trennwand DIN 4103-1 als Montagewand,</br>Rechenwert des bewerteten Schalldämm-Maßes Rw,R ≥ 59 dB.</br>Bewertetes Schalldämm-Maß Rw ≥ 61,0 dB</br>Wandhöhe: … m
(max. zul. Wandhöhe: 7,90 m)</br>Wanddicke: … mm
(Wanddicke ≥ 255 mm)</br>Umlaufende Anschlüsse starr,
vorhandener Befestigungsuntergrund Stahlbeton/ Mauerwerk ... / Leichtbeton *,
Ausführung mit Unterkonstruktion aus verzinkten Stahlblechprofilen DIN 18182-1,
Metallständer als Einfach-Profile Knauf CW 100 C5-M, Ständerachsabstand 625 mm,
als Doppelständerwerk, Metallständer durch Laschen zug- und druckfest verbunden,
Boden und Deckenanschlüsse mit Randprofilen UW 100/40/06 C5-M,
Befestigung mit bauaufsichtlich zugelassenen Befestigungsmitteln.</br>Dämmschicht aus Mineralwolle nach DIN EN 13162, Dicke 50 mm,
Brandverhalten nach DIN EN 13501-1: A1,
Wärmeleitfähigkeit λ ≤ 0,040 W/(mK),*
längenbezogener Strömungswiderstand nach DIN EN 29053: r ≥ 5 kPa·s/m²,
einlagig, dicht stoßen, abrutschsicher verlegen,
Produkt: Knauf Insulation Trennwand-Dämmplatte TP 115
(Hergestellt mit Ecose® Technology, einem formaldehydfreien Bindemittel auf Basis vorwiegend natürlich-organischer Grundstoffe ohne Zusatz von künstlichen Farben oder Färbemitteln)
oder gleichwertig. *</br>Beplankung innen aus Gipsplatten GKFI DIN 18180:
Diamant, Typ DFH2IR EN 520, zweilagig, Plattendicke 2x 12,5 mm,
Verschraubung mit Knauf Diamantschrauben XTN,
Verarbeitung gemäß DIN 18181.
Beplankung außen aus Zementbauplatten DIN EN 12467:
AQUAPANEL Cement Board Indoor,
zweilagig, Plattendicke 2x 12,5 mm,
kraftschlüssige Fugenverklebung mit AQUAPANEL Fugenkleber,
Verschraubung mit AQUAPANEL Maxi Schrauben,
Verarbeitung gemäß Knauf Detailblatt W38.de.</br>Verspachtelung der Aquapanel Cement Board Indoor gemäß Knauf Detailblatt W38.de,
Qualitätsstufe AQ1 Standardverspachtelung.</br>Ausführung gemäß Knauf Detailblatt W38.de.
System: Knauf Metallständerwand W386.de mit Aquapanel Technologie"
W386-C5-175.de,"Nichttragende innere Trennwand DIN 4103-1 als Montagewand,</br>Brandschutztechnische Anforderungen an die Bekleidung,
Feuerwiderstandsklasse 90 Minuten nach DIN 4102-2.</br>Wandhöhe: … m
(max. zul. Wandhöhe: 3,00 m)</br>Wanddicke: … mm
(Wanddicke ≥ 155 mm)</br>Umlaufende Anschlüsse starr,
vorhandener Befestigungsuntergrund Stahlbeton/ Mauerwerk ... / Leichtbeton *,
Ausführung mit Unterkonstruktion aus verzinkten Stahlblechprofilen DIN 18182-1,
Metallständer als Einfach-Profile Knauf CW 50 C5-M, Ständerachsabstand 625 mm,
als Doppelständerwerk, Metallständer durch Laschen zug- und druckfest verbunden,
Boden und Deckenanschlüsse mit Randprofilen UW 50/40/06 C5-M,
Befestigung mit bauaufsichtlich zugelassenen Befestigungsmitteln.</br>Beplankung innen aus Gipsplatten GKFI DIN 18180:
Diamant, Typ DFH2IR EN 520, zweilagig, Plattendicke 2x 12,5 mm,
Verschraubung mit Knauf Diamantschrauben XTN,
Verarbeitung gemäß DIN 18181.
Beplankung außen aus Zementbauplatten DIN EN 12467:
AQUAPANEL Cement Board Indoor,
zweilagig, Plattendicke 2x 12,5 mm,
kraftschlüssige Fugenverklebung mit AQUAPANEL Fugenkleber,
Verschraubung mit AQUAPANEL Maxi Schrauben,
Verarbeitung gemäß Knauf Detailblatt W38.de.</br>Verspachtelung der Aquapanel Cement Board Indoor gemäß Knauf Detailblatt W38.de,
Qualitätsstufe AQ1 Standardverspachtelung.</br>Ausführung gemäß Knauf Detailblatt W38.de.
System: Knauf Metallständerwand W386.de mit Aquapanel Technologie"
W386-C5-176.de,"Nichttragende innere Trennwand DIN 4103-1 als Montagewand,</br>Brandschutztechnische Anforderungen an die Bekleidung,
Feuerwiderstandsklasse 90 Minuten nach DIN 4102-2.</br>Wandhöhe: … m
(max. zul. Wandhöhe: 3,00 m)</br>Wanddicke: … mm
(Wanddicke ≥ 155 mm)</br>Umlaufende Anschlüsse starr,
vorhandener Befestigungsuntergrund Stahlbeton/ Mauerwerk ... / Leichtbeton *,
Ausführung mit Unterkonstruktion aus verzinkten Stahlblechprofilen DIN 18182-1,
Metallständer als Einfach-Profile Knauf CW 50 C5-M, Ständerachsabstand 417 mm,
als Doppelständerwerk, Metallständer durch Laschen zug- und druckfest verbunden,
Boden und Deckenanschlüsse mit Randprofilen UW 50/40/06 C5-M,
Befestigung mit bauaufsichtlich zugelassenen Befestigungsmitteln.</br>Beplankung innen aus Gipsplatten GKFI DIN 18180:
Diamant, Typ DFH2IR EN 520, zweilagig, Plattendicke 2x 12,5 mm,
Verschraubung mit Knauf Diamantschrauben XTN,
Verarbeitung gemäß DIN 18181.
Beplankung außen aus Zementbauplatten DIN EN 12467:
AQUAPANEL Cement Board Indoor,
zweilagig, Plattendicke 2x 12,5 mm,
kraftschlüssige Fugenverklebung mit AQUAPANEL Fugenkleber,
Verschraubung mit AQUAPANEL Maxi Schrauben,
Verarbeitung gemäß Knauf Detailblatt W38.de.</br>Verspachtelung der Aquapanel Cement Board Indoor gemäß Knauf Detailblatt W38.de,
Qualitätsstufe AQ1 Standardverspachtelung.</br>Ausführung gemäß Knauf Detailblatt W38.de.
System: Knauf Metallständerwand W386.de mit Aquapanel Technologie"
W386-C5-177.de,"Nichttragende innere Trennwand DIN 4103-1 als Montagewand,</br>Brandschutztechnische Anforderungen an die Bekleidung,
Feuerwiderstandsklasse 90 Minuten nach DIN 4102-2.</br>Wandhöhe: … m
(max. zul. Wandhöhe: 3,00 m)</br>Wanddicke: … mm
(Wanddicke ≥ 155 mm)</br>Umlaufende Anschlüsse starr,
vorhandener Befestigungsuntergrund Stahlbeton/ Mauerwerk ... / Leichtbeton *,
Ausführung mit Unterkonstruktion aus verzinkten Stahlblechprofilen DIN 18182-1,
Metallständer als Einfach-Profile Knauf CW 50 C5-M, Ständerachsabstand 312,5 mm,
als Doppelständerwerk, Metallständer durch Laschen zug- und druckfest verbunden,
Boden und Deckenanschlüsse mit Randprofilen UW 50/40/06 C5-M,
Befestigung mit bauaufsichtlich zugelassenen Befestigungsmitteln.</br>Beplankung innen aus Gipsplatten GKFI DIN 18180:
Diamant, Typ DFH2IR EN 520, zweilagig, Plattendicke 2x 12,5 mm,
Verschraubung mit Knauf Diamantschrauben XTN,
Verarbeitung gemäß DIN 18181.
Beplankung außen aus Zementbauplatten DIN EN 12467:
AQUAPANEL Cement Board Indoor,
zweilagig, Plattendicke 2x 12,5 mm,
kraftschlüssige Fugenverklebung mit AQUAPANEL Fugenkleber,
Verschraubung mit AQUAPANEL Maxi Schrauben,
Verarbeitung gemäß Knauf Detailblatt W38.de.</br>Verspachtelung der Aquapanel Cement Board Indoor gemäß Knauf Detailblatt W38.de,
Qualitätsstufe AQ1 Standardverspachtelung.</br>Ausführung gemäß Knauf Detailblatt W38.de.
System: Knauf Metallständerwand W386.de mit Aquapanel Technologie"
W386-C5-178.de,"Nichttragende innere Trennwand DIN 4103-1 als Montagewand,</br>Brandschutztechnische Anforderungen an die Bekleidung,
Feuerwiderstandsklasse 90 Minuten nach DIN 4102-2.</br>Wandhöhe: … m
(max. zul. Wandhöhe: 3,00 m)</br>Wanddicke: … mm
(Wanddicke ≥ 205 mm)</br>Umlaufende Anschlüsse starr,
vorhandener Befestigungsuntergrund Stahlbeton/ Mauerwerk ... / Leichtbeton *,
Ausführung mit Unterkonstruktion aus verzinkten Stahlblechprofilen DIN 18182-1,
Metallständer als Einfach-Profile Knauf CW 75 C5-M, Ständerachsabstand 625 mm,
als Doppelständerwerk, Metallständer durch Laschen zug- und druckfest verbunden,
Boden und Deckenanschlüsse mit Randprofilen UW 75/40/06 C5-M,
Befestigung mit bauaufsichtlich zugelassenen Befestigungsmitteln.</br>Beplankung innen aus Gipsplatten GKFI DIN 18180:
Diamant, Typ DFH2IR EN 520, zweilagig, Plattendicke 2x 12,5 mm,
Verschraubung mit Knauf Diamantschrauben XTN,
Verarbeitung gemäß DIN 18181.
Beplankung außen aus Zementbauplatten DIN EN 12467:
AQUAPANEL Cement Board Indoor,
zweilagig, Plattendicke 2x 12,5 mm,
kraftschlüssige Fugenverklebung mit AQUAPANEL Fugenkleber,
Verschraubung mit AQUAPANEL Maxi Schrauben,
Verarbeitung gemäß Knauf Detailblatt W38.de.</br>Verspachtelung der Aquapanel Cement Board Indoor gemäß Knauf Detailblatt W38.de,
Qualitätsstufe AQ1 Standardverspachtelung.</br>Ausführung gemäß Knauf Detailblatt W38.de.
System: Knauf Metallständerwand W386.de mit Aquapanel Technologie"
W386-C5-179.de,"Nichttragende innere Trennwand DIN 4103-1 als Montagewand,</br>Brandschutztechnische Anforderungen an die Bekleidung,
Feuerwiderstandsklasse 90 Minuten nach DIN 4102-2.</br>Wandhöhe: … m
(max. zul. Wandhöhe: 3,00 m)</br>Wanddicke: … mm
(Wanddicke ≥ 205 mm)</br>Umlaufende Anschlüsse starr,
vorhandener Befestigungsuntergrund Stahlbeton/ Mauerwerk ... / Leichtbeton *,
Ausführung mit Unterkonstruktion aus verzinkten Stahlblechprofilen DIN 18182-1,
Metallständer als Einfach-Profile Knauf CW 75 C5-M, Ständerachsabstand 417 mm,
als Doppelständerwerk, Metallständer durch Laschen zug- und druckfest verbunden,
Boden und Deckenanschlüsse mit Randprofilen UW 75/40/06 C5-M,
Befestigung mit bauaufsichtlich zugelassenen Befestigungsmitteln.</br>Beplankung innen aus Gipsplatten GKFI DIN 18180:
Diamant, Typ DFH2IR EN 520, zweilagig, Plattendicke 2x 12,5 mm,
Verschraubung mit Knauf Diamantschrauben XTN,
Verarbeitung gemäß DIN 18181.
Beplankung außen aus Zementbauplatten DIN EN 12467:
AQUAPANEL Cement Board Indoor,
zweilagig, Plattendicke 2x 12,5 mm,
kraftschlüssige Fugenverklebung mit AQUAPANEL Fugenkleber,
Verschraubung mit AQUAPANEL Maxi Schrauben,
Verarbeitung gemäß Knauf Detailblatt W38.de.</br>Verspachtelung der Aquapanel Cement Board Indoor gemäß Knauf Detailblatt W38.de,
Qualitätsstufe AQ1 Standardverspachtelung.</br>Ausführung gemäß Knauf Detailblatt W38.de.
System: Knauf Metallständerwand W386.de mit Aquapanel Technologie"
W386-C5-180.de,"Nichttragende innere Trennwand DIN 4103-1 als Montagewand,</br>Brandschutztechnische Anforderungen an die Bekleidung,
Feuerwiderstandsklasse 90 Minuten nach DIN 4102-2.</br>Wandhöhe: … m
(max. zul. Wandhöhe: 3,00 m)</br>Wanddicke: … mm
(Wanddicke ≥ 205 mm)</br>Umlaufende Anschlüsse starr,
vorhandener Befestigungsuntergrund Stahlbeton/ Mauerwerk ... / Leichtbeton *,
Ausführung mit Unterkonstruktion aus verzinkten Stahlblechprofilen DIN 18182-1,
Metallständer als Einfach-Profile Knauf CW 75 C5-M, Ständerachsabstand 312,5 mm,
als Doppelständerwerk, Metallständer durch Laschen zug- und druckfest verbunden,
Boden und Deckenanschlüsse mit Randprofilen UW 75/40/06 C5-M,
Befestigung mit bauaufsichtlich zugelassenen Befestigungsmitteln.</br>Beplankung innen aus Gipsplatten GKFI DIN 18180:
Diamant, Typ DFH2IR EN 520, zweilagig, Plattendicke 2x 12,5 mm,
Verschraubung mit Knauf Diamantschrauben XTN,
Verarbeitung gemäß DIN 18181.
Beplankung außen aus Zementbauplatten DIN EN 12467:
AQUAPANEL Cement Board Indoor,
zweilagig, Plattendicke 2x 12,5 mm,
kraftschlüssige Fugenverklebung mit AQUAPANEL Fugenkleber,
Verschraubung mit AQUAPANEL Maxi Schrauben,
Verarbeitung gemäß Knauf Detailblatt W38.de.</br>Verspachtelung der Aquapanel Cement Board Indoor gemäß Knauf Detailblatt W38.de,
Qualitätsstufe AQ1 Standardverspachtelung.</br>Ausführung gemäß Knauf Detailblatt W38.de.
System: Knauf Metallständerwand W386.de mit Aquapanel Technologie"
W386-C5-181.de,"Nichttragende innere Trennwand DIN 4103-1 als Montagewand,</br>Brandschutztechnische Anforderungen an die Bekleidung,
Feuerwiderstandsklasse 90 Minuten nach DIN 4102-2.</br>Wandhöhe: … m
(max. zul. Wandhöhe: 3,00 m)</br>Wanddicke: … mm
(Wanddicke ≥ 255 mm)</br>Umlaufende Anschlüsse starr,
vorhandener Befestigungsuntergrund Stahlbeton/ Mauerwerk ... / Leichtbeton *,
Ausführung mit Unterkonstruktion aus verzinkten Stahlblechprofilen DIN 18182-1,
Metallständer als Einfach-Profile Knauf CW 100 C5-M, Ständerachsabstand 625 mm,
als Doppelständerwerk, Metallständer durch Laschen zug- und druckfest verbunden,
Boden und Deckenanschlüsse mit Randprofilen UW 100/40/06 C5-M,
Befestigung mit bauaufsichtlich zugelassenen Befestigungsmitteln.</br>Beplankung innen aus Gipsplatten GKFI DIN 18180:
Diamant, Typ DFH2IR EN 520, zweilagig, Plattendicke 2x 12,5 mm,
Verschraubung mit Knauf Diamantschrauben XTN,
Verarbeitung gemäß DIN 18181.
Beplankung außen aus Zementbauplatten DIN EN 12467:
AQUAPANEL Cement Board Indoor,
zweilagig, Plattendicke 2x 12,5 mm,
kraftschlüssige Fugenverklebung mit AQUAPANEL Fugenkleber,
Verschraubung mit AQUAPANEL Maxi Schrauben,
Verarbeitung gemäß Knauf Detailblatt W38.de.</br>Verspachtelung der Aquapanel Cement Board Indoor gemäß Knauf Detailblatt W38.de,
Qualitätsstufe AQ1 Standardverspachtelung.</br>Ausführung gemäß Knauf Detailblatt W38.de.
System: Knauf Metallständerwand W386.de mit Aquapanel Technologie"
W386-C5-182.de,"Nichttragende innere Trennwand DIN 4103-1 als Montagewand,</br>Brandschutztechnische Anforderungen an die Bekleidung,
Feuerwiderstandsklasse 90 Minuten nach DIN 4102-2.</br>Wandhöhe: … m
(max. zul. Wandhöhe: 3,00 m)</br>Wanddicke: … mm
(Wanddicke ≥ 255 mm)</br>Umlaufende Anschlüsse starr,
vorhandener Befestigungsuntergrund Stahlbeton/ Mauerwerk ... / Leichtbeton *,
Ausführung mit Unterkonstruktion aus verzinkten Stahlblechprofilen DIN 18182-1,
Metallständer als Einfach-Profile Knauf CW 100 C5-M, Ständerachsabstand 417 mm,
als Doppelständerwerk, Metallständer durch Laschen zug- und druckfest verbunden,
Boden und Deckenanschlüsse mit Randprofilen UW 100/40/06 C5-M,
Befestigung mit bauaufsichtlich zugelassenen Befestigungsmitteln.</br>Beplankung innen aus Gipsplatten GKFI DIN 18180:
Diamant, Typ DFH2IR EN 520, zweilagig, Plattendicke 2x 12,5 mm,
Verschraubung mit Knauf Diamantschrauben XTN,
Verarbeitung gemäß DIN 18181.
Beplankung außen aus Zementbauplatten DIN EN 12467:
AQUAPANEL Cement Board Indoor,
zweilagig, Plattendicke 2x 12,5 mm,
kraftschlüssige Fugenverklebung mit AQUAPANEL Fugenkleber,
Verschraubung mit AQUAPANEL Maxi Schrauben,
Verarbeitung gemäß Knauf Detailblatt W38.de.</br>Verspachtelung der Aquapanel Cement Board Indoor gemäß Knauf Detailblatt W38.de,
Qualitätsstufe AQ1 Standardverspachtelung.</br>Ausführung gemäß Knauf Detailblatt W38.de.
System: Knauf Metallständerwand W386.de mit Aquapanel Technologie"
W386-C5-183.de,"Nichttragende innere Trennwand DIN 4103-1 als Montagewand,</br>Brandschutztechnische Anforderungen an die Bekleidung,
Feuerwiderstandsklasse 90 Minuten nach DIN 4102-2.</br>Wandhöhe: … m
(max. zul. Wandhöhe: 3,00 m)</br>Wanddicke: … mm
(Wanddicke ≥ 255 mm)</br>Umlaufende Anschlüsse starr,
vorhandener Befestigungsuntergrund Stahlbeton/ Mauerwerk ... / Leichtbeton *,
Ausführung mit Unterkonstruktion aus verzinkten Stahlblechprofilen DIN 18182-1,
Metallständer als Einfach-Profile Knauf CW 100 C5-M, Ständerachsabstand 312,5 mm,
als Doppelständerwerk, Metallständer durch Laschen zug- und druckfest verbunden,
Boden und Deckenanschlüsse mit Randprofilen UW 100/40/06 C5-M,
Befestigung mit bauaufsichtlich zugelassenen Befestigungsmitteln.</br>Beplankung innen aus Gipsplatten GKFI DIN 18180:
Diamant, Typ DFH2IR EN 520, zweilagig, Plattendicke 2x 12,5 mm,
Verschraubung mit Knauf Diamantschrauben XTN,
Verarbeitung gemäß DIN 18181.
Beplankung außen aus Zementbauplatten DIN EN 12467:
AQUAPANEL Cement Board Indoor,
zweilagig, Plattendicke 2x 12,5 mm,
kraftschlüssige Fugenverklebung mit AQUAPANEL Fugenkleber,
Verschraubung mit AQUAPANEL Maxi Schrauben,
Verarbeitung gemäß Knauf Detailblatt W38.de.</br>Verspachtelung der Aquapanel Cement Board Indoor gemäß Knauf Detailblatt W38.de,
Qualitätsstufe AQ1 Standardverspachtelung.</br>Ausführung gemäß Knauf Detailblatt W38.de.
System: Knauf Metallständerwand W386.de mit Aquapanel Technologie"
W386-C5-184.de,"Nichttragende innere Trennwand DIN 4103-1 als Montagewand,</br>Brandschutztechnische Anforderungen an die Bekleidung,
Feuerwiderstandsklasse 90 Minuten nach DIN 4102-2.</br>Rechenwert des bewerteten Schalldämm-Maßes Rw,R ≥ 59 dB.</br>Bewertetes Schalldämm-Maß Rw ≥ 61,0 dB</br>Wandhöhe: … m
(max. zul. Wandhöhe: 3,00 m)</br>Wanddicke: … mm
(Wanddicke ≥ 155 mm)</br>Umlaufende Anschlüsse starr,
vorhandener Befestigungsuntergrund Stahlbeton/ Mauerwerk ... / Leichtbeton *,
Ausführung mit Unterkonstruktion aus verzinkten Stahlblechprofilen DIN 18182-1,
Metallständer als Einfach-Profile Knauf CW 50 C5-M, Ständerachsabstand 625 mm,
als Doppelständerwerk, Metallständer durch Laschen zug- und druckfest verbunden,
Boden und Deckenanschlüsse mit Randprofilen UW 50/40/06 C5-M,
Befestigung mit bauaufsichtlich zugelassenen Befestigungsmitteln.</br>Dämmschicht aus Mineralwolle nach DIN EN 13162, Dicke 50 mm,
Brandverhalten nach DIN EN 13501-1: A1,
Wärmeleitfähigkeit λ ≤ 0,040 W/(mK),*
längenbezogener Strömungswiderstand nach DIN EN 29053: r ≥ 5 kPa·s/m²,
einlagig, dicht stoßen, abrutschsicher verlegen,
Produkt: Knauf Insulation Trennwand-Dämmplatte TP 115
(Hergestellt mit Ecose® Technology, einem formaldehydfreien Bindemittel auf Basis vorwiegend natürlich-organischer Grundstoffe ohne Zusatz von künstlichen Farben oder Färbemitteln)
oder gleichwertig. *</br>Beplankung innen aus Gipsplatten GKFI DIN 18180:
Diamant, Typ DFH2IR EN 520, zweilagig, Plattendicke 2x 12,5 mm,
Verschraubung mit Knauf Diamantschrauben XTN,
Verarbeitung gemäß DIN 18181.
Beplankung außen aus Zementbauplatten DIN EN 12467:
AQUAPANEL Cement Board Indoor,
zweilagig, Plattendicke 2x 12,5 mm,
kraftschlüssige Fugenverklebung mit AQUAPANEL Fugenkleber,
Verschraubung mit AQUAPANEL Maxi Schrauben,
Verarbeitung gemäß Knauf Detailblatt W38.de.</br>Verspachtelung der Aquapanel Cement Board Indoor gemäß Knauf Detailblatt W38.de,
Qualitätsstufe AQ1 Standardverspachtelung.</br>Ausführung gemäß Knauf Detailblatt W38.de.
System: Knauf Metallständerwand W386.de mit Aquapanel Technologie"
W386-C5-185.de,"Nichttragende innere Trennwand DIN 4103-1 als Montagewand,</br>Brandschutztechnische Anforderungen an die Bekleidung,
Feuerwiderstandsklasse 90 Minuten nach DIN 4102-2.</br>Rechenwert des bewerteten Schalldämm-Maßes Rw,R ≥ 59 dB.</br>Bewertetes Schalldämm-Maß Rw ≥ 61,0 dB</br>Wandhöhe: … m
(max. zul. Wandhöhe: 3,00 m)</br>Wanddicke: … mm
(Wanddicke ≥ 205 mm)</br>Umlaufende Anschlüsse starr,
vorhandener Befestigungsuntergrund Stahlbeton/ Mauerwerk ... / Leichtbeton *,
Ausführung mit Unterkonstruktion aus verzinkten Stahlblechprofilen DIN 18182-1,
Metallständer als Einfach-Profile Knauf CW 75 C5-M, Ständerachsabstand 625 mm,
als Doppelständerwerk, Metallständer durch Laschen zug- und druckfest verbunden,
Boden und Deckenanschlüsse mit Randprofilen UW 75/40/06 C5-M,
Befestigung mit bauaufsichtlich zugelassenen Befestigungsmitteln.</br>Dämmschicht aus Mineralwolle nach DIN EN 13162, Dicke 50 mm,
Brandverhalten nach DIN EN 13501-1: A1,
Wärmeleitfähigkeit λ ≤ 0,040 W/(mK),*
längenbezogener Strömungswiderstand nach DIN EN 29053: r ≥ 5 kPa·s/m²,
einlagig, dicht stoßen, abrutschsicher verlegen,
Produkt: Knauf Insulation Trennwand-Dämmplatte TP 115
(Hergestellt mit Ecose® Technology, einem formaldehydfreien Bindemittel auf Basis vorwiegend natürlich-organischer Grundstoffe ohne Zusatz von künstlichen Farben oder Färbemitteln)
oder gleichwertig. *</br>Beplankung innen aus Gipsplatten GKFI DIN 18180:
Diamant, Typ DFH2IR EN 520, zweilagig, Plattendicke 2x 12,5 mm,
Verschraubung mit Knauf Diamantschrauben XTN,
Verarbeitung gemäß DIN 18181.
Beplankung außen aus Zementbauplatten DIN EN 12467:
AQUAPANEL Cement Board Indoor,
zweilagig, Plattendicke 2x 12,5 mm,
kraftschlüssige Fugenverklebung mit AQUAPANEL Fugenkleber,
Verschraubung mit AQUAPANEL Maxi Schrauben,
Verarbeitung gemäß Knauf Detailblatt W38.de.</br>Verspachtelung der Aquapanel Cement Board Indoor gemäß Knauf Detailblatt W38.de,
Qualitätsstufe AQ1 Standardverspachtelung.</br>Ausführung gemäß Knauf Detailblatt W38.de.
System: Knauf Metallständerwand W386.de mit Aquapanel Technologie"
W386-C5-186.de,"Nichttragende innere Trennwand DIN 4103-1 als Montagewand,</br>Brandschutztechnische Anforderungen an die Bekleidung,
Feuerwiderstandsklasse 90 Minuten nach DIN 4102-2.</br>Rechenwert des bewerteten Schalldämm-Maßes Rw,R ≥ 59 dB.</br>Bewertetes Schalldämm-Maß Rw ≥ 61,0 dB</br>Wandhöhe: … m
(max. zul. Wandhöhe: 3,00 m)</br>Wanddicke: … mm
(Wanddicke ≥ 255 mm)</br>Umlaufende Anschlüsse starr,
vorhandener Befestigungsuntergrund Stahlbeton/ Mauerwerk ... / Leichtbeton *,
Ausführung mit Unterkonstruktion aus verzinkten Stahlblechprofilen DIN 18182-1,
Metallständer als Einfach-Profile Knauf CW 100 C5-M, Ständerachsabstand 625 mm,
als Doppelständerwerk, Metallständer durch Laschen zug- und druckfest verbunden,
Boden und Deckenanschlüsse mit Randprofilen UW 100/40/06 C5-M,
Befestigung mit bauaufsichtlich zugelassenen Befestigungsmitteln.</br>Dämmschicht aus Mineralwolle nach DIN EN 13162, Dicke 50 mm,
Brandverhalten nach DIN EN 13501-1: A1,
Wärmeleitfähigkeit λ ≤ 0,040 W/(mK),*
längenbezogener Strömungswiderstand nach DIN EN 29053: r ≥ 5 kPa·s/m²,
einlagig, dicht stoßen, abrutschsicher verlegen,
Produkt: Knauf Insulation Trennwand-Dämmplatte TP 115
(Hergestellt mit Ecose® Technology, einem formaldehydfreien Bindemittel auf Basis vorwiegend natürlich-organischer Grundstoffe ohne Zusatz von künstlichen Farben oder Färbemitteln)
oder gleichwertig. *</br>Beplankung innen aus Gipsplatten GKFI DIN 18180:
Diamant, Typ DFH2IR EN 520, zweilagig, Plattendicke 2x 12,5 mm,
Verschraubung mit Knauf Diamantschrauben XTN,
Verarbeitung gemäß DIN 18181.
Beplankung außen aus Zementbauplatten DIN EN 12467:
AQUAPANEL Cement Board Indoor,
zweilagig, Plattendicke 2x 12,5 mm,
kraftschlüssige Fugenverklebung mit AQUAPANEL Fugenkleber,
Verschraubung mit AQUAPANEL Maxi Schrauben,
Verarbeitung gemäß Knauf Detailblatt W38.de.</br>Verspachtelung der Aquapanel Cement Board Indoor gemäß Knauf Detailblatt W38.de,
Qualitätsstufe AQ1 Standardverspachtelung.</br>Ausführung gemäß Knauf Detailblatt W38.de.
System: Knauf Metallständerwand W386.de mit Aquapanel Technologie"
W145-001.de,"Nichttragende innere Schallschutzwand DIVA DIN 4103-1 als Montagewand.</br>Brandschutztechnische Anforderungen an die Bekleidung,
Feuerwiderstandsklasse 90 Minuten nach DIN 4102-2.</br>Rechenwert des bewerteten Schalldämm-Maßes Rw,R = 73 dB.</br>Bewertetes Schalldämm-Maß Rw = 75,0 dB</br>Wandhöhe: … m
(max. zul. Wandhöhe: 7,00 m)</br>Wanddicke: 450 mm</br>Umlaufende Anschlüsse starr,
vorhandener Befestigungsuntergrund Stahlbeton/ Mauerwerk ... / Leichtbeton *,
Ausführung mit Unterkonstruktion aus verzinkten Stahlblechprofilen DIN 18182-1,
Metallständer als Einfach-Profile Knauf MW 100, Achsabstand 625 mm, als Doppelständerwerk,
Ständer durch durchgehende Plattenstreifen zug- und druckfest verbunden.</br>Dämmschicht aus Mineralwolle nach DIN EN 13162, Dicke 2x 80 mm,
Brandverhalten nach DIN EN 13501-1: A1,
Wärmeleitfähigkeit λ ≤ 0,040 W/(mK),*
längenbezogener Strömungswiderstand nach DIN EN 29053: r ≥ 5 kPa·s/m²,
zweilagig, dicht stoßen, abrutschsicher verlegen,
Produkte: Knauf Insulation Trennwand-Dämmplatte TP 115
(Hergestellt mit Ecose® Technology, einem formaldehydfreien Bindemittel auf Basis vorwiegend natürlich-organischer Grundstoffe ohne Zusatz von künstlichen Farben oder Färbemitteln)
oder gleichwertig. *</br>Beplankung beidseitig, zweilagig aus Gipsplatten GKF DIN 18180:
1. (untere) Lage: Knauf Silentboard, Typ DFR EN 520, Plattendicke 12,5 mm
2. (obere) Lage: Knauf Diamant, Typ DFH2IR EN 520, Plattendicke 12,5 mm,
Verschraubung mit Diamant-Schraube XTN,
Verarbeitung gemäß DIN 18181.</br>Verspachtelung der Gipsplatten gemäß Merkblatt Nr. 2 des Bundesverbandes der Gipsindustrie e.V. Qualitätsstufe Q2 Standardverspachtelung,
Verarbeitung gemäß DIN 18181.</br>Ausführung gemäß Knauf Detailblatt W145.de.
System: Knauf Schallschutzwand DIVA W145.de</br>Diese Ausführung ist eine Erweiterung zum Verwendbarkeitsnachweis Brandschutz.
Vorherige Abstimmung gem. Knauf Brandschutzordner, Abschnitt Nutzungshinweise empfohlen."
W145-002.de,"Nichttragende innere Schallschutzwand DIVA DIN 4103-1 als Montagewand.</br>Brandschutztechnische Anforderungen an die Bekleidung,
Feuerwiderstandsklasse 90 Minuten nach DIN 4102-2.</br>Rechenwert des bewerteten Schalldämm-Maßes Rw,R = 76 dB.</br>Bewertetes Schalldämm-Maß Rw = 78,2 dB</br>Wandhöhe: … m
(max. zul. Wandhöhe: 7,00 m)</br>Wanddicke: 475 mm</br>Umlaufende Anschlüsse starr,
vorhandener Befestigungsuntergrund Stahlbeton/ Mauerwerk ... / Leichtbeton *,
Ausführung mit Unterkonstruktion aus verzinkten Stahlblechprofilen DIN 18182-1,
Metallständer als Einfach-Profile Knauf MW 100, Achsabstand 625 mm, als Doppelständerwerk,
Ständer durch durchgehende Plattenstreifen zug- und druckfest verbunden.</br>Dämmschicht aus Mineralwolle nach DIN EN 13162, Dicke 2x 80 mm,
Brandverhalten nach DIN EN 13501-1: A1,
Wärmeleitfähigkeit λ ≤ 0,040 W/(mK),*
längenbezogener Strömungswiderstand nach DIN EN 29053: r ≥ 5 kPa·s/m²,
zweilagig, dicht stoßen, abrutschsicher verlegen,
Produkte: Knauf Insulation Trennwand-Dämmplatte TP 115
(Hergestellt mit Ecose® Technology, einem formaldehydfreien Bindemittel auf Basis vorwiegend natürlich-organischer Grundstoffe ohne Zusatz von künstlichen Farben oder Färbemitteln)
oder gleichwertig. *</br>Beplankung beidseitig, zweilagig aus Gipsplatten GKF DIN 18180:
1. (untere) Lage: Knauf Massivbauplatten, Typ DF EN 520, Plattendicke 25 mm
2. (obere) Lage: Knauf Silentboard, Typ DFR EN 520, Plattendicke 12,5 mm,
Verarbeitung gemäß DIN 18181.</br>Verspachtelung der Gipsplatten gemäß Merkblatt Nr. 2 des Bundesverbandes der Gipsindustrie e.V. Qualitätsstufe Q2 Standardverspachtelung,
Verarbeitung gemäß DIN 18181.</br>Ausführung gemäß Knauf Detailblatt W145.de.
System: Knauf Schallschutzwand DIVA W145.de</br>Diese Ausführung ist eine Erweiterung zum Verwendbarkeitsnachweis Brandschutz.
Vorherige Abstimmung gem. Knauf Brandschutzordner, Abschnitt Nutzungshinweise empfohlen."
W145-003.de,"Nichttragende innere Schallschutzwand DIVA DIN 4103-1 als Montagewand.</br>Brandschutztechnische Anforderungen an die Bekleidung,
Feuerwiderstandsklasse 90 Minuten nach DIN 4102-2.</br>Rechenwert des bewerteten Schalldämm-Maßes Rw,R = 77 dB.</br>Bewertetes Schalldämm-Maß Rw = 79,5 dB</br>Wandhöhe: … m
(max. zul. Wandhöhe: 7,00 m)</br>Wanddicke: 450 mm</br>Umlaufende Anschlüsse starr,
vorhandener Befestigungsuntergrund Stahlbeton/ Mauerwerk ... / Leichtbeton *,
Ausführung mit Unterkonstruktion aus verzinkten Stahlblechprofilen DIN 18182-1,
Metallständer als Einfach-Profile Knauf MW 100, Achsabstand 625 mm, als Doppelständerwerk,
Ständer durch durchgehende Plattenstreifen zug- und druckfest verbunden.</br>Dämmschicht aus Mineralwolle nach DIN EN 13162, Dicke 2x 80 mm,
Brandverhalten nach DIN EN 13501-1: A1,
Wärmeleitfähigkeit λ ≤ 0,040 W/(mK),*
längenbezogener Strömungswiderstand nach DIN EN 29053: r ≥ 5 kPa·s/m²,
zweilagig, dicht stoßen, abrutschsicher verlegen,
Produkte: Knauf Insulation Trennwand-Dämmplatte TP 115
(Hergestellt mit Ecose® Technology, einem formaldehydfreien Bindemittel auf Basis vorwiegend natürlich-organischer Grundstoffe ohne Zusatz von künstlichen Farben oder Färbemitteln)
oder gleichwertig. *</br>Beplankung beidseitig aus Gipsplatten GKF DIN 18180 bzw. Typ DFR EN 520:
Knauf Silentboard, zweilagig, Plattendicke 2x 12,5 mm,
Verschraubung mit Diamant-Schraube XTN,
Verarbeitung gemäß DIN 18181.</br>Verspachtelung der Gipsplatten gemäß Merkblatt Nr. 2 des Bundesverbandes der Gipsindustrie e.V. Qualitätsstufe Q2 Standardverspachtelung,
Verarbeitung gemäß DIN 18181.</br>Ausführung gemäß Knauf Detailblatt W145.de.
System: Knauf Schallschutzwand DIVA W145.de</br>Diese Ausführung ist eine Erweiterung zum Verwendbarkeitsnachweis Brandschutz.
Vorherige Abstimmung gem. Knauf Brandschutzordner, Abschnitt Nutzungshinweise empfohlen."
W145-004.de,"Nichttragende innere Schallschutzwand DIVA DIN 4103-1 als Montagewand.</br>Brandschutztechnische Anforderungen an die Bekleidung,
Feuerwiderstandsklasse 90 Minuten nach DIN 4102-2.</br>Rechenwert des bewerteten Schalldämm-Maßes Rw,R = 78 dB.</br>Bewertetes Schalldämm-Maß Rw = 80,0 dB</br>Wandhöhe: … m
(max. zul. Wandhöhe: 7,00 m)</br>Wanddicke: 475 mm</br>Umlaufende Anschlüsse starr,
vorhandener Befestigungsuntergrund Stahlbeton/ Mauerwerk ... / Leichtbeton *,
Ausführung mit Unterkonstruktion aus verzinkten Stahlblechprofilen DIN 18182-1,
Metallständer als Einfach-Profile Knauf MW 100, Achsabstand 625 mm, als Doppelständerwerk,
Ständer durch durchgehende Plattenstreifen zug- und druckfest verbunden.</br>Dämmschicht aus Mineralwolle nach DIN EN 13162, Dicke 2x 80 mm,
Brandverhalten nach DIN EN 13501-1: A1,
Wärmeleitfähigkeit λ ≤ 0,040 W/(mK),*
längenbezogener Strömungswiderstand nach DIN EN 29053: r ≥ 5 kPa·s/m²,
zweilagig, dicht stoßen, abrutschsicher verlegen,
Produkte: Knauf Insulation Trennwand-Dämmplatte TP 115
(Hergestellt mit Ecose® Technology, einem formaldehydfreien Bindemittel auf Basis vorwiegend natürlich-organischer Grundstoffe ohne Zusatz von künstlichen Farben oder Färbemitteln)
oder gleichwertig. *</br>Beplankung beidseitig, dreilagig aus Gipsplatten GKF DIN 18180:
1. (untere) und 2. (mittlere) Lage: Knauf Silentboard, Typ DFR EN 520, Plattendicke 2x 12,5 mm
3. (obere) Lage: Knauf Diamant, Typ DFH2IR EN 520, Plattendicke 12,5 mm,
Verschraubung mit Diamant-Schraube XTN,
Verarbeitung gemäß DIN 18181.</br>Verspachtelung der Gipsplatten gemäß Merkblatt Nr. 2 des Bundesverbandes der Gipsindustrie e.V. Qualitätsstufe Q2 Standardverspachtelung,
Verarbeitung gemäß DIN 18181.</br>Ausführung gemäß Knauf Detailblatt W145.de.
System: Knauf Schallschutzwand DIVA W145.de</br>Diese Ausführung ist eine Erweiterung zum Verwendbarkeitsnachweis Brandschutz.
Vorherige Abstimmung gem. Knauf Brandschutzordner, Abschnitt Nutzungshinweise empfohlen."
W145-005.de,"Nichttragende innere Schallschutzwand DIVA DIN 4103-1 als Montagewand.</br>Brandschutztechnische Anforderungen an die Bekleidung,
Feuerwiderstandsklasse 90 Minuten nach DIN 4102-2.</br>Rechenwert des bewerteten Schalldämm-Maßes Rw,R = 79 dB.</br>Bewertetes Schalldämm-Maß Rw = 81,9 dB</br>Wandhöhe: … m
(max. zul. Wandhöhe: 7,00 m)</br>Wanddicke: 475 mm</br>Umlaufende Anschlüsse starr,
vorhandener Befestigungsuntergrund Stahlbeton/ Mauerwerk ... / Leichtbeton *,
Ausführung mit Unterkonstruktion aus verzinkten Stahlblechprofilen DIN 18182-1,
Metallständer als Einfach-Profile Knauf MW 100, Achsabstand 625 mm, als Doppelständerwerk,
Ständer durch durchgehende Plattenstreifen zug- und druckfest verbunden.</br>Dämmschicht aus Mineralwolle nach DIN EN 13162, Dicke 2x 80 mm,
Brandverhalten nach DIN EN 13501-1: A1,
Wärmeleitfähigkeit λ ≤ 0,040 W/(mK),*
längenbezogener Strömungswiderstand nach DIN EN 29053: r ≥ 5 kPa·s/m²,
zweilagig, dicht stoßen, abrutschsicher verlegen,
Produkte: Knauf Insulation Trennwand-Dämmplatte TP 115
(Hergestellt mit Ecose® Technology, einem formaldehydfreien Bindemittel auf Basis vorwiegend natürlich-organischer Grundstoffe ohne Zusatz von künstlichen Farben oder Färbemitteln)
oder gleichwertig. *</br>Beplankung beidseitig, dreilagig aus Gipsplatten GKF DIN 18180 bzw. Typ DFR EN 520:
Knauf Silentboard, dreilagig, Plattendicke 3x 12,5 mm,
Verschraubung mit Diamant-Schraube XTN,
Verarbeitung gemäß DIN 18181.</br>Verspachtelung der Gipsplatten gemäß Merkblatt Nr. 2 des Bundesverbandes der Gipsindustrie e.V. Qualitätsstufe Q2 Standardverspachtelung,
Verarbeitung gemäß DIN 18181.</br>Ausführung gemäß Knauf Detailblatt W145.de.
System: Knauf Schallschutzwand DIVA W145.de</br>Diese Ausführung ist eine Erweiterung zum Verwendbarkeitsnachweis Brandschutz.
Vorherige Abstimmung gem. Knauf Brandschutzordner, Abschnitt Nutzungshinweise empfohlen."
W145-006.de,"Nichttragende innere Schallschutzwand DIVA DIN 4103-1 als Montagewand.</br>Brandschutztechnische Anforderungen an die Bekleidung,
Feuerwiderstandsklasse 90 Minuten nach DIN 4102-2.</br>Rechenwert des bewerteten Schalldämm-Maßes Rw,R = 81 dB.</br>Bewertetes Schalldämm-Maß Rw = 83,2 dB</br>Wandhöhe: … m
(max. zul. Wandhöhe: 7,00 m)</br>Wanddicke: 500 mm</br>Umlaufende Anschlüsse starr,
vorhandener Befestigungsuntergrund Stahlbeton/ Mauerwerk ... / Leichtbeton *,
Ausführung mit Unterkonstruktion aus verzinkten Stahlblechprofilen DIN 18182-1,
Metallständer als Einfach-Profile Knauf MW 100, Achsabstand 625 mm, als Doppelständerwerk,
Ständer durch durchgehende Plattenstreifen zug- und druckfest verbunden.</br>Dämmschicht aus Mineralwolle nach DIN EN 13162, Dicke 2x 80 mm,
Brandverhalten nach DIN EN 13501-1: A1,
Wärmeleitfähigkeit λ ≤ 0,040 W/(mK),*
längenbezogener Strömungswiderstand nach DIN EN 29053: r ≥ 5 kPa·s/m²,
zweilagig, dicht stoßen, abrutschsicher verlegen,
Produkte: Knauf Insulation Trennwand-Dämmplatte TP 115
(Hergestellt mit Ecose® Technology, einem formaldehydfreien Bindemittel auf Basis vorwiegend natürlich-organischer Grundstoffe ohne Zusatz von künstlichen Farben oder Färbemitteln)
oder gleichwertig. *</br>Beplankung beidseitig, dreilagig aus Gipsplatten GKF DIN 18180:
1. (untere) Lage: Knauf Silentboard, Typ DFR EN 520, Plattendicke 12,5 mm,
2. (mittlere) Lage: Knauf Massivbauplatten, Typ DF EN 520, Plattendicke 25 mm,
3. (obere) Lage: Knauf Silentboard, Plattendicke 12,5 mm,
Verarbeitung gemäß DIN 18181.</br>Verspachtelung der Gipsplatten gemäß Merkblatt Nr. 2 des Bundesverbandes der Gipsindustrie e.V. Qualitätsstufe Q2 Standardverspachtelung,
Verarbeitung gemäß DIN 18181.</br>Ausführung gemäß Knauf Detailblatt W145.de.
System: Knauf Schallschutzwand DIVA W145.de</br>Diese Ausführung ist eine Erweiterung zum Verwendbarkeitsnachweis Brandschutz.
Vorherige Abstimmung gem. Knauf Brandschutzordner, Abschnitt Nutzungshinweise empfohlen."
W145-007.de,"Nichttragende innere Schallschutzwand DIVA DIN 4103-1 als Montagewand.</br>Rechenwert des bewerteten Schalldämm-Maßes Rw,R = 73 dB.</br>Bewertetes Schalldämm-Maß Rw = 75,0 dB</br>Wandhöhe: … m
(max. zul. Wandhöhe: 12,00 m)</br>Wanddicke: 450 mm</br>Umlaufende Anschlüsse starr,
vorhandener Befestigungsuntergrund Stahlbeton/ Mauerwerk ... / Leichtbeton *,
Ausführung mit Unterkonstruktion aus verzinkten Stahlblechprofilen DIN 18182-1,
Metallständer als Einfach-Profile Knauf MW 100, Achsabstand 625 mm, als Doppelständerwerk,
Ständer durch durchgehende Plattenstreifen zug- und druckfest verbunden.</br>Dämmschicht aus Mineralwolle nach DIN EN 13162, Dicke 2x 80 mm,
Brandverhalten nach DIN EN 13501-1: A1,
Wärmeleitfähigkeit λ ≤ 0,040 W/(mK),*
längenbezogener Strömungswiderstand nach DIN EN 29053: r ≥ 5 kPa·s/m²,
zweilagig, dicht stoßen, abrutschsicher verlegen,
Produkte: Knauf Insulation Trennwand-Dämmplatte TP 115
(Hergestellt mit Ecose® Technology, einem formaldehydfreien Bindemittel auf Basis vorwiegend natürlich-organischer Grundstoffe ohne Zusatz von künstlichen Farben oder Färbemitteln)
oder gleichwertig. *</br>Beplankung beidseitig, zweilagig aus Gipsplatten GKF DIN 18180:
1. (untere) Lage: Knauf Silentboard, Typ DFR EN 520, Plattendicke 12,5 mm
2. (obere) Lage: Knauf Diamant, Typ DFH2IR EN 520, Plattendicke 12,5 mm,
Verschraubung mit Diamant-Schraube XTN,
Verarbeitung gemäß DIN 18181.</br>Verspachtelung der Gipsplatten gemäß Merkblatt Nr. 2 des Bundesverbandes der Gipsindustrie e.V. Qualitätsstufe Q2 Standardverspachtelung,
Verarbeitung gemäß DIN 18181.</br>Ausführung gemäß Knauf Detailblatt W145.de.
System: Knauf Schallschutzwand DIVA W145.de"
W145-008.de,"Nichttragende innere Schallschutzwand DIVA DIN 4103-1 als Montagewand.</br>Rechenwert des bewerteten Schalldämm-Maßes Rw,R = 76 dB.</br>Bewertetes Schalldämm-Maß Rw = 78,2 dB</br>Wandhöhe: … m
(max. zul. Wandhöhe: 12,00 m)</br>Wanddicke: 475 mm</br>Umlaufende Anschlüsse starr,
vorhandener Befestigungsuntergrund Stahlbeton/ Mauerwerk ... / Leichtbeton *,
Ausführung mit Unterkonstruktion aus verzinkten Stahlblechprofilen DIN 18182-1,
Metallständer als Einfach-Profile Knauf MW 100, Achsabstand 625 mm, als Doppelständerwerk,
Ständer durch durchgehende Plattenstreifen zug- und druckfest verbunden.</br>Dämmschicht aus Mineralwolle nach DIN EN 13162, Dicke 2x 80 mm,
Brandverhalten nach DIN EN 13501-1: A1,
Wärmeleitfähigkeit λ ≤ 0,040 W/(mK),*
längenbezogener Strömungswiderstand nach DIN EN 29053: r ≥ 5 kPa·s/m²,
zweilagig, dicht stoßen, abrutschsicher verlegen,
Produkte: Knauf Insulation Trennwand-Dämmplatte TP 115
(Hergestellt mit Ecose® Technology, einem formaldehydfreien Bindemittel auf Basis vorwiegend natürlich-organischer Grundstoffe ohne Zusatz von künstlichen Farben oder Färbemitteln)
oder gleichwertig. *</br>Beplankung beidseitig, zweilagig aus Gipsplatten GKF DIN 18180:
1. (untere) Lage: Knauf Massivbauplatten, Typ DF EN 520, Plattendicke 25 mm
2. (obere) Lage: Knauf Silentboard, Typ DFR EN 520, Plattendicke 12,5 mm,
Verarbeitung gemäß DIN 18181.</br>Verspachtelung der Gipsplatten gemäß Merkblatt Nr. 2 des Bundesverbandes der Gipsindustrie e.V. Qualitätsstufe Q2 Standardverspachtelung,
Verarbeitung gemäß DIN 18181.</br>Ausführung gemäß Knauf Detailblatt W145.de.
System: Knauf Schallschutzwand DIVA W145.de"
W145-009.de,"Nichttragende innere Schallschutzwand DIVA DIN 4103-1 als Montagewand.</br>Rechenwert des bewerteten Schalldämm-Maßes Rw,R = 77 dB.</br>Bewertetes Schalldämm-Maß Rw = 79,5 dB</br>Wandhöhe: … m
(max. zul. Wandhöhe: 12,00 m)</br>Wanddicke: 450 mm</br>Umlaufende Anschlüsse starr,
vorhandener Befestigungsuntergrund Stahlbeton/ Mauerwerk ... / Leichtbeton *,
Ausführung mit Unterkonstruktion aus verzinkten Stahlblechprofilen DIN 18182-1,
Metallständer als Einfach-Profile Knauf MW 100, Achsabstand 625 mm, als Doppelständerwerk,
Ständer durch durchgehende Plattenstreifen zug- und druckfest verbunden.</br>Dämmschicht aus Mineralwolle nach DIN EN 13162, Dicke 2x 80 mm,
Brandverhalten nach DIN EN 13501-1: A1,
Wärmeleitfähigkeit λ ≤ 0,040 W/(mK),*
längenbezogener Strömungswiderstand nach DIN EN 29053: r ≥ 5 kPa·s/m²,
zweilagig, dicht stoßen, abrutschsicher verlegen,
Produkte: Knauf Insulation Trennwand-Dämmplatte TP 115
(Hergestellt mit Ecose® Technology, einem formaldehydfreien Bindemittel auf Basis vorwiegend natürlich-organischer Grundstoffe ohne Zusatz von künstlichen Farben oder Färbemitteln)
oder gleichwertig. *</br>Beplankung beidseitig aus Gipsplatten GKF DIN 18180 bzw. Typ DFR EN 520:
Knauf Silentboard, zweilagig, Plattendicke 2x 12,5 mm,
Verschraubung mit Diamant-Schraube XTN,
Verarbeitung gemäß DIN 18181.</br>Verspachtelung der Gipsplatten gemäß Merkblatt Nr. 2 des Bundesverbandes der Gipsindustrie e.V. Qualitätsstufe Q2 Standardverspachtelung,
Verarbeitung gemäß DIN 18181.</br>Ausführung gemäß Knauf Detailblatt W145.de.
System: Knauf Schallschutzwand DIVA W145.de"
W145-010.de,"Nichttragende innere Schallschutzwand DIVA DIN 4103-1 als Montagewand.</br>Rechenwert des bewerteten Schalldämm-Maßes Rw,R = 78 dB.</br>Bewertetes Schalldämm-Maß Rw = 80,0 dB</br>Wandhöhe: … m
(max. zul. Wandhöhe: 12,00 m)</br>Wanddicke: 475 mm</br>Umlaufende Anschlüsse starr,
vorhandener Befestigungsuntergrund Stahlbeton/ Mauerwerk ... / Leichtbeton *,
Ausführung mit Unterkonstruktion aus verzinkten Stahlblechprofilen DIN 18182-1,
Metallständer als Einfach-Profile Knauf MW 100, Achsabstand 625 mm, als Doppelständerwerk,
Ständer durch durchgehende Plattenstreifen zug- und druckfest verbunden.</br>Dämmschicht aus Mineralwolle nach DIN EN 13162, Dicke 2x 80 mm,
Brandverhalten nach DIN EN 13501-1: A1,
Wärmeleitfähigkeit λ ≤ 0,040 W/(mK),*
längenbezogener Strömungswiderstand nach DIN EN 29053: r ≥ 5 kPa·s/m²,
zweilagig, dicht stoßen, abrutschsicher verlegen,
Produkte: Knauf Insulation Trennwand-Dämmplatte TP 115
(Hergestellt mit Ecose® Technology, einem formaldehydfreien Bindemittel auf Basis vorwiegend natürlich-organischer Grundstoffe ohne Zusatz von künstlichen Farben oder Färbemitteln)
oder gleichwertig. *</br>Beplankung beidseitig, dreilagig aus Gipsplatten GKF DIN 18180:
1. (untere) und 2. (mittlere) Lage: Knauf Silentboard, Typ DFR EN 520, Plattendicke 2x 12,5 mm
3. (obere) Lage: Knauf Diamant, Typ DFH2IR EN 520, Plattendicke 12,5 mm,
Verschraubung mit Diamant-Schraube XTN,
Verarbeitung gemäß DIN 18181.</br>Verspachtelung der Gipsplatten gemäß Merkblatt Nr. 2 des Bundesverbandes der Gipsindustrie e.V. Qualitätsstufe Q2 Standardverspachtelung,
Verarbeitung gemäß DIN 18181.</br>Ausführung gemäß Knauf Detailblatt W145.de.
System: Knauf Schallschutzwand DIVA W145.de"
W145-011.de,"Nichttragende innere Schallschutzwand DIVA DIN 4103-1 als Montagewand.</br>Rechenwert des bewerteten Schalldämm-Maßes Rw,R = 79 dB.</br>Bewertetes Schalldämm-Maß Rw = 81,9 dB</br>Wandhöhe: … m
(max. zul. Wandhöhe: 12,00 m)</br>Wanddicke: 475 mm</br>Umlaufende Anschlüsse starr,
vorhandener Befestigungsuntergrund Stahlbeton/ Mauerwerk ... / Leichtbeton *,
Ausführung mit Unterkonstruktion aus verzinkten Stahlblechprofilen DIN 18182-1,
Metallständer als Einfach-Profile Knauf MW 100, Achsabstand 625 mm, als Doppelständerwerk,
Ständer durch durchgehende Plattenstreifen zug- und druckfest verbunden.</br>Dämmschicht aus Mineralwolle nach DIN EN 13162, Dicke 2x 80 mm,
Brandverhalten nach DIN EN 13501-1: A1,
Wärmeleitfähigkeit λ ≤ 0,040 W/(mK),*
längenbezogener Strömungswiderstand nach DIN EN 29053: r ≥ 5 kPa·s/m²,
zweilagig, dicht stoßen, abrutschsicher verlegen,
Produkte: Knauf Insulation Trennwand-Dämmplatte TP 115
(Hergestellt mit Ecose® Technology, einem formaldehydfreien Bindemittel auf Basis vorwiegend natürlich-organischer Grundstoffe ohne Zusatz von künstlichen Farben oder Färbemitteln)
oder gleichwertig. *</br>Beplankung beidseitig, dreilagig aus Gipsplatten GKF DIN 18180 bzw. Typ DFR EN 520:
Knauf Silentboard, dreilagig, Plattendicke 3x 12,5 mm,
Verschraubung mit Diamant-Schraube XTN,
Verarbeitung gemäß DIN 18181.</br>Verspachtelung der Gipsplatten gemäß Merkblatt Nr. 2 des Bundesverbandes der Gipsindustrie e.V. Qualitätsstufe Q2 Standardverspachtelung,
Verarbeitung gemäß DIN 18181.</br>Ausführung gemäß Knauf Detailblatt W145.de.
System: Knauf Schallschutzwand DIVA W145.de"
W145-012.de,"Nichttragende innere Schallschutzwand DIVA DIN 4103-1 als Montagewand.</br>Rechenwert des bewerteten Schalldämm-Maßes Rw,R = 81 dB.</br>Bewertetes Schalldämm-Maß Rw = 83,2 dB</br>Wandhöhe: … m
(max. zul. Wandhöhe: 12,00 m)</br>Wanddicke: 500 mm</br>Umlaufende Anschlüsse starr,
vorhandener Befestigungsuntergrund Stahlbeton/ Mauerwerk ... / Leichtbeton *,
Ausführung mit Unterkonstruktion aus verzinkten Stahlblechprofilen DIN 18182-1,
Metallständer als Einfach-Profile Knauf MW 100, Achsabstand 625 mm, als Doppelständerwerk,
Ständer durch durchgehende Plattenstreifen zug- und druckfest verbunden.</br>Dämmschicht aus Mineralwolle nach DIN EN 13162, Dicke 2x 80 mm,
Brandverhalten nach DIN EN 13501-1: A1,
Wärmeleitfähigkeit λ ≤ 0,040 W/(mK),*
längenbezogener Strömungswiderstand nach DIN EN 29053: r ≥ 5 kPa·s/m²,
zweilagig, dicht stoßen, abrutschsicher verlegen,
Produkte: Knauf Insulation Trennwand-Dämmplatte TP 115
(Hergestellt mit Ecose® Technology, einem formaldehydfreien Bindemittel auf Basis vorwiegend natürlich-organischer Grundstoffe ohne Zusatz von künstlichen Farben oder Färbemitteln)
oder gleichwertig. *</br>Beplankung beidseitig, dreilagig aus Gipsplatten GKF DIN 18180:
1. (untere) Lage: Knauf Silentboard, Typ DFR EN 520, Plattendicke 12,5 mm,
2. (mittlere) Lage: Knauf Massivbauplatten, Typ DF EN 520, Plattendicke 25 mm,
3. (obere) Lage: Knauf Silentboard, Plattendicke 12,5 mm,
Verarbeitung gemäß DIN 18181.</br>Verspachtelung der Gipsplatten gemäß Merkblatt Nr. 2 des Bundesverbandes der Gipsindustrie e.V. Qualitätsstufe Q2 Standardverspachtelung,
Verarbeitung gemäß DIN 18181.</br>Ausführung gemäß Knauf Detailblatt W145.de.
System: Knauf Schallschutzwand DIVA W145.de"
W121-F30-01.de,"Nichttragende innere Trennwand DIN 4103-1 als Montagewand.</br>Brandschutztechnische Anforderungen an die Bekleidung,
Feuerwiderstandsklasse 30 Minuten nach DIN 4102-2.</br>Rechenwert des bewerteten Schalldämm-Maßes Rw,R = 37 dB.</br>Bewertetes Schalldämm-Maß Rw = 39,0 dB</br>Wandhöhe: … m
(max. zul. Wandhöhe: 3,10 m)</br>Wanddicke: 85 mm</br>Ausführung der Unterkonstruktion aus Holz DIN 4103-4,
Querschnitt in mm 60x60 mm, als Einfachständerwerk, Achsabstand 625 mm.</br>Dämmschicht aus Mineralwolle nach DIN EN 13162, Dicke 40 mm,
Mindestrohdichte 30 kg/m³, Brandverhalten nach DIN EN 13501-1: A1,
einlagig, dicht stoßen, abrutschsicher verlegen,
Schmelzpunkt DIN 4102-17 ≥ 1000 °C,
längenbezogener Strömungswiderstand nach DIN EN 29053: r ≥ 7 kPa·s/m², *
Wärmeleitfähigkeit λ ≤ 0,040 W/(mK),*
Produkt: Knauf Insulation Feuerschutz-Dämmplatte DPF-30 oder gleichwertig. *</br>Beplankung beidseitig aus Gipsplatten DIN 18180 bzw. Typ DF EN 520: Knauf GKF,
einlagig, Plattendicke 12,5 mm,
Verarbeitung gemäß DIN 18181.</br>Verspachtelung der Gipsplatten gemäß Merkblatt Nr. 2 des Bundesverbandes der Gipsindustrie e.V. Qualitätsstufe Q2 Standardverspachtelung,
Verarbeitung gemäß DIN 18181.</br>Ausführung gemäß Knauf Detailblatt W12.de.
System: Knauf Holzständerwand W121.de"
W121-F30-02.de,"Nichttragende innere Trennwand DIN 4103-1 als Montagewand.</br>Brandschutztechnische Anforderungen an die Bekleidung,
Feuerwiderstandsklasse 30 Minuten nach DIN 4102-2.</br>Rechenwert des bewerteten Schalldämm-Maßes Rw,R = 37 dB.</br>Bewertetes Schalldämm-Maß Rw = 39,0 dB</br>Wandhöhe: … m
(max. zul. Wandhöhe: 3,10 m)</br>Wanddicke: 85 mm</br>Ausführung der Unterkonstruktion aus Holz DIN 4103-4,
Querschnitt in mm 60x60 mm, als Einfachständerwerk, Achsabstand 625 mm.</br>Dämmschicht aus Mineralwolle nach DIN EN 13162, Dicke 40 mm,
Mindestrohdichte 30 kg/m³, Brandverhalten nach DIN EN 13501-1: A1,
einlagig, dicht stoßen, abrutschsicher verlegen,
Schmelzpunkt DIN 4102-17 ≥ 1000 °C,
längenbezogener Strömungswiderstand nach DIN EN 29053: r ≥ 7 kPa·s/m², *
Wärmeleitfähigkeit λ ≤ 0,040 W/(mK),*
Produkt: Knauf Insulation Feuerschutz-Dämmplatte DPF-30 oder gleichwertig. *</br>Beplankung beidseitig aus Gipsplatten DIN 18180 bzw. Typ DFH2 EN 520: Knauf GKFI,
einlagig, Plattendicke 12,5 mm,
Verarbeitung gemäß DIN 18181.</br>Verspachtelung der Gipsplatten gemäß Merkblatt Nr. 2 des Bundesverbandes der Gipsindustrie e.V. Qualitätsstufe Q2 Standardverspachtelung,
Verarbeitung gemäß DIN 18181.</br>Ausführung gemäß Knauf Detailblatt W12.de.
System: Knauf Holzständerwand W121.de"
W121-F30-03.de,"Nichttragende innere Trennwand DIN 4103-1 als Montagewand.</br>Brandschutztechnische Anforderungen an die Bekleidung,
Feuerwiderstandsklasse 30 Minuten nach DIN 4102-2.</br>Rechenwert des bewerteten Schalldämm-Maßes Rw,R = 39 dB.</br>Bewertetes Schalldämm-Maß Rw = 41,0 dB</br>Wandhöhe: … m
(max. zul. Wandhöhe: 3,10 m)</br>Wanddicke: 85 mm</br>Ausführung der Unterkonstruktion aus Holz DIN 4103-4,
Querschnitt in mm 60x60 mm, als Einfachständerwerk, Achsabstand 625 mm.</br>Dämmschicht aus Mineralwolle nach DIN EN 13162, Dicke 60 mm,
Mindestrohdichte 30 kg/m³, Brandverhalten nach DIN EN 13501-1: A1,
einlagig, dicht stoßen, abrutschsicher verlegen,
Schmelzpunkt DIN 4102-17 ≥ 1000 °C,
längenbezogener Strömungswiderstand nach DIN EN 29053: r ≥ 5 kPa·s/m², *
Wärmeleitfähigkeit λ ≤ 0,040 W/(mK),*
Produkt: Knauf Insulation Feuerschutz-Dämmplatte DPF-30 oder gleichwertig. *</br>Beplankung beidseitig aus Gipsplatten GKFI DIN 18180 bzw. Typ DFH2IR EN 520: Knauf Diamant,
einlagig, Plattendicke 12,5 mm,
Verschraubung mit Diamant-Schraube XTN,
Verarbeitung gemäß DIN 18181.</br>Verspachtelung der Gipsplatten gemäß Merkblatt Nr. 2 des Bundesverbandes der Gipsindustrie e.V. Qualitätsstufe Q2 Standardverspachtelung,
Verarbeitung gemäß DIN 18181.</br>Ausführung gemäß Knauf Detailblatt W12.de.
System: Knauf Holzständerwand W121.de"
W121-F30-04.de,"Nichttragende innere Trennwand DIN 4103-1 als Montagewand.</br>Brandschutztechnische Anforderungen an die Bekleidung,
Feuerwiderstandsklasse 30 Minuten nach DIN 4102-2.</br>Rechenwert des bewerteten Schalldämm-Maßes Rw,R ≥ 39 dB.</br>Bewertetes Schalldämm-Maß Rw = 40,0 dB</br>Wandhöhe: … m
(max. zul. Wandhöhe: 3,10 m)</br>Wanddicke: 90 mm</br>Ausführung der Unterkonstruktion aus Holz DIN 4103-4,
Querschnitt in mm 60x60 mm, als Einfachständerwerk, Achsabstand 625 mm.</br>Dämmschicht aus Mineralwolle nach DIN EN 13162, Dicke 60 mm,
Mindestrohdichte 30 kg/m³, Brandverhalten nach DIN EN 13501-1: A1,
einlagig, dicht stoßen, abrutschsicher verlegen,
Schmelzpunkt DIN 4102-17 ≥ 1000 °C,
längenbezogener Strömungswiderstand nach DIN EN 29053: r ≥ 5 kPa·s/m², *
Wärmeleitfähigkeit λ ≤ 0,040 W/(mK),*
Produkt: Knauf Insulation Feuerschutz-Dämmplatte DPF-30 oder gleichwertig. *</br>Beplankung beidseitig aus Gipsplatten GKFI DIN 18180 bzw. Typ DFH2IR EN 520: Knauf Diamant,
einlagig, Plattendicke 15 mm,
Verschraubung mit Diamant-Schraube XTN,
Verarbeitung gemäß DIN 18181.</br>Verspachtelung der Gipsplatten gemäß Merkblatt Nr. 2 des Bundesverbandes der Gipsindustrie e.V. Qualitätsstufe Q2 Standardverspachtelung,
Verarbeitung gemäß DIN 18181.</br>Ausführung gemäß Knauf Detailblatt W12.de.
System: Knauf Holzständerwand W121.de"
W121-F60-01.de,"Nichttragende innere Trennwand DIN 4103-1 als Montagewand.</br>Brandschutztechnische Anforderungen an die Bekleidung,
Feuerwiderstandsklasse 60 Minuten nach DIN 4102-2.</br>Rechenwert des bewerteten Schalldämm-Maßes Rw,R = 34 dB.*</br>Bewertetes Schalldämm-Maß Rw = 36,0 dB</br>Wandhöhe: … m
(max. zul. Wandhöhe: 3,10 m)</br>Wanddicke: 110 mm</br>Ausführung der Unterkonstruktion aus Holz DIN 4103-4,
Querschnitt in mm 60x60 mm, als Einfachständerwerk, Achsabstand 625 mm.</br>Dämmschicht aus Mineralwolle nach DIN EN 13162, Dicke 60 mm,
Mindestrohdichte 40 kg/m³, Brandverhalten nach DIN EN 13501-1: A1,
einlagig, dicht stoßen, abrutschsicher verlegen,
Schmelzpunkt DIN 4102-17 ≥ 1000 °C,
längenbezogener Strömungswiderstand nach DIN EN 29053: r ≥ 10 kPa·s/m², *
Wärmeleitfähigkeit λ ≤ 0,040 W/(mK),*
Produkt: Knauf Insulation Feuerschutz-Dämmplatte DPF-40 oder gleichwertig. *</br>Beplankung beidseitig aus Gipsplatten DIN 18180 bzw. Typ DF EN 520: Knauf GKF,
einlagig, Plattendicke 25 mm,
Verarbeitung gemäß DIN 18181.</br>Verspachtelung der Gipsplatten gemäß Merkblatt Nr. 2 des Bundesverbandes der Gipsindustrie e.V. Qualitätsstufe Q2 Standardverspachtelung,
Verarbeitung gemäß DIN 18181.</br>Ausführung gemäß Knauf Detailblatt W12.de.
System: Knauf Holzständerwand W121.de"
W121-F60-02.de,"Nichttragende innere Trennwand DIN 4103-1 als Montagewand.</br>Brandschutztechnische Anforderungen an die Bekleidung,
Feuerwiderstandsklasse 60 Minuten nach DIN 4102-2.</br>Rechenwert des bewerteten Schalldämm-Maßes Rw,R = 34 dB.*</br>Bewertetes Schalldämm-Maß Rw = 36,0 dB</br>Wandhöhe: … m
(max. zul. Wandhöhe: 3,10 m)</br>Wanddicke: 110 mm</br>Ausführung der Unterkonstruktion aus Holz DIN 4103-4,
Querschnitt in mm 60x60 mm, als Einfachständerwerk, Achsabstand 625 mm.</br>Dämmschicht aus Mineralwolle nach DIN EN 13162, Dicke 60 mm,
Mindestrohdichte 40 kg/m³, Brandverhalten nach DIN EN 13501-1: A1,
einlagig, dicht stoßen, abrutschsicher verlegen,
Schmelzpunkt DIN 4102-17 ≥ 1000 °C,
längenbezogener Strömungswiderstand nach DIN EN 29053: r ≥ 10 kPa·s/m², *
Wärmeleitfähigkeit λ ≤ 0,040 W/(mK),*
Produkt: Knauf Insulation Feuerschutz-Dämmplatte DPF-40 oder gleichwertig. *</br>Beplankung beidseitig aus Gipsplatten DIN 18180 bzw. Typ DFH2 EN 520: Knauf GKFI,
einlagig, Plattendicke 25 mm,
Verarbeitung gemäß DIN 18181.</br>Verspachtelung der Gipsplatten gemäß Merkblatt Nr. 2 des Bundesverbandes der Gipsindustrie e.V. Qualitätsstufe Q2 Standardverspachtelung,
Verarbeitung gemäß DIN 18181.</br>Ausführung gemäß Knauf Detailblatt W12.de.
System: Knauf Holzständerwand W121.de"
W121-F30-05.de,"Nichttragende innere Trennwand DIN 4103-1 als Montagewand.</br>Brandschutztechnische Anforderungen an die Bekleidung,
Feuerwiderstandsklasse 30 Minuten nach DIN 4102-2.</br>Rechenwert des bewerteten Schalldämm-Maßes Rw,R = 37 dB.</br>Bewertetes Schalldämm-Maß Rw = 39,0 dB</br>Wandhöhe: … m
(max. zul. Wandhöhe: 4,10 m)</br>Wanddicke: 105 mm</br>Ausführung der Unterkonstruktion aus Holz DIN 4103-4,
Querschnitt in mm 60x80 mm, als Einfachständerwerk, Achsabstand 625 mm.</br>Dämmschicht aus Mineralwolle nach DIN EN 13162, Dicke 40 mm,
Mindestrohdichte 30 kg/m³, Brandverhalten nach DIN EN 13501-1: A1,
einlagig, dicht stoßen, abrutschsicher verlegen,
Schmelzpunkt DIN 4102-17 ≥ 1000 °C,
längenbezogener Strömungswiderstand nach DIN EN 29053: r ≥ 7 kPa·s/m², *
Wärmeleitfähigkeit λ ≤ 0,040 W/(mK),*
Produkt: Knauf Insulation Feuerschutz-Dämmplatte DPF-30 oder gleichwertig. *</br>Beplankung beidseitig aus Gipsplatten DIN 18180 bzw. Typ DF EN 520: Knauf GKF,
einlagig, Plattendicke 12,5 mm,
Verarbeitung gemäß DIN 18181.</br>Verspachtelung der Gipsplatten gemäß Merkblatt Nr. 2 des Bundesverbandes der Gipsindustrie e.V. Qualitätsstufe Q2 Standardverspachtelung,
Verarbeitung gemäß DIN 18181.</br>Ausführung gemäß Knauf Detailblatt W12.de.
System: Knauf Holzständerwand W121.de"
W121-F30-06.de,"Nichttragende innere Trennwand DIN 4103-1 als Montagewand.</br>Brandschutztechnische Anforderungen an die Bekleidung,
Feuerwiderstandsklasse 30 Minuten nach DIN 4102-2.</br>Rechenwert des bewerteten Schalldämm-Maßes Rw,R = 37 dB.</br>Bewertetes Schalldämm-Maß Rw = 39,0 dB</br>Wandhöhe: … m
(max. zul. Wandhöhe: 4,10 m)</br>Wanddicke: 105 mm</br>Ausführung der Unterkonstruktion aus Holz DIN 4103-4,
Querschnitt in mm 60x80 mm, als Einfachständerwerk, Achsabstand 625 mm.</br>Dämmschicht aus Mineralwolle nach DIN EN 13162, Dicke 40 mm,
Mindestrohdichte 30 kg/m³, Brandverhalten nach DIN EN 13501-1: A1,
einlagig, dicht stoßen, abrutschsicher verlegen,
Schmelzpunkt DIN 4102-17 ≥ 1000 °C,
längenbezogener Strömungswiderstand nach DIN EN 29053: r ≥ 7 kPa·s/m², *
Wärmeleitfähigkeit λ ≤ 0,040 W/(mK),*
Produkt: Knauf Insulation Feuerschutz-Dämmplatte DPF-30 oder gleichwertig. *</br>Beplankung beidseitig aus Gipsplatten DIN 18180 bzw. Typ DFH2 EN 520: Knauf GKFI,
einlagig, Plattendicke 12,5 mm,
Verarbeitung gemäß DIN 18181.</br>Verspachtelung der Gipsplatten gemäß Merkblatt Nr. 2 des Bundesverbandes der Gipsindustrie e.V. Qualitätsstufe Q2 Standardverspachtelung,
Verarbeitung gemäß DIN 18181.</br>Ausführung gemäß Knauf Detailblatt W12.de.
System: Knauf Holzständerwand W121.de"
W121-F30-07.de,"Nichttragende innere Trennwand DIN 4103-1 als Montagewand.</br>Brandschutztechnische Anforderungen an die Bekleidung,
Feuerwiderstandsklasse 30 Minuten nach DIN 4102-2.</br>Rechenwert des bewerteten Schalldämm-Maßes Rw,R = 39 dB.</br>Bewertetes Schalldämm-Maß Rw = 41,0 dB</br>Wandhöhe: … m
(max. zul. Wandhöhe: 4,10 m)</br>Wanddicke: 105 mm</br>Ausführung der Unterkonstruktion aus Holz DIN 4103-4,
Querschnitt in mm 60x80 mm, als Einfachständerwerk, Achsabstand 625 mm.</br>Dämmschicht aus Mineralwolle nach DIN EN 13162, Dicke 60 mm,
Mindestrohdichte 30 kg/m³, Brandverhalten nach DIN EN 13501-1: A1,
einlagig, dicht stoßen, abrutschsicher verlegen,
Schmelzpunkt DIN 4102-17 ≥ 1000 °C,
längenbezogener Strömungswiderstand nach DIN EN 29053: r ≥ 5 kPa·s/m², *
Wärmeleitfähigkeit λ ≤ 0,040 W/(mK),*
Produkt: Knauf Insulation Feuerschutz-Dämmplatte DPF-30 oder gleichwertig. *</br>Beplankung beidseitig aus Gipsplatten GKFI DIN 18180 bzw. Typ DFH2IR EN 520: Knauf Diamant,
einlagig, Plattendicke 12,5 mm,
Verschraubung mit Diamant-Schraube XTN,
Verarbeitung gemäß DIN 18181.</br>Verspachtelung der Gipsplatten gemäß Merkblatt Nr. 2 des Bundesverbandes der Gipsindustrie e.V. Qualitätsstufe Q2 Standardverspachtelung,
Verarbeitung gemäß DIN 18181.</br>Ausführung gemäß Knauf Detailblatt W12.de.
System: Knauf Holzständerwand W121.de"
W121-F30-08.de,"Nichttragende innere Trennwand DIN 4103-1 als Montagewand.</br>Brandschutztechnische Anforderungen an die Bekleidung,
Feuerwiderstandsklasse 30 Minuten nach DIN 4102-2.</br>Rechenwert des bewerteten Schalldämm-Maßes Rw,R = 38 dB.</br>Bewertetes Schalldämm-Maß Rw = 40,0 dB</br>Wanddicke: 110 mm</br>Ausführung der Unterkonstruktion aus Holz DIN 4103-4,
Querschnitt in mm 60x80 mm, als Einfachständerwerk, Achsabstand 625 mm.</br>Dämmschicht aus Mineralwolle nach DIN EN 13162, Dicke 60 mm,
Mindestrohdichte 30 kg/m³, Brandverhalten nach DIN EN 13501-1: A1,
einlagig, dicht stoßen, abrutschsicher verlegen,
Schmelzpunkt DIN 4102-17 ≥ 1000 °C,
längenbezogener Strömungswiderstand nach DIN EN 29053: r ≥ 5 kPa·s/m², *
Wärmeleitfähigkeit λ ≤ 0,040 W/(mK),*
Produkt: Knauf Insulation Feuerschutz-Dämmplatte DPF-30 oder gleichwertig. *</br>Beplankung beidseitig aus Gipsplatten GKFI DIN 18180 bzw. Typ DFH2IR EN 520: Knauf Diamant,
einlagig, Plattendicke 15 mm,
Verschraubung mit Diamant-Schraube XTN,
Verarbeitung gemäß DIN 18181.</br>Verspachtelung der Gipsplatten gemäß Merkblatt Nr. 2 des Bundesverbandes der Gipsindustrie e.V. Qualitätsstufe Q2 Standardverspachtelung,
Verarbeitung gemäß DIN 18181.</br>Ausführung gemäß Knauf Detailblatt W12.de.
System: Knauf Holzständerwand W121.de"
W121-F60-03.de,"Nichttragende innere Trennwand DIN 4103-1 als Montagewand.</br>Brandschutztechnische Anforderungen an die Bekleidung,
Feuerwiderstandsklasse 60 Minuten nach DIN 4102-2.</br>Rechenwert des bewerteten Schalldämm-Maßes Rw,R = 34 dB.*</br>Bewertetes Schalldämm-Maß Rw = 36,0 dB</br>Wandhöhe: … m
(max. zul. Wandhöhe: 4,10 m)</br>Wanddicke: 130 mm</br>Ausführung der Unterkonstruktion aus Holz DIN 4103-4,
Querschnitt in mm 60x80 mm, als Einfachständerwerk, Achsabstand 625 mm.</br>Dämmschicht aus Mineralwolle nach DIN EN 13162, Dicke 60 mm,
Mindestrohdichte 40 kg/m³, Brandverhalten nach DIN EN 13501-1: A1,
einlagig, dicht stoßen, abrutschsicher verlegen,
Schmelzpunkt DIN 4102-17 ≥ 1000 °C,
längenbezogener Strömungswiderstand nach DIN EN 29053: r ≥ 10 kPa·s/m², *
Wärmeleitfähigkeit λ ≤ 0,040 W/(mK),*
Produkt: Knauf Insulation Feuerschutz-Dämmplatte DPF-40 oder gleichwertig. *</br>Beplankung beidseitig aus Gipsplatten DIN 18180 bzw. Typ DF EN 520: Knauf GKF,
einlagig, Plattendicke 25 mm,
Verarbeitung gemäß DIN 18181.</br>Verspachtelung der Gipsplatten gemäß Merkblatt Nr. 2 des Bundesverbandes der Gipsindustrie e.V. Qualitätsstufe Q2 Standardverspachtelung,
Verarbeitung gemäß DIN 18181.</br>Ausführung gemäß Knauf Detailblatt W12.de.
System: Knauf Holzständerwand W121.de"
W121-F60-04.de,"Nichttragende innere Trennwand DIN 4103-1 als Montagewand.</br>Brandschutztechnische Anforderungen an die Bekleidung,
Feuerwiderstandsklasse 60 Minuten nach DIN 4102-2.</br>Rechenwert des bewerteten Schalldämm-Maßes Rw,R = 34 dB.*</br>Bewertetes Schalldämm-Maß Rw = 36,0 dB</br>Wandhöhe: … m
(max. zul. Wandhöhe: 4,10 m)</br>Wanddicke: 130 mm</br>Ausführung der Unterkonstruktion aus Holz DIN 4103-4,
Querschnitt in mm 60x80 mm, als Einfachständerwerk, Achsabstand 625 mm.</br>Dämmschicht aus Mineralwolle nach DIN EN 13162, Dicke 60 mm,
Mindestrohdichte 40 kg/m³, Brandverhalten nach DIN EN 13501-1: A1,
einlagig, dicht stoßen, abrutschsicher verlegen,
Schmelzpunkt DIN 4102-17 ≥ 1000 °C,
längenbezogener Strömungswiderstand nach DIN EN 29053: r ≥ 10 kPa·s/m², *
Wärmeleitfähigkeit λ ≤ 0,040 W/(mK),*
Produkt: Knauf Insulation Feuerschutz-Dämmplatte DPF-40 oder gleichwertig. *</br>Beplankung beidseitig aus Gipsplatten DIN 18180 bzw. Typ DFH2 EN 520: Knauf GKFI,
einlagig, Plattendicke 25 mm,
Verarbeitung gemäß DIN 18181.</br>Verspachtelung der Gipsplatten gemäß Merkblatt Nr. 2 des Bundesverbandes der Gipsindustrie e.V. Qualitätsstufe Q2 Standardverspachtelung,
Verarbeitung gemäß DIN 18181.</br>Ausführung gemäß Knauf Detailblatt W12.de.
System: Knauf Holzständerwand W121.de"
W122-F30-01.de,"Nichttragende innere Trennwand DIN 4103-1 als Montagewand.</br>Brandschutztechnische Anforderungen an die Bekleidung,
Feuerwiderstandsklasse 30 Minuten nach DIN 4102-2.</br>Rechenwert des bewerteten Schalldämm-Maßes Rw,R = 41 dB.</br>Wandhöhe: … m
(max. zul. Wandhöhe: 3,10 m)</br>Wanddicke: 110 mm</br>Ausführung der Unterkonstruktion aus Holz DIN 4103-4,
Querschnitt in mm 60x60 mm, als Einfachständerwerk, Achsabstand 625 mm.</br>Dämmschicht aus Mineralwolle nach DIN EN 13162, Dicke 40 mm,
Mindestrohdichte 30 kg/m³, Brandverhalten nach DIN EN 13501-1: A1,
einlagig, dicht stoßen, abrutschsicher verlegen,
Schmelzpunkt DIN 4102-17 ≥ 1000 °C,
längenbezogener Strömungswiderstand nach DIN EN 29053: r ≥ 7 kPa·s/m², *
Wärmeleitfähigkeit λ ≤ 0,040 W/(mK),*
Produkt: Knauf Insulation Feuerschutz-Dämmplatte DPF-30 oder gleichwertig. *</br>Beplankung beidseitig aus Gipsplatten DIN 18180 bzw. Typ A EN 520: Knauf GKB,
zweilagig, Plattendicke 2x 12,5 mm,
Verarbeitung gemäß DIN 18181.</br>Verspachtelung der Gipsplatten gemäß Merkblatt Nr. 2 des Bundesverbandes der Gipsindustrie e.V. Qualitätsstufe Q2 Standardverspachtelung,
Verarbeitung gemäß DIN 18181.</br>Ausführung gemäß Knauf Detailblatt W12.de.
System: Knauf Holzständerwand W122.de"
W122-F30-02.de,"Nichttragende innere Trennwand DIN 4103-1 als Montagewand.</br>Brandschutztechnische Anforderungen an die Bekleidung,
Feuerwiderstandsklasse 30 Minuten nach DIN 4102-2.</br>Rechenwert des bewerteten Schalldämm-Maßes Rw,R = 41 dB.</br>Wandhöhe: … m
(max. zul. Wandhöhe: 3,10 m)</br>Wanddicke: 110 mm</br>Ausführung der Unterkonstruktion aus Holz DIN 4103-4,
Querschnitt in mm 60x60 mm, als Einfachständerwerk, Achsabstand 625 mm.</br>Dämmschicht aus Mineralwolle nach DIN EN 13162, Dicke 40 mm,
Mindestrohdichte 30 kg/m³, Brandverhalten nach DIN EN 13501-1: A1,
einlagig, dicht stoßen, abrutschsicher verlegen,
Schmelzpunkt DIN 4102-17 ≥ 1000 °C,
längenbezogener Strömungswiderstand nach DIN EN 29053: r ≥ 7 kPa·s/m², *
Wärmeleitfähigkeit λ ≤ 0,040 W/(mK),*
Produkt: Knauf Insulation Feuerschutz-Dämmplatte DPF-30 oder gleichwertig. *</br>Beplankung beidseitig aus Gipsplatten DIN 18180 bzw. Typ H2 EN 520: Knauf GKBI,
zweilagig, Plattendicke 2x 12,5 mm,
Verarbeitung gemäß DIN 18181.</br>Verspachtelung der Gipsplatten gemäß Merkblatt Nr. 2 des Bundesverbandes der Gipsindustrie e.V. Qualitätsstufe Q2 Standardverspachtelung,
Verarbeitung gemäß DIN 18181.</br>Ausführung gemäß Knauf Detailblatt W12.de.
System: Knauf Holzständerwand W122.de"
W122-F60-01.de,"Nichttragende innere Trennwand DIN 4103-1 als Montagewand.</br>Brandschutztechnische Anforderungen an die Bekleidung,
Feuerwiderstandsklasse 60 Minuten nach DIN 4102-2.</br>Rechenwert des bewerteten Schalldämm-Maßes Rw,R ≥ 41 dB.</br>Wandhöhe: … m
(max. zul. Wandhöhe: 3,10 m)</br>Wanddicke: 110 mm</br>Ausführung der Unterkonstruktion aus Holz DIN 4103-4,
Querschnitt in mm 60x60 mm, als Einfachständerwerk, Achsabstand 625 mm.</br>Dämmschicht aus Mineralwolle nach DIN EN 13162, Dicke 40 mm,
Mindestrohdichte 40 kg/m³, Brandverhalten nach DIN EN 13501-1: A1,
einlagig, dicht stoßen, abrutschsicher verlegen,
Schmelzpunkt DIN 4102-17 ≥ 1000 °C,
längenbezogener Strömungswiderstand nach DIN EN 29053: r ≥ 10 kPa·s/m², *
Produkt: Knauf Insulation Feuerschutz-Dämmplatte DPF-40 oder gleichwertig. *</br>Beplankung beidseitig aus Gipsplatten DIN 18180 bzw. Typ DF EN 520: Knauf GKF,
zweilagig, Plattendicke 2x 12,5 mm,
Verarbeitung gemäß DIN 18181.</br>Verspachtelung der Gipsplatten gemäß Merkblatt Nr. 2 des Bundesverbandes der Gipsindustrie e.V. Qualitätsstufe Q2 Standardverspachtelung,
Verarbeitung gemäß DIN 18181.</br>Ausführung gemäß Knauf Detailblatt W12.de.
System: Knauf Holzständerwand W122.de"
W122-F60-02.de,"Nichttragende innere Trennwand DIN 4103-1 als Montagewand.</br>Brandschutztechnische Anforderungen an die Bekleidung,
Feuerwiderstandsklasse 60 Minuten nach DIN 4102-2.</br>Rechenwert des bewerteten Schalldämm-Maßes Rw,R = 41 dB.</br>Wandhöhe: … m
(max. zul. Wandhöhe: 3,10 m)</br>Wanddicke: 110 mm</br>Ausführung der Unterkonstruktion aus Holz DIN 4103-4,
Querschnitt in mm 60x60 mm, als Einfachständerwerk, Achsabstand 625 mm.</br>Dämmschicht aus Mineralwolle nach DIN EN 13162, Dicke 40 mm,
Mindestrohdichte 40 kg/m³, Brandverhalten nach DIN EN 13501-1: A1,
einlagig, dicht stoßen, abrutschsicher verlegen,
Schmelzpunkt DIN 4102-17 ≥ 1000 °C,
längenbezogener Strömungswiderstand nach DIN EN 29053: r ≥ 10 kPa·s/m², *
Produkt: Knauf Insulation Feuerschutz-Dämmplatte DPF-40 oder gleichwertig. *</br>Beplankung beidseitig aus Gipsplatten DIN 18180 bzw. Typ DFH2 EN 520: Knauf GKFI,
zweilagig, Plattendicke 2x 12,5 mm,
Verarbeitung gemäß DIN 18181.</br>Verspachtelung der Gipsplatten gemäß Merkblatt Nr. 2 des Bundesverbandes der Gipsindustrie e.V. Qualitätsstufe Q2 Standardverspachtelung,
Verarbeitung gemäß DIN 18181.</br>Ausführung gemäß Knauf Detailblatt W12.de.
System: Knauf Holzständerwand W122.de"
W122-F60-03.de,"Nichttragende innere Trennwand DIN 4103-1 als Montagewand.</br>Brandschutztechnische Anforderungen an die Bekleidung,
Feuerwiderstandsklasse 60 Minuten nach DIN 4102-2.</br>Rechenwert des bewerteten Schalldämm-Maßes Rw,R = 47 dB.</br>Wandhöhe: … m
(max. zul. Wandhöhe: 3,10 m)</br>Wanddicke: 110 mm</br>Ausführung der Unterkonstruktion aus Holz DIN 4103-4,
Querschnitt in mm 60x60 mm, als Einfachständerwerk, Achsabstand 625 mm.</br>Dämmschicht aus Mineralwolle nach DIN EN 13162, Dicke 60 mm,
Mindestrohdichte 40 kg/m³, Brandverhalten nach DIN EN 13501-1: A1,
einlagig, dicht stoßen, abrutschsicher verlegen,
Schmelzpunkt DIN 4102-17 ≥ 1000 °C,
längenbezogener Strömungswiderstand nach DIN EN 29053: r ≥ 10 kPa·s/m², *
Wärmeleitfähigkeit λ ≤ 0,040 W/(mK),*
Produkt: Knauf Insulation Feuerschutz-Dämmplatte DPF-40 oder gleichwertig. *</br>Beplankung beidseitig aus Gipsplatten DIN 18180 bzw. Typ DFH2IR EN 520: Knauf Diamant,
zweilagig, Plattendicke 2x 12,5 mm,
Verschraubung mit Diamant-Schraube XTN,
Verarbeitung gemäß DIN 18181.
zweite Beplankungslage geklammert.</br>Verspachtelung der Gipsplatten gemäß Merkblatt Nr. 2 des Bundesverbandes der Gipsindustrie e.V. Qualitätsstufe Q2 Standardverspachtelung,
Verarbeitung gemäß DIN 18181.</br>Ausführung gemäß Knauf Detailblatt W12.de.
System: Knauf Holzständerwand W122.de"
W122-F30-03.de,"Nichttragende innere Trennwand DIN 4103-1 als Montagewand.</br>Brandschutztechnische Anforderungen an die Bekleidung,
Feuerwiderstandsklasse 30 Minuten nach DIN 4102-2.</br>Rechenwert des bewerteten Schalldämm-Maßes Rw,R = 41 dB.</br>Wandhöhe: … m
(max. zul. Wandhöhe: 4,10 m)</br>Wanddicke: 130 mm</br>Ausführung der Unterkonstruktion aus Holz DIN 4103-4,
Querschnitt in mm 60x80 mm, als Einfachständerwerk, Achsabstand 625 mm.</br>Dämmschicht aus Mineralwolle nach DIN EN 13162, Dicke 40 mm,
Mindestrohdichte 30 kg/m³, Brandverhalten nach DIN EN 13501-1: A1,
einlagig, dicht stoßen, abrutschsicher verlegen,
Schmelzpunkt DIN 4102-17 ≥ 1000 °C,
längenbezogener Strömungswiderstand nach DIN EN 29053: r ≥ 7 kPa·s/m², *
Wärmeleitfähigkeit λ ≤ 0,040 W/(mK),*
Produkt: Knauf Insulation Feuerschutz-Dämmplatte DPF-30 oder gleichwertig. *</br>Beplankung beidseitig aus Gipsplatten DIN 18180 bzw. Typ A EN 520: Knauf GKB,
zweilagig, Plattendicke 2x 12,5 mm,
Verarbeitung gemäß DIN 18181.</br>Verspachtelung der Gipsplatten gemäß Merkblatt Nr. 2 des Bundesverbandes der Gipsindustrie e.V. Qualitätsstufe Q2 Standardverspachtelung,
Verarbeitung gemäß DIN 18181.</br>Ausführung gemäß Knauf Detailblatt W12.de.
System: Knauf Holzständerwand W122.de"
W122-F30-04.de,"Nichttragende innere Trennwand DIN 4103-1 als Montagewand.</br>Brandschutztechnische Anforderungen an die Bekleidung,
Feuerwiderstandsklasse 30 Minuten nach DIN 4102-2.</br>Rechenwert des bewerteten Schalldämm-Maßes Rw,R = 41 dB.</br>Wandhöhe: … m
(max. zul. Wandhöhe: 4,10 m)</br>Wanddicke: 130 mm</br>Ausführung der Unterkonstruktion aus Holz DIN 4103-4,
Querschnitt in mm 60x80 mm, als Einfachständerwerk, Achsabstand 625 mm.</br>Dämmschicht aus Mineralwolle nach DIN EN 13162, Dicke 40 mm,
Mindestrohdichte 30 kg/m³, Brandverhalten nach DIN EN 13501-1: A1,
einlagig, dicht stoßen, abrutschsicher verlegen,
Schmelzpunkt DIN 4102-17 ≥ 1000 °C,
längenbezogener Strömungswiderstand nach DIN EN 29053: r ≥ 7 kPa·s/m², *
Wärmeleitfähigkeit λ ≤ 0,040 W/(mK),*
Produkt: Knauf Insulation Feuerschutz-Dämmplatte DPF-30 oder gleichwertig. *</br>Beplankung beidseitig aus Gipsplatten DIN 18180 bzw. Typ H2 EN 520: Knauf GKBI,
zweilagig, Plattendicke 2x 12,5 mm,
Verarbeitung gemäß DIN 18181.</br>Verspachtelung der Gipsplatten gemäß Merkblatt Nr. 2 des Bundesverbandes der Gipsindustrie e.V. Qualitätsstufe Q2 Standardverspachtelung,
Verarbeitung gemäß DIN 18181.</br>Ausführung gemäß Knauf Detailblatt W12.de.
System: Knauf Holzständerwand W122.de"
W122-F60-04.de,"Nichttragende innere Trennwand DIN 4103-1 als Montagewand.</br>Brandschutztechnische Anforderungen an die Bekleidung,
Feuerwiderstandsklasse 60 Minuten nach DIN 4102-2.</br>Rechenwert des bewerteten Schalldämm-Maßes Rw,R = 41 dB.</br>Wandhöhe: … m
(max. zul. Wandhöhe: 4,10 m)</br>Wanddicke: 130 mm</br>Ausführung der Unterkonstruktion aus Holz DIN 4103-4,
Querschnitt in mm 60x80 mm, als Einfachständerwerk, Achsabstand 625 mm.</br>Dämmschicht aus Mineralwolle nach DIN EN 13162, Dicke 40 mm,
Mindestrohdichte 40 kg/m³, Brandverhalten nach DIN EN 13501-1: A1,
einlagig, dicht stoßen, abrutschsicher verlegen,
Schmelzpunkt DIN 4102-17 ≥ 1000 °C,
längenbezogener Strömungswiderstand nach DIN EN 29053: r ≥ 10 kPa·s/m², *
Produkt: Knauf Insulation Feuerschutz-Dämmplatte DPF-40 oder gleichwertig. *</br>Beplankung beidseitig aus Gipsplatten DIN 18180 bzw. Typ DF EN 520: Knauf GKF,
zweilagig, Plattendicke 2x 12,5 mm,
Verarbeitung gemäß DIN 18181.</br>Verspachtelung der Gipsplatten gemäß Merkblatt Nr. 2 des Bundesverbandes der Gipsindustrie e.V. Qualitätsstufe Q2 Standardverspachtelung,
Verarbeitung gemäß DIN 18181.</br>Ausführung gemäß Knauf Detailblatt W12.de.
System: Knauf Holzständerwand W122.de"